case,seed,dispatch,task_id,cumulative_share
case3,1,100,1,0.230000
case3,1,100,2,0.230000
case3,1,100,3,0.210000
case3,1,100,4,0.170000
case3,1,100,5,0.160000
case3,1,200,1,0.240000
case3,1,200,2,0.225000
case3,1,200,3,0.195000
case3,1,200,4,0.185000
case3,1,200,5,0.155000
case3,1,300,1,0.243333
case3,1,300,2,0.200000
case3,1,300,3,0.206667
case3,1,300,4,0.186667
case3,1,300,5,0.163333
case3,1,400,1,0.230000
case3,1,400,2,0.207500
case3,1,400,3,0.220000
case3,1,400,4,0.170000
case3,1,400,5,0.172500
case3,1,500,1,0.218000
case3,1,500,2,0.214000
case3,1,500,3,0.216000
case3,1,500,4,0.164000
case3,1,500,5,0.188000
case3,1,600,1,0.213333
case3,1,600,2,0.210000
case3,1,600,3,0.206667
case3,1,600,4,0.181667
case3,1,600,5,0.188333
case3,1,700,1,0.207143
case3,1,700,2,0.205714
case3,1,700,3,0.205714
case3,1,700,4,0.192857
case3,1,700,5,0.188571
case3,1,800,1,0.201250
case3,1,800,2,0.206250
case3,1,800,3,0.207500
case3,1,800,4,0.200000
case3,1,800,5,0.185000
case3,1,900,1,0.208889
case3,1,900,2,0.201111
case3,1,900,3,0.205556
case3,1,900,4,0.195556
case3,1,900,5,0.188889
case3,1,1000,1,0.209000
case3,1,1000,2,0.203000
case3,1,1000,3,0.207000
case3,1,1000,4,0.189000
case3,1,1000,5,0.192000
case3,1,1100,1,0.205455
case3,1,1100,2,0.206364
case3,1,1100,3,0.205455
case3,1,1100,4,0.193636
case3,1,1100,5,0.189091
case3,1,1200,1,0.201667
case3,1,1200,2,0.201667
case3,1,1200,3,0.207500
case3,1,1200,4,0.196667
case3,1,1200,5,0.192500
case3,1,1300,1,0.203077
case3,1,1300,2,0.200769
case3,1,1300,3,0.206154
case3,1,1300,4,0.192308
case3,1,1300,5,0.197692
case3,1,1400,1,0.201429
case3,1,1400,2,0.199286
case3,1,1400,3,0.202857
case3,1,1400,4,0.192143
case3,1,1400,5,0.204286
case3,1,1500,1,0.201333
case3,1,1500,2,0.193333
case3,1,1500,3,0.208000
case3,1,1500,4,0.192667
case3,1,1500,5,0.204667
case3,1,1600,1,0.200000
case3,1,1600,2,0.193125
case3,1,1600,3,0.204375
case3,1,1600,4,0.195000
case3,1,1600,5,0.207500
case3,1,1700,1,0.204118
case3,1,1700,2,0.193529
case3,1,1700,3,0.202353
case3,1,1700,4,0.192941
case3,1,1700,5,0.207059
case3,1,1800,1,0.202778
case3,1,1800,2,0.193333
case3,1,1800,3,0.198889
case3,1,1800,4,0.196667
case3,1,1800,5,0.208333
case3,1,1900,1,0.202632
case3,1,1900,2,0.191053
case3,1,1900,3,0.197895
case3,1,1900,4,0.198947
case3,1,1900,5,0.209474
case3,1,2000,1,0.201500
case3,1,2000,2,0.192500
case3,1,2000,3,0.196500
case3,1,2000,4,0.197500
case3,1,2000,5,0.212000
case3,1,2100,1,0.199524
case3,1,2100,2,0.194762
case3,1,2100,3,0.200952
case3,1,2100,4,0.195714
case3,1,2100,5,0.209048
case3,1,2200,1,0.197273
case3,1,2200,2,0.196818
case3,1,2200,3,0.201364
case3,1,2200,4,0.196818
case3,1,2200,5,0.207727
case3,1,2300,1,0.198696
case3,1,2300,2,0.193478
case3,1,2300,3,0.200000
case3,1,2300,4,0.197826
case3,1,2300,5,0.210000
case3,1,2400,1,0.197083
case3,1,2400,2,0.193333
case3,1,2400,3,0.198750
case3,1,2400,4,0.200417
case3,1,2400,5,0.210417
case3,1,2500,1,0.196000
case3,1,2500,2,0.193200
case3,1,2500,3,0.198400
case3,1,2500,4,0.199600
case3,1,2500,5,0.212800
case3,1,2600,1,0.196538
case3,1,2600,2,0.193846
case3,1,2600,3,0.197692
case3,1,2600,4,0.202692
case3,1,2600,5,0.209231
case3,1,2700,1,0.195185
case3,1,2700,2,0.193333
case3,1,2700,3,0.197037
case3,1,2700,4,0.205185
case3,1,2700,5,0.209259
case3,1,2800,1,0.194643
case3,1,2800,2,0.196071
case3,1,2800,3,0.197857
case3,1,2800,4,0.204643
case3,1,2800,5,0.206786
case3,1,2900,1,0.192414
case3,1,2900,2,0.197586
case3,1,2900,3,0.200000
case3,1,2900,4,0.203793
case3,1,2900,5,0.206207
case3,1,3000,1,0.192333
case3,1,3000,2,0.195333
case3,1,3000,3,0.201333
case3,1,3000,4,0.204667
case3,1,3000,5,0.206333
case3,1,3100,1,0.193548
case3,1,3100,2,0.192258
case3,1,3100,3,0.202581
case3,1,3100,4,0.205484
case3,1,3100,5,0.206129
case3,1,3200,1,0.195625
case3,1,3200,2,0.193125
case3,1,3200,3,0.201563
case3,1,3200,4,0.204687
case3,1,3200,5,0.205000
case3,1,3300,1,0.195758
case3,1,3300,2,0.193636
case3,1,3300,3,0.200909
case3,1,3300,4,0.204242
case3,1,3300,5,0.205455
case3,1,3400,1,0.195588
case3,1,3400,2,0.192941
case3,1,3400,3,0.201765
case3,1,3400,4,0.205000
case3,1,3400,5,0.204706
case3,1,3500,1,0.195143
case3,1,3500,2,0.194571
case3,1,3500,3,0.200286
case3,1,3500,4,0.204857
case3,1,3500,5,0.205143
case3,1,3600,1,0.194444
case3,1,3600,2,0.196111
case3,1,3600,3,0.198889
case3,1,3600,4,0.204444
case3,1,3600,5,0.206111
case3,1,3700,1,0.193514
case3,1,3700,2,0.196216
case3,1,3700,3,0.201351
case3,1,3700,4,0.205135
case3,1,3700,5,0.203784
case3,1,3800,1,0.192632
case3,1,3800,2,0.196053
case3,1,3800,3,0.201053
case3,1,3800,4,0.206053
case3,1,3800,5,0.204211
case3,1,3900,1,0.192821
case3,1,3900,2,0.197949
case3,1,3900,3,0.199231
case3,1,3900,4,0.205385
case3,1,3900,5,0.204615
case3,1,4000,1,0.194500
case3,1,4000,2,0.197750
case3,1,4000,3,0.199500
case3,1,4000,4,0.205500
case3,1,4000,5,0.202750
case3,1,4100,1,0.195122
case3,1,4100,2,0.197073
case3,1,4100,3,0.198049
case3,1,4100,4,0.206098
case3,1,4100,5,0.203659
case3,1,4200,1,0.195238
case3,1,4200,2,0.198333
case3,1,4200,3,0.197857
case3,1,4200,4,0.206429
case3,1,4200,5,0.202143
case3,1,4300,1,0.196512
case3,1,4300,2,0.199070
case3,1,4300,3,0.199767
case3,1,4300,4,0.203953
case3,1,4300,5,0.200698
case3,1,4400,1,0.194318
case3,1,4400,2,0.200227
case3,1,4400,3,0.199545
case3,1,4400,4,0.205909
case3,1,4400,5,0.200000
case3,1,4500,1,0.194444
case3,1,4500,2,0.200222
case3,1,4500,3,0.200222
case3,1,4500,4,0.206444
case3,1,4500,5,0.198667
case3,1,4600,1,0.196522
case3,1,4600,2,0.200217
case3,1,4600,3,0.199130
case3,1,4600,4,0.206739
case3,1,4600,5,0.197391
case3,1,4700,1,0.196809
case3,1,4700,2,0.199787
case3,1,4700,3,0.200000
case3,1,4700,4,0.206383
case3,1,4700,5,0.197021
case3,1,4800,1,0.195000
case3,1,4800,2,0.198750
case3,1,4800,3,0.201250
case3,1,4800,4,0.207083
case3,1,4800,5,0.197917
case3,1,4900,1,0.193673
case3,1,4900,2,0.199184
case3,1,4900,3,0.201837
case3,1,4900,4,0.207347
case3,1,4900,5,0.197959
case3,1,5000,1,0.193600
case3,1,5000,2,0.199400
case3,1,5000,3,0.201200
case3,1,5000,4,0.207000
case3,1,5000,5,0.198800
case3,1,5100,1,0.194314
case3,1,5100,2,0.200000
case3,1,5100,3,0.202157
case3,1,5100,4,0.205490
case3,1,5100,5,0.198039
case3,1,5200,1,0.194038
case3,1,5200,2,0.198846
case3,1,5200,3,0.204038
case3,1,5200,4,0.205577
case3,1,5200,5,0.197500
case3,1,5300,1,0.195660
case3,1,5300,2,0.198868
case3,1,5300,3,0.203962
case3,1,5300,4,0.204340
case3,1,5300,5,0.197170
case3,1,5400,1,0.195741
case3,1,5400,2,0.199074
case3,1,5400,3,0.205000
case3,1,5400,4,0.203333
case3,1,5400,5,0.196852
case3,1,5500,1,0.195091
case3,1,5500,2,0.199273
case3,1,5500,3,0.204909
case3,1,5500,4,0.203273
case3,1,5500,5,0.197455
case3,1,5600,1,0.195179
case3,1,5600,2,0.198750
case3,1,5600,3,0.205536
case3,1,5600,4,0.203214
case3,1,5600,5,0.197321
case3,1,5700,1,0.196316
case3,1,5700,2,0.199474
case3,1,5700,3,0.205088
case3,1,5700,4,0.202632
case3,1,5700,5,0.196491
case3,1,5800,1,0.197241
case3,1,5800,2,0.199138
case3,1,5800,3,0.204138
case3,1,5800,4,0.203448
case3,1,5800,5,0.196034
case3,1,5900,1,0.196102
case3,1,5900,2,0.199831
case3,1,5900,3,0.203559
case3,1,5900,4,0.203559
case3,1,5900,5,0.196949
case3,1,6000,1,0.195500
case3,1,6000,2,0.201000
case3,1,6000,3,0.203500
case3,1,6000,4,0.204000
case3,1,6000,5,0.196000
case3,1,6100,1,0.195738
case3,1,6100,2,0.200492
case3,1,6100,3,0.203770
case3,1,6100,4,0.203770
case3,1,6100,5,0.196230
case3,1,6200,1,0.195806
case3,1,6200,2,0.200806
case3,1,6200,3,0.204032
case3,1,6200,4,0.203387
case3,1,6200,5,0.195968
case3,1,6300,1,0.196508
case3,1,6300,2,0.199841
case3,1,6300,3,0.203333
case3,1,6300,4,0.203492
case3,1,6300,5,0.196825
case3,1,6400,1,0.196250
case3,1,6400,2,0.199531
case3,1,6400,3,0.202813
case3,1,6400,4,0.203906
case3,1,6400,5,0.197500
case3,1,6500,1,0.197077
case3,1,6500,2,0.200154
case3,1,6500,3,0.202308
case3,1,6500,4,0.203385
case3,1,6500,5,0.197077
case3,1,6600,1,0.196515
case3,1,6600,2,0.200303
case3,1,6600,3,0.202879
case3,1,6600,4,0.203182
case3,1,6600,5,0.197121
case3,1,6700,1,0.195672
case3,1,6700,2,0.201642
case3,1,6700,3,0.203582
case3,1,6700,4,0.202388
case3,1,6700,5,0.196716
case3,1,6800,1,0.196029
case3,1,6800,2,0.201324
case3,1,6800,3,0.203529
case3,1,6800,4,0.201176
case3,1,6800,5,0.197941
case3,1,6900,1,0.195507
case3,1,6900,2,0.201304
case3,1,6900,3,0.203478
case3,1,6900,4,0.202319
case3,1,6900,5,0.197391
case3,1,7000,1,0.197429
case3,1,7000,2,0.200714
case3,1,7000,3,0.203286
case3,1,7000,4,0.201000
case3,1,7000,5,0.197571
case3,1,7100,1,0.197887
case3,1,7100,2,0.200563
case3,1,7100,3,0.203521
case3,1,7100,4,0.200845
case3,1,7100,5,0.197183
case3,1,7200,1,0.198194
case3,1,7200,2,0.199861
case3,1,7200,3,0.203750
case3,1,7200,4,0.200556
case3,1,7200,5,0.197639
case3,1,7300,1,0.198493
case3,1,7300,2,0.199315
case3,1,7300,3,0.203836
case3,1,7300,4,0.200822
case3,1,7300,5,0.197534
case3,1,7400,1,0.198514
case3,1,7400,2,0.199865
case3,1,7400,3,0.203919
case3,1,7400,4,0.201216
case3,1,7400,5,0.196486
case3,1,7500,1,0.198667
case3,1,7500,2,0.200400
case3,1,7500,3,0.203067
case3,1,7500,4,0.201733
case3,1,7500,5,0.196133
case3,1,7600,1,0.199079
case3,1,7600,2,0.200789
case3,1,7600,3,0.202237
case3,1,7600,4,0.201711
case3,1,7600,5,0.196184
case3,1,7700,1,0.197922
case3,1,7700,2,0.201169
case3,1,7700,3,0.201818
case3,1,7700,4,0.203247
case3,1,7700,5,0.195844
case3,1,7800,1,0.198077
case3,1,7800,2,0.201795
case3,1,7800,3,0.201282
case3,1,7800,4,0.202949
case3,1,7800,5,0.195897
case3,1,7900,1,0.199114
case3,1,7900,2,0.202025
case3,1,7900,3,0.201772
case3,1,7900,4,0.201646
case3,1,7900,5,0.195443
case3,1,8000,1,0.199500
case3,1,8000,2,0.202125
case3,1,8000,3,0.200750
case3,1,8000,4,0.201250
case3,1,8000,5,0.196375
case3,1,8100,1,0.199877
case3,1,8100,2,0.201111
case3,1,8100,3,0.201605
case3,1,8100,4,0.200617
case3,1,8100,5,0.196790
case3,1,8200,1,0.199756
case3,1,8200,2,0.201341
case3,1,8200,3,0.201220
case3,1,8200,4,0.200854
case3,1,8200,5,0.196829
case3,1,8300,1,0.200120
case3,1,8300,2,0.200964
case3,1,8300,3,0.200843
case3,1,8300,4,0.201084
case3,1,8300,5,0.196988
case3,1,8400,1,0.200476
case3,1,8400,2,0.200238
case3,1,8400,3,0.201071
case3,1,8400,4,0.201190
case3,1,8400,5,0.197024
case3,1,8500,1,0.200941
case3,1,8500,2,0.200471
case3,1,8500,3,0.201059
case3,1,8500,4,0.201294
case3,1,8500,5,0.196235
case3,1,8600,1,0.200581
case3,1,8600,2,0.200581
case3,1,8600,3,0.200814
case3,1,8600,4,0.201977
case3,1,8600,5,0.196047
case3,1,8700,1,0.200690
case3,1,8700,2,0.200920
case3,1,8700,3,0.201379
case3,1,8700,4,0.200690
case3,1,8700,5,0.196322
case3,1,8800,1,0.200795
case3,1,8800,2,0.200455
case3,1,8800,3,0.201477
case3,1,8800,4,0.200568
case3,1,8800,5,0.196705
case3,1,8900,1,0.200337
case3,1,8900,2,0.200449
case3,1,8900,3,0.202584
case3,1,8900,4,0.200337
case3,1,8900,5,0.196292
case3,1,9000,1,0.200222
case3,1,9000,2,0.200444
case3,1,9000,3,0.201556
case3,1,9000,4,0.201000
case3,1,9000,5,0.196778
case3,1,9100,1,0.199560
case3,1,9100,2,0.199890
case3,1,9100,3,0.202308
case3,1,9100,4,0.201978
case3,1,9100,5,0.196264
case3,1,9200,1,0.199022
case3,1,9200,2,0.199239
case3,1,9200,3,0.202609
case3,1,9200,4,0.202935
case3,1,9200,5,0.196196
case3,1,9300,1,0.198710
case3,1,9300,2,0.199140
case3,1,9300,3,0.202903
case3,1,9300,4,0.202796
case3,1,9300,5,0.196452
case3,1,9400,1,0.198617
case3,1,9400,2,0.199149
case3,1,9400,3,0.202979
case3,1,9400,4,0.202766
case3,1,9400,5,0.196489
case3,1,9500,1,0.198316
case3,1,9500,2,0.199474
case3,1,9500,3,0.203368
case3,1,9500,4,0.202316
case3,1,9500,5,0.196526
case3,1,9600,1,0.197917
case3,1,9600,2,0.199479
case3,1,9600,3,0.203437
case3,1,9600,4,0.202708
case3,1,9600,5,0.196458
case3,1,9700,1,0.197629
case3,1,9700,2,0.199278
case3,1,9700,3,0.203505
case3,1,9700,4,0.202577
case3,1,9700,5,0.197010
case3,1,9800,1,0.197857
case3,1,9800,2,0.199592
case3,1,9800,3,0.203163
case3,1,9800,4,0.202143
case3,1,9800,5,0.197245
case3,1,9900,1,0.197172
case3,1,9900,2,0.199596
case3,1,9900,3,0.203434
case3,1,9900,4,0.202121
case3,1,9900,5,0.197677
case3,1,10000,1,0.196800
case3,1,10000,2,0.199400
case3,1,10000,3,0.203100
case3,1,10000,4,0.202300
case3,1,10000,5,0.198400
case3,2,100,1,0.260000
case3,2,100,2,0.180000
case3,2,100,3,0.160000
case3,2,100,4,0.230000
case3,2,100,5,0.170000
case3,2,200,1,0.245000
case3,2,200,2,0.190000
case3,2,200,3,0.175000
case3,2,200,4,0.200000
case3,2,200,5,0.190000
case3,2,300,1,0.230000
case3,2,300,2,0.193333
case3,2,300,3,0.190000
case3,2,300,4,0.180000
case3,2,300,5,0.206667
case3,2,400,1,0.220000
case3,2,400,2,0.197500
case3,2,400,3,0.175000
case3,2,400,4,0.195000
case3,2,400,5,0.212500
case3,2,500,1,0.226000
case3,2,500,2,0.206000
case3,2,500,3,0.172000
case3,2,500,4,0.178000
case3,2,500,5,0.218000
case3,2,600,1,0.220000
case3,2,600,2,0.205000
case3,2,600,3,0.178333
case3,2,600,4,0.176667
case3,2,600,5,0.220000
case3,2,700,1,0.220000
case3,2,700,2,0.205714
case3,2,700,3,0.184286
case3,2,700,4,0.167143
case3,2,700,5,0.222857
case3,2,800,1,0.220000
case3,2,800,2,0.198750
case3,2,800,3,0.187500
case3,2,800,4,0.175000
case3,2,800,5,0.218750
case3,2,900,1,0.220000
case3,2,900,2,0.197778
case3,2,900,3,0.183333
case3,2,900,4,0.185556
case3,2,900,5,0.213333
case3,2,1000,1,0.215000
case3,2,1000,2,0.195000
case3,2,1000,3,0.181000
case3,2,1000,4,0.186000
case3,2,1000,5,0.223000
case3,2,1100,1,0.213636
case3,2,1100,2,0.191818
case3,2,1100,3,0.190000
case3,2,1100,4,0.182727
case3,2,1100,5,0.221818
case3,2,1200,1,0.214167
case3,2,1200,2,0.190000
case3,2,1200,3,0.183333
case3,2,1200,4,0.191667
case3,2,1200,5,0.220833
case3,2,1300,1,0.216923
case3,2,1300,2,0.190769
case3,2,1300,3,0.181538
case3,2,1300,4,0.190000
case3,2,1300,5,0.220769
case3,2,1400,1,0.220714
case3,2,1400,2,0.192143
case3,2,1400,3,0.179286
case3,2,1400,4,0.185714
case3,2,1400,5,0.222143
case3,2,1500,1,0.216000
case3,2,1500,2,0.192667
case3,2,1500,3,0.180000
case3,2,1500,4,0.190000
case3,2,1500,5,0.221333
case3,2,1600,1,0.214375
case3,2,1600,2,0.196875
case3,2,1600,3,0.183125
case3,2,1600,4,0.185000
case3,2,1600,5,0.220625
case3,2,1700,1,0.215882
case3,2,1700,2,0.194706
case3,2,1700,3,0.184706
case3,2,1700,4,0.185882
case3,2,1700,5,0.218824
case3,2,1800,1,0.213333
case3,2,1800,2,0.193333
case3,2,1800,3,0.184444
case3,2,1800,4,0.191111
case3,2,1800,5,0.217778
case3,2,1900,1,0.209474
case3,2,1900,2,0.190000
case3,2,1900,3,0.185263
case3,2,1900,4,0.194737
case3,2,1900,5,0.220526
case3,2,2000,1,0.209000
case3,2,2000,2,0.190500
case3,2,2000,3,0.182500
case3,2,2000,4,0.194500
case3,2,2000,5,0.223500
case3,2,2100,1,0.208571
case3,2,2100,2,0.190000
case3,2,2100,3,0.181429
case3,2,2100,4,0.193333
case3,2,2100,5,0.226667
case3,2,2200,1,0.206818
case3,2,2200,2,0.191364
case3,2,2200,3,0.185000
case3,2,2200,4,0.191364
case3,2,2200,5,0.225455
case3,2,2300,1,0.205652
case3,2,2300,2,0.193478
case3,2,2300,3,0.186087
case3,2,2300,4,0.192609
case3,2,2300,5,0.222174
case3,2,2400,1,0.207083
case3,2,2400,2,0.193333
case3,2,2400,3,0.184167
case3,2,2400,4,0.191667
case3,2,2400,5,0.223750
case3,2,2500,1,0.206800
case3,2,2500,2,0.194000
case3,2,2500,3,0.184400
case3,2,2500,4,0.193200
case3,2,2500,5,0.221600
case3,2,2600,1,0.206154
case3,2,2600,2,0.195000
case3,2,2600,3,0.184231
case3,2,2600,4,0.195769
case3,2,2600,5,0.218846
case3,2,2700,1,0.208519
case3,2,2700,2,0.195926
case3,2,2700,3,0.182222
case3,2,2700,4,0.196296
case3,2,2700,5,0.217037
case3,2,2800,1,0.208929
case3,2,2800,2,0.197143
case3,2,2800,3,0.182143
case3,2,2800,4,0.195714
case3,2,2800,5,0.216071
case3,2,2900,1,0.208621
case3,2,2900,2,0.197241
case3,2,2900,3,0.180345
case3,2,2900,4,0.198621
case3,2,2900,5,0.215172
case3,2,3000,1,0.205333
case3,2,3000,2,0.199000
case3,2,3000,3,0.179667
case3,2,3000,4,0.200000
case3,2,3000,5,0.216000
case3,2,3100,1,0.204516
case3,2,3100,2,0.201290
case3,2,3100,3,0.180323
case3,2,3100,4,0.200645
case3,2,3100,5,0.213226
case3,2,3200,1,0.201563
case3,2,3200,2,0.202187
case3,2,3200,3,0.181250
case3,2,3200,4,0.201563
case3,2,3200,5,0.213438
case3,2,3300,1,0.200909
case3,2,3300,2,0.201212
case3,2,3300,3,0.182121
case3,2,3300,4,0.202121
case3,2,3300,5,0.213636
case3,2,3400,1,0.200588
case3,2,3400,2,0.201176
case3,2,3400,3,0.184412
case3,2,3400,4,0.200294
case3,2,3400,5,0.213529
case3,2,3500,1,0.200000
case3,2,3500,2,0.201429
case3,2,3500,3,0.184571
case3,2,3500,4,0.200000
case3,2,3500,5,0.214000
case3,2,3600,1,0.198889
case3,2,3600,2,0.202778
case3,2,3600,3,0.183056
case3,2,3600,4,0.200556
case3,2,3600,5,0.214722
case3,2,3700,1,0.198649
case3,2,3700,2,0.203243
case3,2,3700,3,0.184054
case3,2,3700,4,0.199189
case3,2,3700,5,0.214865
case3,2,3800,1,0.199474
case3,2,3800,2,0.203158
case3,2,3800,3,0.184474
case3,2,3800,4,0.200000
case3,2,3800,5,0.212895
case3,2,3900,1,0.200769
case3,2,3900,2,0.202821
case3,2,3900,3,0.184359
case3,2,3900,4,0.199487
case3,2,3900,5,0.212564
case3,2,4000,1,0.200000
case3,2,4000,2,0.201000
case3,2,4000,3,0.187000
case3,2,4000,4,0.198500
case3,2,4000,5,0.213500
case3,2,4100,1,0.201707
case3,2,4100,2,0.199268
case3,2,4100,3,0.188537
case3,2,4100,4,0.198537
case3,2,4100,5,0.211951
case3,2,4200,1,0.201667
case3,2,4200,2,0.199286
case3,2,4200,3,0.189524
case3,2,4200,4,0.197619
case3,2,4200,5,0.211905
case3,2,4300,1,0.200698
case3,2,4300,2,0.198605
case3,2,4300,3,0.190465
case3,2,4300,4,0.198372
case3,2,4300,5,0.211860
case3,2,4400,1,0.202273
case3,2,4400,2,0.198636
case3,2,4400,3,0.191591
case3,2,4400,4,0.197273
case3,2,4400,5,0.210227
case3,2,4500,1,0.201333
case3,2,4500,2,0.199111
case3,2,4500,3,0.192222
case3,2,4500,4,0.198000
case3,2,4500,5,0.209333
case3,2,4600,1,0.201304
case3,2,4600,2,0.199783
case3,2,4600,3,0.190870
case3,2,4600,4,0.198696
case3,2,4600,5,0.209348
case3,2,4700,1,0.200426
case3,2,4700,2,0.199149
case3,2,4700,3,0.190426
case3,2,4700,4,0.199362
case3,2,4700,5,0.210638
case3,2,4800,1,0.201250
case3,2,4800,2,0.197708
case3,2,4800,3,0.190000
case3,2,4800,4,0.199167
case3,2,4800,5,0.211875
case3,2,4900,1,0.201020
case3,2,4900,2,0.196939
case3,2,4900,3,0.190612
case3,2,4900,4,0.200408
case3,2,4900,5,0.211020
case3,2,5000,1,0.201400
case3,2,5000,2,0.198600
case3,2,5000,3,0.189600
case3,2,5000,4,0.198200
case3,2,5000,5,0.212200
case3,2,5100,1,0.202941
case3,2,5100,2,0.198824
case3,2,5100,3,0.189804
case3,2,5100,4,0.197059
case3,2,5100,5,0.211373
case3,2,5200,1,0.201538
case3,2,5200,2,0.199038
case3,2,5200,3,0.189808
case3,2,5200,4,0.197692
case3,2,5200,5,0.211923
case3,2,5300,1,0.202075
case3,2,5300,2,0.198491
case3,2,5300,3,0.190189
case3,2,5300,4,0.197358
case3,2,5300,5,0.211887
case3,2,5400,1,0.202037
case3,2,5400,2,0.198704
case3,2,5400,3,0.190370
case3,2,5400,4,0.197963
case3,2,5400,5,0.210926
case3,2,5500,1,0.202182
case3,2,5500,2,0.198545
case3,2,5500,3,0.190727
case3,2,5500,4,0.197818
case3,2,5500,5,0.210727
case3,2,5600,1,0.201607
case3,2,5600,2,0.198393
case3,2,5600,3,0.191429
case3,2,5600,4,0.197679
case3,2,5600,5,0.210893
case3,2,5700,1,0.201228
case3,2,5700,2,0.198246
case3,2,5700,3,0.192982
case3,2,5700,4,0.197018
case3,2,5700,5,0.210526
case3,2,5800,1,0.200517
case3,2,5800,2,0.197759
case3,2,5800,3,0.192586
case3,2,5800,4,0.198966
case3,2,5800,5,0.210172
case3,2,5900,1,0.200508
case3,2,5900,2,0.197966
case3,2,5900,3,0.193898
case3,2,5900,4,0.197966
case3,2,5900,5,0.209661
case3,2,6000,1,0.200833
case3,2,6000,2,0.197833
case3,2,6000,3,0.194500
case3,2,6000,4,0.198167
case3,2,6000,5,0.208667
case3,2,6100,1,0.200492
case3,2,6100,2,0.198525
case3,2,6100,3,0.193934
case3,2,6100,4,0.198689
case3,2,6100,5,0.208361
case3,2,6200,1,0.200000
case3,2,6200,2,0.198710
case3,2,6200,3,0.194516
case3,2,6200,4,0.198871
case3,2,6200,5,0.207903
case3,2,6300,1,0.199206
case3,2,6300,2,0.198571
case3,2,6300,3,0.195079
case3,2,6300,4,0.198413
case3,2,6300,5,0.208730
case3,2,6400,1,0.199219
case3,2,6400,2,0.198594
case3,2,6400,3,0.195625
case3,2,6400,4,0.197969
case3,2,6400,5,0.208594
case3,2,6500,1,0.198308
case3,2,6500,2,0.199231
case3,2,6500,3,0.195692
case3,2,6500,4,0.198154
case3,2,6500,5,0.208615
case3,2,6600,1,0.199545
case3,2,6600,2,0.199545
case3,2,6600,3,0.195606
case3,2,6600,4,0.198333
case3,2,6600,5,0.206970
case3,2,6700,1,0.199851
case3,2,6700,2,0.200149
case3,2,6700,3,0.195522
case3,2,6700,4,0.198060
case3,2,6700,5,0.206418
case3,2,6800,1,0.200147
case3,2,6800,2,0.200588
case3,2,6800,3,0.195147
case3,2,6800,4,0.197794
case3,2,6800,5,0.206324
case3,2,6900,1,0.199420
case3,2,6900,2,0.200290
case3,2,6900,3,0.194928
case3,2,6900,4,0.197681
case3,2,6900,5,0.207681
case3,2,7000,1,0.199857
case3,2,7000,2,0.199429
case3,2,7000,3,0.195000
case3,2,7000,4,0.198143
case3,2,7000,5,0.207571
case3,2,7100,1,0.199014
case3,2,7100,2,0.201690
case3,2,7100,3,0.194789
case3,2,7100,4,0.197465
case3,2,7100,5,0.207042
case3,2,7200,1,0.199583
case3,2,7200,2,0.201250
case3,2,7200,3,0.194722
case3,2,7200,4,0.198056
case3,2,7200,5,0.206389
case3,2,7300,1,0.199726
case3,2,7300,2,0.201370
case3,2,7300,3,0.195205
case3,2,7300,4,0.197808
case3,2,7300,5,0.205890
case3,2,7400,1,0.199459
case3,2,7400,2,0.201622
case3,2,7400,3,0.196081
case3,2,7400,4,0.197568
case3,2,7400,5,0.205270
case3,2,7500,1,0.200133
case3,2,7500,2,0.200800
case3,2,7500,3,0.196133
case3,2,7500,4,0.197600
case3,2,7500,5,0.205333
case3,2,7600,1,0.200132
case3,2,7600,2,0.200789
case3,2,7600,3,0.196711
case3,2,7600,4,0.197895
case3,2,7600,5,0.204474
case3,2,7700,1,0.200779
case3,2,7700,2,0.201429
case3,2,7700,3,0.196494
case3,2,7700,4,0.196494
case3,2,7700,5,0.204805
case3,2,7800,1,0.198974
case3,2,7800,2,0.201795
case3,2,7800,3,0.197436
case3,2,7800,4,0.196538
case3,2,7800,5,0.205256
case3,2,7900,1,0.199241
case3,2,7900,2,0.202911
case3,2,7900,3,0.197215
case3,2,7900,4,0.195570
case3,2,7900,5,0.205063
case3,2,8000,1,0.199375
case3,2,8000,2,0.203375
case3,2,8000,3,0.197625
case3,2,8000,4,0.195500
case3,2,8000,5,0.204125
case3,2,8100,1,0.198148
case3,2,8100,2,0.203580
case3,2,8100,3,0.197778
case3,2,8100,4,0.196173
case3,2,8100,5,0.204321
case3,2,8200,1,0.197927
case3,2,8200,2,0.203780
case3,2,8200,3,0.198537
case3,2,8200,4,0.195732
case3,2,8200,5,0.204024
case3,2,8300,1,0.198072
case3,2,8300,2,0.204337
case3,2,8300,3,0.197831
case3,2,8300,4,0.196145
case3,2,8300,5,0.203614
case3,2,8400,1,0.198333
case3,2,8400,2,0.204524
case3,2,8400,3,0.198214
case3,2,8400,4,0.195595
case3,2,8400,5,0.203333
case3,2,8500,1,0.199059
case3,2,8500,2,0.204471
case3,2,8500,3,0.197765
case3,2,8500,4,0.195647
case3,2,8500,5,0.203059
case3,2,8600,1,0.199535
case3,2,8600,2,0.204070
case3,2,8600,3,0.197209
case3,2,8600,4,0.196047
case3,2,8600,5,0.203140
case3,2,8700,1,0.199080
case3,2,8700,2,0.204368
case3,2,8700,3,0.197586
case3,2,8700,4,0.195517
case3,2,8700,5,0.203448
case3,2,8800,1,0.199205
case3,2,8800,2,0.204659
case3,2,8800,3,0.196932
case3,2,8800,4,0.195795
case3,2,8800,5,0.203409
case3,2,8900,1,0.199326
case3,2,8900,2,0.205618
case3,2,8900,3,0.196292
case3,2,8900,4,0.195506
case3,2,8900,5,0.203258
case3,2,9000,1,0.199222
case3,2,9000,2,0.205778
case3,2,9000,3,0.196222
case3,2,9000,4,0.195556
case3,2,9000,5,0.203222
case3,2,9100,1,0.199560
case3,2,9100,2,0.205495
case3,2,9100,3,0.196484
case3,2,9100,4,0.194396
case3,2,9100,5,0.204066
case3,2,9200,1,0.199457
case3,2,9200,2,0.205217
case3,2,9200,3,0.196522
case3,2,9200,4,0.195435
case3,2,9200,5,0.203370
case3,2,9300,1,0.199032
case3,2,9300,2,0.205806
case3,2,9300,3,0.196344
case3,2,9300,4,0.195914
case3,2,9300,5,0.202903
case3,2,9400,1,0.199043
case3,2,9400,2,0.206277
case3,2,9400,3,0.196170
case3,2,9400,4,0.195532
case3,2,9400,5,0.202979
case3,2,9500,1,0.198842
case3,2,9500,2,0.206211
case3,2,9500,3,0.196105
case3,2,9500,4,0.196211
case3,2,9500,5,0.202632
case3,2,9600,1,0.199479
case3,2,9600,2,0.206354
case3,2,9600,3,0.195937
case3,2,9600,4,0.196146
case3,2,9600,5,0.202083
case3,2,9700,1,0.198969
case3,2,9700,2,0.205979
case3,2,9700,3,0.196701
case3,2,9700,4,0.196598
case3,2,9700,5,0.201753
case3,2,9800,1,0.198061
case3,2,9800,2,0.205816
case3,2,9800,3,0.197245
case3,2,9800,4,0.196837
case3,2,9800,5,0.202041
case3,2,9900,1,0.197980
case3,2,9900,2,0.205657
case3,2,9900,3,0.197374
case3,2,9900,4,0.196768
case3,2,9900,5,0.202222
case3,2,10000,1,0.197800
case3,2,10000,2,0.206100
case3,2,10000,3,0.197200
case3,2,10000,4,0.196800
case3,2,10000,5,0.202100
case3,3,100,1,0.160000
case3,3,100,2,0.200000
case3,3,100,3,0.250000
case3,3,100,4,0.140000
case3,3,100,5,0.250000
case3,3,200,1,0.165000
case3,3,200,2,0.175000
case3,3,200,3,0.235000
case3,3,200,4,0.185000
case3,3,200,5,0.240000
case3,3,300,1,0.206667
case3,3,300,2,0.170000
case3,3,300,3,0.220000
case3,3,300,4,0.176667
case3,3,300,5,0.226667
case3,3,400,1,0.192500
case3,3,400,2,0.177500
case3,3,400,3,0.217500
case3,3,400,4,0.187500
case3,3,400,5,0.225000
case3,3,500,1,0.198000
case3,3,500,2,0.174000
case3,3,500,3,0.220000
case3,3,500,4,0.196000
case3,3,500,5,0.212000
case3,3,600,1,0.196667
case3,3,600,2,0.170000
case3,3,600,3,0.218333
case3,3,600,4,0.188333
case3,3,600,5,0.226667
case3,3,700,1,0.202857
case3,3,700,2,0.171429
case3,3,700,3,0.214286
case3,3,700,4,0.190000
case3,3,700,5,0.221429
case3,3,800,1,0.198750
case3,3,800,2,0.173750
case3,3,800,3,0.210000
case3,3,800,4,0.196250
case3,3,800,5,0.221250
case3,3,900,1,0.203333
case3,3,900,2,0.172222
case3,3,900,3,0.205556
case3,3,900,4,0.202222
case3,3,900,5,0.216667
case3,3,1000,1,0.215000
case3,3,1000,2,0.174000
case3,3,1000,3,0.203000
case3,3,1000,4,0.200000
case3,3,1000,5,0.208000
case3,3,1100,1,0.214545
case3,3,1100,2,0.182727
case3,3,1100,3,0.204545
case3,3,1100,4,0.190000
case3,3,1100,5,0.208182
case3,3,1200,1,0.218333
case3,3,1200,2,0.183333
case3,3,1200,3,0.203333
case3,3,1200,4,0.194167
case3,3,1200,5,0.200833
case3,3,1300,1,0.221538
case3,3,1300,2,0.176923
case3,3,1300,3,0.202308
case3,3,1300,4,0.200769
case3,3,1300,5,0.198462
case3,3,1400,1,0.215000
case3,3,1400,2,0.181429
case3,3,1400,3,0.201429
case3,3,1400,4,0.202143
case3,3,1400,5,0.200000
case3,3,1500,1,0.212667
case3,3,1500,2,0.186000
case3,3,1500,3,0.202000
case3,3,1500,4,0.204000
case3,3,1500,5,0.195333
case3,3,1600,1,0.212500
case3,3,1600,2,0.185625
case3,3,1600,3,0.200625
case3,3,1600,4,0.206875
case3,3,1600,5,0.194375
case3,3,1700,1,0.212941
case3,3,1700,2,0.189412
case3,3,1700,3,0.194706
case3,3,1700,4,0.208824
case3,3,1700,5,0.194118
case3,3,1800,1,0.212222
case3,3,1800,2,0.191111
case3,3,1800,3,0.196667
case3,3,1800,4,0.206667
case3,3,1800,5,0.193333
case3,3,1900,1,0.211579
case3,3,1900,2,0.192632
case3,3,1900,3,0.198947
case3,3,1900,4,0.207895
case3,3,1900,5,0.188947
case3,3,2000,1,0.211000
case3,3,2000,2,0.192500
case3,3,2000,3,0.201500
case3,3,2000,4,0.206000
case3,3,2000,5,0.189000
case3,3,2100,1,0.214762
case3,3,2100,2,0.190952
case3,3,2100,3,0.201905
case3,3,2100,4,0.201905
case3,3,2100,5,0.190476
case3,3,2200,1,0.213636
case3,3,2200,2,0.193182
case3,3,2200,3,0.199545
case3,3,2200,4,0.202273
case3,3,2200,5,0.191364
case3,3,2300,1,0.210870
case3,3,2300,2,0.196087
case3,3,2300,3,0.200435
case3,3,2300,4,0.202174
case3,3,2300,5,0.190435
case3,3,2400,1,0.207500
case3,3,2400,2,0.196250
case3,3,2400,3,0.201250
case3,3,2400,4,0.202917
case3,3,2400,5,0.192083
case3,3,2500,1,0.206000
case3,3,2500,2,0.194800
case3,3,2500,3,0.204800
case3,3,2500,4,0.203200
case3,3,2500,5,0.191200
case3,3,2600,1,0.206154
case3,3,2600,2,0.195385
case3,3,2600,3,0.204615
case3,3,2600,4,0.200000
case3,3,2600,5,0.193846
case3,3,2700,1,0.207407
case3,3,2700,2,0.194815
case3,3,2700,3,0.202593
case3,3,2700,4,0.202222
case3,3,2700,5,0.192963
case3,3,2800,1,0.205714
case3,3,2800,2,0.196071
case3,3,2800,3,0.203214
case3,3,2800,4,0.202143
case3,3,2800,5,0.192857
case3,3,2900,1,0.206207
case3,3,2900,2,0.195862
case3,3,2900,3,0.203448
case3,3,2900,4,0.204138
case3,3,2900,5,0.190345
case3,3,3000,1,0.207667
case3,3,3000,2,0.197000
case3,3,3000,3,0.205667
case3,3,3000,4,0.201000
case3,3,3000,5,0.188667
case3,3,3100,1,0.208387
case3,3,3100,2,0.199032
case3,3,3100,3,0.205484
case3,3,3100,4,0.199355
case3,3,3100,5,0.187742
case3,3,3200,1,0.206563
case3,3,3200,2,0.199375
case3,3,3200,3,0.204687
case3,3,3200,4,0.199375
case3,3,3200,5,0.190000
case3,3,3300,1,0.205455
case3,3,3300,2,0.200000
case3,3,3300,3,0.206061
case3,3,3300,4,0.200909
case3,3,3300,5,0.187576
case3,3,3400,1,0.204412
case3,3,3400,2,0.200294
case3,3,3400,3,0.205588
case3,3,3400,4,0.200882
case3,3,3400,5,0.188824
case3,3,3500,1,0.204000
case3,3,3500,2,0.198857
case3,3,3500,3,0.205429
case3,3,3500,4,0.200571
case3,3,3500,5,0.191143
case3,3,3600,1,0.203889
case3,3,3600,2,0.199444
case3,3,3600,3,0.206111
case3,3,3600,4,0.199722
case3,3,3600,5,0.190833
case3,3,3700,1,0.203784
case3,3,3700,2,0.197297
case3,3,3700,3,0.204595
case3,3,3700,4,0.200811
case3,3,3700,5,0.193514
case3,3,3800,1,0.205000
case3,3,3800,2,0.195789
case3,3,3800,3,0.205263
case3,3,3800,4,0.198947
case3,3,3800,5,0.195000
case3,3,3900,1,0.205128
case3,3,3900,2,0.197179
case3,3,3900,3,0.203333
case3,3,3900,4,0.199487
case3,3,3900,5,0.194872
case3,3,4000,1,0.205250
case3,3,4000,2,0.197000
case3,3,4000,3,0.203000
case3,3,4000,4,0.199750
case3,3,4000,5,0.195000
case3,3,4100,1,0.204878
case3,3,4100,2,0.197317
case3,3,4100,3,0.202927
case3,3,4100,4,0.200244
case3,3,4100,5,0.194634
case3,3,4200,1,0.204048
case3,3,4200,2,0.197143
case3,3,4200,3,0.203810
case3,3,4200,4,0.201429
case3,3,4200,5,0.193571
case3,3,4300,1,0.202326
case3,3,4300,2,0.196977
case3,3,4300,3,0.204186
case3,3,4300,4,0.200698
case3,3,4300,5,0.195814
case3,3,4400,1,0.200909
case3,3,4400,2,0.196136
case3,3,4400,3,0.204545
case3,3,4400,4,0.200455
case3,3,4400,5,0.197955
case3,3,4500,1,0.200444
case3,3,4500,2,0.196444
case3,3,4500,3,0.203778
case3,3,4500,4,0.201111
case3,3,4500,5,0.198222
case3,3,4600,1,0.200870
case3,3,4600,2,0.197391
case3,3,4600,3,0.202609
case3,3,4600,4,0.200870
case3,3,4600,5,0.198261
case3,3,4700,1,0.201489
case3,3,4700,2,0.196596
case3,3,4700,3,0.203191
case3,3,4700,4,0.201489
case3,3,4700,5,0.197234
case3,3,4800,1,0.201875
case3,3,4800,2,0.196667
case3,3,4800,3,0.203750
case3,3,4800,4,0.200625
case3,3,4800,5,0.197083
case3,3,4900,1,0.201429
case3,3,4900,2,0.197959
case3,3,4900,3,0.202653
case3,3,4900,4,0.201020
case3,3,4900,5,0.196939
case3,3,5000,1,0.201600
case3,3,5000,2,0.197400
case3,3,5000,3,0.203600
case3,3,5000,4,0.200200
case3,3,5000,5,0.197200
case3,3,5100,1,0.200980
case3,3,5100,2,0.197843
case3,3,5100,3,0.203725
case3,3,5100,4,0.200196
case3,3,5100,5,0.197255
case3,3,5200,1,0.201154
case3,3,5200,2,0.197885
case3,3,5200,3,0.204231
case3,3,5200,4,0.201346
case3,3,5200,5,0.195385
case3,3,5300,1,0.199811
case3,3,5300,2,0.197358
case3,3,5300,3,0.204151
case3,3,5300,4,0.202830
case3,3,5300,5,0.195849
case3,3,5400,1,0.198519
case3,3,5400,2,0.198704
case3,3,5400,3,0.202963
case3,3,5400,4,0.202963
case3,3,5400,5,0.196852
case3,3,5500,1,0.197818
case3,3,5500,2,0.199091
case3,3,5500,3,0.202727
case3,3,5500,4,0.203091
case3,3,5500,5,0.197273
case3,3,5600,1,0.197679
case3,3,5600,2,0.198750
case3,3,5600,3,0.203214
case3,3,5600,4,0.202679
case3,3,5600,5,0.197679
case3,3,5700,1,0.197193
case3,3,5700,2,0.198772
case3,3,5700,3,0.204035
case3,3,5700,4,0.201579
case3,3,5700,5,0.198421
case3,3,5800,1,0.197241
case3,3,5800,2,0.198793
case3,3,5800,3,0.203621
case3,3,5800,4,0.202241
case3,3,5800,5,0.198103
case3,3,5900,1,0.196441
case3,3,5900,2,0.198983
case3,3,5900,3,0.204068
case3,3,5900,4,0.202542
case3,3,5900,5,0.197966
case3,3,6000,1,0.196667
case3,3,6000,2,0.198167
case3,3,6000,3,0.203500
case3,3,6000,4,0.203667
case3,3,6000,5,0.198000
case3,3,6100,1,0.196721
case3,3,6100,2,0.197705
case3,3,6100,3,0.202951
case3,3,6100,4,0.204262
case3,3,6100,5,0.198361
case3,3,6200,1,0.198065
case3,3,6200,2,0.196935
case3,3,6200,3,0.202742
case3,3,6200,4,0.204516
case3,3,6200,5,0.197742
case3,3,6300,1,0.197937
case3,3,6300,2,0.197302
case3,3,6300,3,0.203016
case3,3,6300,4,0.203333
case3,3,6300,5,0.198413
case3,3,6400,1,0.197813
case3,3,6400,2,0.197969
case3,3,6400,3,0.203281
case3,3,6400,4,0.203125
case3,3,6400,5,0.197813
case3,3,6500,1,0.198154
case3,3,6500,2,0.197385
case3,3,6500,3,0.203538
case3,3,6500,4,0.202769
case3,3,6500,5,0.198154
case3,3,6600,1,0.199394
case3,3,6600,2,0.196970
case3,3,6600,3,0.203333
case3,3,6600,4,0.201212
case3,3,6600,5,0.199091
case3,3,6700,1,0.198657
case3,3,6700,2,0.196567
case3,3,6700,3,0.204776
case3,3,6700,4,0.201940
case3,3,6700,5,0.198060
case3,3,6800,1,0.197794
case3,3,6800,2,0.197353
case3,3,6800,3,0.204265
case3,3,6800,4,0.202206
case3,3,6800,5,0.198382
case3,3,6900,1,0.197826
case3,3,6900,2,0.197971
case3,3,6900,3,0.204203
case3,3,6900,4,0.202464
case3,3,6900,5,0.197536
case3,3,7000,1,0.198000
case3,3,7000,2,0.198571
case3,3,7000,3,0.204000
case3,3,7000,4,0.201857
case3,3,7000,5,0.197571
case3,3,7100,1,0.199155
case3,3,7100,2,0.198732
case3,3,7100,3,0.203944
case3,3,7100,4,0.201690
case3,3,7100,5,0.196479
case3,3,7200,1,0.199167
case3,3,7200,2,0.198750
case3,3,7200,3,0.204306
case3,3,7200,4,0.200556
case3,3,7200,5,0.197222
case3,3,7300,1,0.199726
case3,3,7300,2,0.197945
case3,3,7300,3,0.204521
case3,3,7300,4,0.200411
case3,3,7300,5,0.197397
case3,3,7400,1,0.199595
case3,3,7400,2,0.199189
case3,3,7400,3,0.204595
case3,3,7400,4,0.199865
case3,3,7400,5,0.196757
case3,3,7500,1,0.199467
case3,3,7500,2,0.198400
case3,3,7500,3,0.204800
case3,3,7500,4,0.199867
case3,3,7500,5,0.197467
case3,3,7600,1,0.199079
case3,3,7600,2,0.198289
case3,3,7600,3,0.204211
case3,3,7600,4,0.200132
case3,3,7600,5,0.198289
case3,3,7700,1,0.199351
case3,3,7700,2,0.198701
case3,3,7700,3,0.204156
case3,3,7700,4,0.200390
case3,3,7700,5,0.197403
case3,3,7800,1,0.199231
case3,3,7800,2,0.199103
case3,3,7800,3,0.204615
case3,3,7800,4,0.199872
case3,3,7800,5,0.197179
case3,3,7900,1,0.198734
case3,3,7900,2,0.199241
case3,3,7900,3,0.204430
case3,3,7900,4,0.200253
case3,3,7900,5,0.197342
case3,3,8000,1,0.197625
case3,3,8000,2,0.199625
case3,3,8000,3,0.203500
case3,3,8000,4,0.201375
case3,3,8000,5,0.197875
case3,3,8100,1,0.198272
case3,3,8100,2,0.200370
case3,3,8100,3,0.203210
case3,3,8100,4,0.201358
case3,3,8100,5,0.196790
case3,3,8200,1,0.198415
case3,3,8200,2,0.200488
case3,3,8200,3,0.202927
case3,3,8200,4,0.201220
case3,3,8200,5,0.196951
case3,3,8300,1,0.198675
case3,3,8300,2,0.200120
case3,3,8300,3,0.203373
case3,3,8300,4,0.201325
case3,3,8300,5,0.196506
case3,3,8400,1,0.199524
case3,3,8400,2,0.199405
case3,3,8400,3,0.203333
case3,3,8400,4,0.201429
case3,3,8400,5,0.196310
case3,3,8500,1,0.199059
case3,3,8500,2,0.199059
case3,3,8500,3,0.203529
case3,3,8500,4,0.202588
case3,3,8500,5,0.195765
case3,3,8600,1,0.198488
case3,3,8600,2,0.200000
case3,3,8600,3,0.203488
case3,3,8600,4,0.202674
case3,3,8600,5,0.195349
case3,3,8700,1,0.198161
case3,3,8700,2,0.199885
case3,3,8700,3,0.204253
case3,3,8700,4,0.202299
case3,3,8700,5,0.195402
case3,3,8800,1,0.198750
case3,3,8800,2,0.198750
case3,3,8800,3,0.204886
case3,3,8800,4,0.202727
case3,3,8800,5,0.194886
case3,3,8900,1,0.198202
case3,3,8900,2,0.199101
case3,3,8900,3,0.204719
case3,3,8900,4,0.202697
case3,3,8900,5,0.195281
case3,3,9000,1,0.198444
case3,3,9000,2,0.199889
case3,3,9000,3,0.204000
case3,3,9000,4,0.201778
case3,3,9000,5,0.195889
case3,3,9100,1,0.198462
case3,3,9100,2,0.199780
case3,3,9100,3,0.203956
case3,3,9100,4,0.201319
case3,3,9100,5,0.196484
case3,3,9200,1,0.198913
case3,3,9200,2,0.199674
case3,3,9200,3,0.203370
case3,3,9200,4,0.201630
case3,3,9200,5,0.196413
case3,3,9300,1,0.198602
case3,3,9300,2,0.199677
case3,3,9300,3,0.204301
case3,3,9300,4,0.201613
case3,3,9300,5,0.195806
case3,3,9400,1,0.198830
case3,3,9400,2,0.199574
case3,3,9400,3,0.204149
case3,3,9400,4,0.201596
case3,3,9400,5,0.195851
case3,3,9500,1,0.199263
case3,3,9500,2,0.199053
case3,3,9500,3,0.203789
case3,3,9500,4,0.201684
case3,3,9500,5,0.196211
case3,3,9600,1,0.199687
case3,3,9600,2,0.198646
case3,3,9600,3,0.204375
case3,3,9600,4,0.201458
case3,3,9600,5,0.195833
case3,3,9700,1,0.199691
case3,3,9700,2,0.198866
case3,3,9700,3,0.204742
case3,3,9700,4,0.201753
case3,3,9700,5,0.194948
case3,3,9800,1,0.199694
case3,3,9800,2,0.198980
case3,3,9800,3,0.204082
case3,3,9800,4,0.201939
case3,3,9800,5,0.195306
case3,3,9900,1,0.200202
case3,3,9900,2,0.198384
case3,3,9900,3,0.203939
case3,3,9900,4,0.202424
case3,3,9900,5,0.195051
case3,3,10000,1,0.199800
case3,3,10000,2,0.198900
case3,3,10000,3,0.204000
case3,3,10000,4,0.202000
case3,3,10000,5,0.195300
case3,4,100,1,0.240000
case3,4,100,2,0.230000
case3,4,100,3,0.160000
case3,4,100,4,0.210000
case3,4,100,5,0.160000
case3,4,200,1,0.240000
case3,4,200,2,0.170000
case3,4,200,3,0.165000
case3,4,200,4,0.215000
case3,4,200,5,0.210000
case3,4,300,1,0.230000
case3,4,300,2,0.173333
case3,4,300,3,0.190000
case3,4,300,4,0.213333
case3,4,300,5,0.193333
case3,4,400,1,0.200000
case3,4,400,2,0.192500
case3,4,400,3,0.192500
case3,4,400,4,0.220000
case3,4,400,5,0.195000
case3,4,500,1,0.210000
case3,4,500,2,0.190000
case3,4,500,3,0.188000
case3,4,500,4,0.224000
case3,4,500,5,0.188000
case3,4,600,1,0.206667
case3,4,600,2,0.190000
case3,4,600,3,0.185000
case3,4,600,4,0.220000
case3,4,600,5,0.198333
case3,4,700,1,0.207143
case3,4,700,2,0.184286
case3,4,700,3,0.184286
case3,4,700,4,0.220000
case3,4,700,5,0.204286
case3,4,800,1,0.200000
case3,4,800,2,0.187500
case3,4,800,3,0.190000
case3,4,800,4,0.213750
case3,4,800,5,0.208750
case3,4,900,1,0.198889
case3,4,900,2,0.188889
case3,4,900,3,0.197778
case3,4,900,4,0.208889
case3,4,900,5,0.205556
case3,4,1000,1,0.205000
case3,4,1000,2,0.191000
case3,4,1000,3,0.192000
case3,4,1000,4,0.212000
case3,4,1000,5,0.200000
case3,4,1100,1,0.202727
case3,4,1100,2,0.190000
case3,4,1100,3,0.194545
case3,4,1100,4,0.212727
case3,4,1100,5,0.200000
case3,4,1200,1,0.203333
case3,4,1200,2,0.191667
case3,4,1200,3,0.195000
case3,4,1200,4,0.213333
case3,4,1200,5,0.196667
case3,4,1300,1,0.203077
case3,4,1300,2,0.196154
case3,4,1300,3,0.192308
case3,4,1300,4,0.209231
case3,4,1300,5,0.199231
case3,4,1400,1,0.205000
case3,4,1400,2,0.197857
case3,4,1400,3,0.193571
case3,4,1400,4,0.205714
case3,4,1400,5,0.197857
case3,4,1500,1,0.203333
case3,4,1500,2,0.195333
case3,4,1500,3,0.195333
case3,4,1500,4,0.208667
case3,4,1500,5,0.197333
case3,4,1600,1,0.202500
case3,4,1600,2,0.197500
case3,4,1600,3,0.195625
case3,4,1600,4,0.207500
case3,4,1600,5,0.196875
case3,4,1700,1,0.200588
case3,4,1700,2,0.198235
case3,4,1700,3,0.192941
case3,4,1700,4,0.208824
case3,4,1700,5,0.199412
case3,4,1800,1,0.201667
case3,4,1800,2,0.192778
case3,4,1800,3,0.196667
case3,4,1800,4,0.207778
case3,4,1800,5,0.201111
case3,4,1900,1,0.201053
case3,4,1900,2,0.190526
case3,4,1900,3,0.199474
case3,4,1900,4,0.210526
case3,4,1900,5,0.198421
case3,4,2000,1,0.197000
case3,4,2000,2,0.192000
case3,4,2000,3,0.198500
case3,4,2000,4,0.213000
case3,4,2000,5,0.199500
case3,4,2100,1,0.194286
case3,4,2100,2,0.192857
case3,4,2100,3,0.200952
case3,4,2100,4,0.210952
case3,4,2100,5,0.200952
case3,4,2200,1,0.195455
case3,4,2200,2,0.193636
case3,4,2200,3,0.202727
case3,4,2200,4,0.206364
case3,4,2200,5,0.201818
case3,4,2300,1,0.198696
case3,4,2300,2,0.193913
case3,4,2300,3,0.200870
case3,4,2300,4,0.206522
case3,4,2300,5,0.200000
case3,4,2400,1,0.199167
case3,4,2400,2,0.191250
case3,4,2400,3,0.200417
case3,4,2400,4,0.211667
case3,4,2400,5,0.197500
case3,4,2500,1,0.201200
case3,4,2500,2,0.193200
case3,4,2500,3,0.197600
case3,4,2500,4,0.210800
case3,4,2500,5,0.197200
case3,4,2600,1,0.199231
case3,4,2600,2,0.193462
case3,4,2600,3,0.199615
case3,4,2600,4,0.209615
case3,4,2600,5,0.198077
case3,4,2700,1,0.198889
case3,4,2700,2,0.191481
case3,4,2700,3,0.201111
case3,4,2700,4,0.211111
case3,4,2700,5,0.197407
case3,4,2800,1,0.199643
case3,4,2800,2,0.189643
case3,4,2800,3,0.201071
case3,4,2800,4,0.210000
case3,4,2800,5,0.199643
case3,4,2900,1,0.198276
case3,4,2900,2,0.188276
case3,4,2900,3,0.200690
case3,4,2900,4,0.210690
case3,4,2900,5,0.202069
case3,4,3000,1,0.196000
case3,4,3000,2,0.189000
case3,4,3000,3,0.203000
case3,4,3000,4,0.209667
case3,4,3000,5,0.202333
case3,4,3100,1,0.198387
case3,4,3100,2,0.188065
case3,4,3100,3,0.201935
case3,4,3100,4,0.210645
case3,4,3100,5,0.200968
case3,4,3200,1,0.197500
case3,4,3200,2,0.188750
case3,4,3200,3,0.202187
case3,4,3200,4,0.210000
case3,4,3200,5,0.201563
case3,4,3300,1,0.195758
case3,4,3300,2,0.191212
case3,4,3300,3,0.202121
case3,4,3300,4,0.209394
case3,4,3300,5,0.201515
case3,4,3400,1,0.196471
case3,4,3400,2,0.190588
case3,4,3400,3,0.199706
case3,4,3400,4,0.208824
case3,4,3400,5,0.204412
case3,4,3500,1,0.195143
case3,4,3500,2,0.193143
case3,4,3500,3,0.200571
case3,4,3500,4,0.209429
case3,4,3500,5,0.201714
case3,4,3600,1,0.195000
case3,4,3600,2,0.193611
case3,4,3600,3,0.200278
case3,4,3600,4,0.210556
case3,4,3600,5,0.200556
case3,4,3700,1,0.197027
case3,4,3700,2,0.193784
case3,4,3700,3,0.200000
case3,4,3700,4,0.207838
case3,4,3700,5,0.201351
case3,4,3800,1,0.195526
case3,4,3800,2,0.193947
case3,4,3800,3,0.200263
case3,4,3800,4,0.208947
case3,4,3800,5,0.201316
case3,4,3900,1,0.197179
case3,4,3900,2,0.193846
case3,4,3900,3,0.198462
case3,4,3900,4,0.209231
case3,4,3900,5,0.201282
case3,4,4000,1,0.197750
case3,4,4000,2,0.193750
case3,4,4000,3,0.199000
case3,4,4000,4,0.208750
case3,4,4000,5,0.200750
case3,4,4100,1,0.197805
case3,4,4100,2,0.193659
case3,4,4100,3,0.200000
case3,4,4100,4,0.207805
case3,4,4100,5,0.200732
case3,4,4200,1,0.196429
case3,4,4200,2,0.194524
case3,4,4200,3,0.202857
case3,4,4200,4,0.207143
case3,4,4200,5,0.199048
case3,4,4300,1,0.196744
case3,4,4300,2,0.193023
case3,4,4300,3,0.203721
case3,4,4300,4,0.208372
case3,4,4300,5,0.198140
case3,4,4400,1,0.197727
case3,4,4400,2,0.193409
case3,4,4400,3,0.202955
case3,4,4400,4,0.208636
case3,4,4400,5,0.197273
case3,4,4500,1,0.197778
case3,4,4500,2,0.193556
case3,4,4500,3,0.203111
case3,4,4500,4,0.208444
case3,4,4500,5,0.197111
case3,4,4600,1,0.196522
case3,4,4600,2,0.195000
case3,4,4600,3,0.203043
case3,4,4600,4,0.208261
case3,4,4600,5,0.197174
case3,4,4700,1,0.195532
case3,4,4700,2,0.196170
case3,4,4700,3,0.203191
case3,4,4700,4,0.208298
case3,4,4700,5,0.196809
case3,4,4800,1,0.196250
case3,4,4800,2,0.195625
case3,4,4800,3,0.202500
case3,4,4800,4,0.208542
case3,4,4800,5,0.197083
case3,4,4900,1,0.195306
case3,4,4900,2,0.196122
case3,4,4900,3,0.200408
case3,4,4900,4,0.208980
case3,4,4900,5,0.199184
case3,4,5000,1,0.196400
case3,4,5000,2,0.195000
case3,4,5000,3,0.201000
case3,4,5000,4,0.208200
case3,4,5000,5,0.199400
case3,4,5100,1,0.196667
case3,4,5100,2,0.194314
case3,4,5100,3,0.202353
case3,4,5100,4,0.207647
case3,4,5100,5,0.199020
case3,4,5200,1,0.198077
case3,4,5200,2,0.194231
case3,4,5200,3,0.202500
case3,4,5200,4,0.205769
case3,4,5200,5,0.199423
case3,4,5300,1,0.198302
case3,4,5300,2,0.194906
case3,4,5300,3,0.201321
case3,4,5300,4,0.206038
case3,4,5300,5,0.199434
case3,4,5400,1,0.197963
case3,4,5400,2,0.194444
case3,4,5400,3,0.200741
case3,4,5400,4,0.206667
case3,4,5400,5,0.200185
case3,4,5500,1,0.197636
case3,4,5500,2,0.195818
case3,4,5500,3,0.200545
case3,4,5500,4,0.206909
case3,4,5500,5,0.199091
case3,4,5600,1,0.196250
case3,4,5600,2,0.196250
case3,4,5600,3,0.200536
case3,4,5600,4,0.208393
case3,4,5600,5,0.198571
case3,4,5700,1,0.196667
case3,4,5700,2,0.197193
case3,4,5700,3,0.200175
case3,4,5700,4,0.207895
case3,4,5700,5,0.198070
case3,4,5800,1,0.197069
case3,4,5800,2,0.196207
case3,4,5800,3,0.201034
case3,4,5800,4,0.208103
case3,4,5800,5,0.197586
case3,4,5900,1,0.196441
case3,4,5900,2,0.196271
case3,4,5900,3,0.201186
case3,4,5900,4,0.208475
case3,4,5900,5,0.197627
case3,4,6000,1,0.197000
case3,4,6000,2,0.196667
case3,4,6000,3,0.201000
case3,4,6000,4,0.208333
case3,4,6000,5,0.197000
case3,4,6100,1,0.196393
case3,4,6100,2,0.195902
case3,4,6100,3,0.200984
case3,4,6100,4,0.209344
case3,4,6100,5,0.197377
case3,4,6200,1,0.197258
case3,4,6200,2,0.196452
case3,4,6200,3,0.200484
case3,4,6200,4,0.208871
case3,4,6200,5,0.196935
case3,4,6300,1,0.196984
case3,4,6300,2,0.195873
case3,4,6300,3,0.200635
case3,4,6300,4,0.209365
case3,4,6300,5,0.197143
case3,4,6400,1,0.197031
case3,4,6400,2,0.196875
case3,4,6400,3,0.201563
case3,4,6400,4,0.209063
case3,4,6400,5,0.195469
case3,4,6500,1,0.196462
case3,4,6500,2,0.196769
case3,4,6500,3,0.201077
case3,4,6500,4,0.208923
case3,4,6500,5,0.196769
case3,4,6600,1,0.195758
case3,4,6600,2,0.197576
case3,4,6600,3,0.200303
case3,4,6600,4,0.209848
case3,4,6600,5,0.196515
case3,4,6700,1,0.195970
case3,4,6700,2,0.197612
case3,4,6700,3,0.200448
case3,4,6700,4,0.210299
case3,4,6700,5,0.195672
case3,4,6800,1,0.196029
case3,4,6800,2,0.197941
case3,4,6800,3,0.200000
case3,4,6800,4,0.209706
case3,4,6800,5,0.196324
case3,4,6900,1,0.195217
case3,4,6900,2,0.199275
case3,4,6900,3,0.199275
case3,4,6900,4,0.210145
case3,4,6900,5,0.196087
case3,4,7000,1,0.195857
case3,4,7000,2,0.199143
case3,4,7000,3,0.200000
case3,4,7000,4,0.209429
case3,4,7000,5,0.195571
case3,4,7100,1,0.195634
case3,4,7100,2,0.198451
case3,4,7100,3,0.199577
case3,4,7100,4,0.209296
case3,4,7100,5,0.197042
case3,4,7200,1,0.195833
case3,4,7200,2,0.198611
case3,4,7200,3,0.200694
case3,4,7200,4,0.208472
case3,4,7200,5,0.196389
case3,4,7300,1,0.197397
case3,4,7300,2,0.197808
case3,4,7300,3,0.200822
case3,4,7300,4,0.207808
case3,4,7300,5,0.196164
case3,4,7400,1,0.197838
case3,4,7400,2,0.197973
case3,4,7400,3,0.201216
case3,4,7400,4,0.207027
case3,4,7400,5,0.195946
case3,4,7500,1,0.198000
case3,4,7500,2,0.197867
case3,4,7500,3,0.201333
case3,4,7500,4,0.207333
case3,4,7500,5,0.195467
case3,4,7600,1,0.198289
case3,4,7600,2,0.198026
case3,4,7600,3,0.201711
case3,4,7600,4,0.206974
case3,4,7600,5,0.195000
case3,4,7700,1,0.198182
case3,4,7700,2,0.198312
case3,4,7700,3,0.201818
case3,4,7700,4,0.206883
case3,4,7700,5,0.194805
case3,4,7800,1,0.198718
case3,4,7800,2,0.198462
case3,4,7800,3,0.201154
case3,4,7800,4,0.206410
case3,4,7800,5,0.195256
case3,4,7900,1,0.198987
case3,4,7900,2,0.198734
case3,4,7900,3,0.201013
case3,4,7900,4,0.206835
case3,4,7900,5,0.194430
case3,4,8000,1,0.199250
case3,4,8000,2,0.198250
case3,4,8000,3,0.201125
case3,4,8000,4,0.206750
case3,4,8000,5,0.194625
case3,4,8100,1,0.199012
case3,4,8100,2,0.198272
case3,4,8100,3,0.200617
case3,4,8100,4,0.207037
case3,4,8100,5,0.195062
case3,4,8200,1,0.198780
case3,4,8200,2,0.198171
case3,4,8200,3,0.201829
case3,4,8200,4,0.206951
case3,4,8200,5,0.194268
case3,4,8300,1,0.198434
case3,4,8300,2,0.197831
case3,4,8300,3,0.201928
case3,4,8300,4,0.207108
case3,4,8300,5,0.194699
case3,4,8400,1,0.198690
case3,4,8400,2,0.197857
case3,4,8400,3,0.202381
case3,4,8400,4,0.206667
case3,4,8400,5,0.194405
case3,4,8500,1,0.198824
case3,4,8500,2,0.198235
case3,4,8500,3,0.201882
case3,4,8500,4,0.206353
case3,4,8500,5,0.194706
case3,4,8600,1,0.198721
case3,4,8600,2,0.198721
case3,4,8600,3,0.201744
case3,4,8600,4,0.206512
case3,4,8600,5,0.194302
case3,4,8700,1,0.199195
case3,4,8700,2,0.198161
case3,4,8700,3,0.201494
case3,4,8700,4,0.206552
case3,4,8700,5,0.194598
case3,4,8800,1,0.199091
case3,4,8800,2,0.198182
case3,4,8800,3,0.201136
case3,4,8800,4,0.207614
case3,4,8800,5,0.193977
case3,4,8900,1,0.198539
case3,4,8900,2,0.198090
case3,4,8900,3,0.200787
case3,4,8900,4,0.207416
case3,4,8900,5,0.195169
case3,4,9000,1,0.198222
case3,4,9000,2,0.198556
case3,4,9000,3,0.200556
case3,4,9000,4,0.207111
case3,4,9000,5,0.195556
case3,4,9100,1,0.197582
case3,4,9100,2,0.199451
case3,4,9100,3,0.200000
case3,4,9100,4,0.207692
case3,4,9100,5,0.195275
case3,4,9200,1,0.197391
case3,4,9200,2,0.199457
case3,4,9200,3,0.200326
case3,4,9200,4,0.207500
case3,4,9200,5,0.195326
case3,4,9300,1,0.197204
case3,4,9300,2,0.199032
case3,4,9300,3,0.200968
case3,4,9300,4,0.208280
case3,4,9300,5,0.194516
case3,4,9400,1,0.197340
case3,4,9400,2,0.199787
case3,4,9400,3,0.200426
case3,4,9400,4,0.208191
case3,4,9400,5,0.194255
case3,4,9500,1,0.197368
case3,4,9500,2,0.199263
case3,4,9500,3,0.200421
case3,4,9500,4,0.208737
case3,4,9500,5,0.194211
case3,4,9600,1,0.197292
case3,4,9600,2,0.199375
case3,4,9600,3,0.200937
case3,4,9600,4,0.208750
case3,4,9600,5,0.193646
case3,4,9700,1,0.197216
case3,4,9700,2,0.199175
case3,4,9700,3,0.201031
case3,4,9700,4,0.208454
case3,4,9700,5,0.194124
case3,4,9800,1,0.197653
case3,4,9800,2,0.199796
case3,4,9800,3,0.200714
case3,4,9800,4,0.207449
case3,4,9800,5,0.194388
case3,4,9900,1,0.197576
case3,4,9900,2,0.199495
case3,4,9900,3,0.201313
case3,4,9900,4,0.206970
case3,4,9900,5,0.194646
case3,4,10000,1,0.197000
case3,4,10000,2,0.200100
case3,4,10000,3,0.201000
case3,4,10000,4,0.206900
case3,4,10000,5,0.195000
case3,5,100,1,0.170000
case3,5,100,2,0.250000
case3,5,100,3,0.190000
case3,5,100,4,0.200000
case3,5,100,5,0.190000
case3,5,200,1,0.180000
case3,5,200,2,0.210000
case3,5,200,3,0.195000
case3,5,200,4,0.245000
case3,5,200,5,0.170000
case3,5,300,1,0.193333
case3,5,300,2,0.220000
case3,5,300,3,0.183333
case3,5,300,4,0.243333
case3,5,300,5,0.160000
case3,5,400,1,0.212500
case3,5,400,2,0.222500
case3,5,400,3,0.172500
case3,5,400,4,0.232500
case3,5,400,5,0.160000
case3,5,500,1,0.224000
case3,5,500,2,0.218000
case3,5,500,3,0.162000
case3,5,500,4,0.218000
case3,5,500,5,0.178000
case3,5,600,1,0.213333
case3,5,600,2,0.225000
case3,5,600,3,0.170000
case3,5,600,4,0.210000
case3,5,600,5,0.181667
case3,5,700,1,0.218571
case3,5,700,2,0.212857
case3,5,700,3,0.177143
case3,5,700,4,0.208571
case3,5,700,5,0.182857
case3,5,800,1,0.218750
case3,5,800,2,0.206250
case3,5,800,3,0.191250
case3,5,800,4,0.203750
case3,5,800,5,0.180000
case3,5,900,1,0.214444
case3,5,900,2,0.202222
case3,5,900,3,0.187778
case3,5,900,4,0.202222
case3,5,900,5,0.193333
case3,5,1000,1,0.211000
case3,5,1000,2,0.208000
case3,5,1000,3,0.188000
case3,5,1000,4,0.197000
case3,5,1000,5,0.196000
case3,5,1100,1,0.214545
case3,5,1100,2,0.205455
case3,5,1100,3,0.194545
case3,5,1100,4,0.196364
case3,5,1100,5,0.189091
case3,5,1200,1,0.208333
case3,5,1200,2,0.208333
case3,5,1200,3,0.195000
case3,5,1200,4,0.196667
case3,5,1200,5,0.191667
case3,5,1300,1,0.208462
case3,5,1300,2,0.208462
case3,5,1300,3,0.193846
case3,5,1300,4,0.196923
case3,5,1300,5,0.192308
case3,5,1400,1,0.212857
case3,5,1400,2,0.205714
case3,5,1400,3,0.192857
case3,5,1400,4,0.195714
case3,5,1400,5,0.192857
case3,5,1500,1,0.212667
case3,5,1500,2,0.202667
case3,5,1500,3,0.192667
case3,5,1500,4,0.198667
case3,5,1500,5,0.193333
case3,5,1600,1,0.212500
case3,5,1600,2,0.202500
case3,5,1600,3,0.191875
case3,5,1600,4,0.198750
case3,5,1600,5,0.194375
case3,5,1700,1,0.208235
case3,5,1700,2,0.202353
case3,5,1700,3,0.195294
case3,5,1700,4,0.201176
case3,5,1700,5,0.192941
case3,5,1800,1,0.207778
case3,5,1800,2,0.201111
case3,5,1800,3,0.195556
case3,5,1800,4,0.204444
case3,5,1800,5,0.191111
case3,5,1900,1,0.208947
case3,5,1900,2,0.198947
case3,5,1900,3,0.201579
case3,5,1900,4,0.199474
case3,5,1900,5,0.191053
case3,5,2000,1,0.207500
case3,5,2000,2,0.200500
case3,5,2000,3,0.201500
case3,5,2000,4,0.200000
case3,5,2000,5,0.190500
case3,5,2100,1,0.208571
case3,5,2100,2,0.197143
case3,5,2100,3,0.200476
case3,5,2100,4,0.204286
case3,5,2100,5,0.189524
case3,5,2200,1,0.208636
case3,5,2200,2,0.195000
case3,5,2200,3,0.201364
case3,5,2200,4,0.205000
case3,5,2200,5,0.190000
case3,5,2300,1,0.207826
case3,5,2300,2,0.197391
case3,5,2300,3,0.202609
case3,5,2300,4,0.202609
case3,5,2300,5,0.189565
case3,5,2400,1,0.206250
case3,5,2400,2,0.201250
case3,5,2400,3,0.203333
case3,5,2400,4,0.201250
case3,5,2400,5,0.187917
case3,5,2500,1,0.203200
case3,5,2500,2,0.203200
case3,5,2500,3,0.203200
case3,5,2500,4,0.204400
case3,5,2500,5,0.186000
case3,5,2600,1,0.201923
case3,5,2600,2,0.205769
case3,5,2600,3,0.200385
case3,5,2600,4,0.205000
case3,5,2600,5,0.186923
case3,5,2700,1,0.198889
case3,5,2700,2,0.206667
case3,5,2700,3,0.198148
case3,5,2700,4,0.207407
case3,5,2700,5,0.188889
case3,5,2800,1,0.199643
case3,5,2800,2,0.206071
case3,5,2800,3,0.197857
case3,5,2800,4,0.206071
case3,5,2800,5,0.190357
case3,5,2900,1,0.197586
case3,5,2900,2,0.205172
case3,5,2900,3,0.198966
case3,5,2900,4,0.206207
case3,5,2900,5,0.192069
case3,5,3000,1,0.198667
case3,5,3000,2,0.206333
case3,5,3000,3,0.197333
case3,5,3000,4,0.205667
case3,5,3000,5,0.192000
case3,5,3100,1,0.200323
case3,5,3100,2,0.206452
case3,5,3100,3,0.197097
case3,5,3100,4,0.204516
case3,5,3100,5,0.191613
case3,5,3200,1,0.201563
case3,5,3200,2,0.205937
case3,5,3200,3,0.196250
case3,5,3200,4,0.203125
case3,5,3200,5,0.193125
case3,5,3300,1,0.201515
case3,5,3300,2,0.207273
case3,5,3300,3,0.195758
case3,5,3300,4,0.201818
case3,5,3300,5,0.193636
case3,5,3400,1,0.201176
case3,5,3400,2,0.207059
case3,5,3400,3,0.197353
case3,5,3400,4,0.202353
case3,5,3400,5,0.192059
case3,5,3500,1,0.200571
case3,5,3500,2,0.206286
case3,5,3500,3,0.199429
case3,5,3500,4,0.200000
case3,5,3500,5,0.193714
case3,5,3600,1,0.201389
case3,5,3600,2,0.206389
case3,5,3600,3,0.198056
case3,5,3600,4,0.198889
case3,5,3600,5,0.195278
case3,5,3700,1,0.201351
case3,5,3700,2,0.207027
case3,5,3700,3,0.198649
case3,5,3700,4,0.199459
case3,5,3700,5,0.193514
case3,5,3800,1,0.201053
case3,5,3800,2,0.207105
case3,5,3800,3,0.199474
case3,5,3800,4,0.200263
case3,5,3800,5,0.192105
case3,5,3900,1,0.201282
case3,5,3900,2,0.205641
case3,5,3900,3,0.200513
case3,5,3900,4,0.200769
case3,5,3900,5,0.191795
case3,5,4000,1,0.200750
case3,5,4000,2,0.208000
case3,5,4000,3,0.200500
case3,5,4000,4,0.200500
case3,5,4000,5,0.190250
case3,5,4100,1,0.202439
case3,5,4100,2,0.208049
case3,5,4100,3,0.198537
case3,5,4100,4,0.199512
case3,5,4100,5,0.191463
case3,5,4200,1,0.202143
case3,5,4200,2,0.208095
case3,5,4200,3,0.198333
case3,5,4200,4,0.199524
case3,5,4200,5,0.191905
case3,5,4300,1,0.202326
case3,5,4300,2,0.209767
case3,5,4300,3,0.198837
case3,5,4300,4,0.197907
case3,5,4300,5,0.191163
case3,5,4400,1,0.201818
case3,5,4400,2,0.208182
case3,5,4400,3,0.197500
case3,5,4400,4,0.197955
case3,5,4400,5,0.194545
case3,5,4500,1,0.201111
case3,5,4500,2,0.208667
case3,5,4500,3,0.198000
case3,5,4500,4,0.197333
case3,5,4500,5,0.194889
case3,5,4600,1,0.200652
case3,5,4600,2,0.207609
case3,5,4600,3,0.198043
case3,5,4600,4,0.198478
case3,5,4600,5,0.195217
case3,5,4700,1,0.201277
case3,5,4700,2,0.208298
case3,5,4700,3,0.198298
case3,5,4700,4,0.198085
case3,5,4700,5,0.194043
case3,5,4800,1,0.202292
case3,5,4800,2,0.207292
case3,5,4800,3,0.199583
case3,5,4800,4,0.197083
case3,5,4800,5,0.193750
case3,5,4900,1,0.202653
case3,5,4900,2,0.206327
case3,5,4900,3,0.198980
case3,5,4900,4,0.197347
case3,5,4900,5,0.194694
case3,5,5000,1,0.202400
case3,5,5000,2,0.207000
case3,5,5000,3,0.198000
case3,5,5000,4,0.198400
case3,5,5000,5,0.194200
case3,5,5100,1,0.202941
case3,5,5100,2,0.206667
case3,5,5100,3,0.198824
case3,5,5100,4,0.197843
case3,5,5100,5,0.193725
case3,5,5200,1,0.202500
case3,5,5200,2,0.207885
case3,5,5200,3,0.198462
case3,5,5200,4,0.197885
case3,5,5200,5,0.193269
case3,5,5300,1,0.202453
case3,5,5300,2,0.206792
case3,5,5300,3,0.199057
case3,5,5300,4,0.197925
case3,5,5300,5,0.193774
case3,5,5400,1,0.201481
case3,5,5400,2,0.206667
case3,5,5400,3,0.199815
case3,5,5400,4,0.198519
case3,5,5400,5,0.193519
case3,5,5500,1,0.201273
case3,5,5500,2,0.206000
case3,5,5500,3,0.199091
case3,5,5500,4,0.199455
case3,5,5500,5,0.194182
case3,5,5600,1,0.200536
case3,5,5600,2,0.206607
case3,5,5600,3,0.198929
case3,5,5600,4,0.199821
case3,5,5600,5,0.194107
case3,5,5700,1,0.201404
case3,5,5700,2,0.205088
case3,5,5700,3,0.199474
case3,5,5700,4,0.199474
case3,5,5700,5,0.194561
case3,5,5800,1,0.200517
case3,5,5800,2,0.206207
case3,5,5800,3,0.199310
case3,5,5800,4,0.198448
case3,5,5800,5,0.195517
case3,5,5900,1,0.201525
case3,5,5900,2,0.205763
case3,5,5900,3,0.198983
case3,5,5900,4,0.198136
case3,5,5900,5,0.195593
case3,5,6000,1,0.202667
case3,5,6000,2,0.206833
case3,5,6000,3,0.198167
case3,5,6000,4,0.198000
case3,5,6000,5,0.194333
case3,5,6100,1,0.201967
case3,5,6100,2,0.207705
case3,5,6100,3,0.197869
case3,5,6100,4,0.199016
case3,5,6100,5,0.193443
case3,5,6200,1,0.200968
case3,5,6200,2,0.207903
case3,5,6200,3,0.197903
case3,5,6200,4,0.199194
case3,5,6200,5,0.194032
case3,5,6300,1,0.201429
case3,5,6300,2,0.208571
case3,5,6300,3,0.198254
case3,5,6300,4,0.198095
case3,5,6300,5,0.193651
case3,5,6400,1,0.201719
case3,5,6400,2,0.208125
case3,5,6400,3,0.197500
case3,5,6400,4,0.198125
case3,5,6400,5,0.194531
case3,5,6500,1,0.202615
case3,5,6500,2,0.207538
case3,5,6500,3,0.197231
case3,5,6500,4,0.197692
case3,5,6500,5,0.194923
case3,5,6600,1,0.201970
case3,5,6600,2,0.207727
case3,5,6600,3,0.198182
case3,5,6600,4,0.197424
case3,5,6600,5,0.194697
case3,5,6700,1,0.201493
case3,5,6700,2,0.208060
case3,5,6700,3,0.198209
case3,5,6700,4,0.198209
case3,5,6700,5,0.194030
case3,5,6800,1,0.200588
case3,5,6800,2,0.208529
case3,5,6800,3,0.198382
case3,5,6800,4,0.198676
case3,5,6800,5,0.193824
case3,5,6900,1,0.200580
case3,5,6900,2,0.208261
case3,5,6900,3,0.198116
case3,5,6900,4,0.198986
case3,5,6900,5,0.194058
case3,5,7000,1,0.200429
case3,5,7000,2,0.208286
case3,5,7000,3,0.198000
case3,5,7000,4,0.198857
case3,5,7000,5,0.194429
case3,5,7100,1,0.199577
case3,5,7100,2,0.208169
case3,5,7100,3,0.198451
case3,5,7100,4,0.199718
case3,5,7100,5,0.194085
case3,5,7200,1,0.199861
case3,5,7200,2,0.207361
case3,5,7200,3,0.198472
case3,5,7200,4,0.200278
case3,5,7200,5,0.194028
case3,5,7300,1,0.199726
case3,5,7300,2,0.207123
case3,5,7300,3,0.198630
case3,5,7300,4,0.200548
case3,5,7300,5,0.193973
case3,5,7400,1,0.199730
case3,5,7400,2,0.207432
case3,5,7400,3,0.198784
case3,5,7400,4,0.201081
case3,5,7400,5,0.192973
case3,5,7500,1,0.200800
case3,5,7500,2,0.207067
case3,5,7500,3,0.198267
case3,5,7500,4,0.201200
case3,5,7500,5,0.192667
case3,5,7600,1,0.200921
case3,5,7600,2,0.206316
case3,5,7600,3,0.198289
case3,5,7600,4,0.201711
case3,5,7600,5,0.192763
case3,5,7700,1,0.199351
case3,5,7700,2,0.206623
case3,5,7700,3,0.197922
case3,5,7700,4,0.202597
case3,5,7700,5,0.193506
case3,5,7800,1,0.198590
case3,5,7800,2,0.206410
case3,5,7800,3,0.198077
case3,5,7800,4,0.202179
case3,5,7800,5,0.194744
case3,5,7900,1,0.198481
case3,5,7900,2,0.206329
case3,5,7900,3,0.198228
case3,5,7900,4,0.201899
case3,5,7900,5,0.195063
case3,5,8000,1,0.198250
case3,5,8000,2,0.206250
case3,5,8000,3,0.199125
case3,5,8000,4,0.201125
case3,5,8000,5,0.195250
case3,5,8100,1,0.197901
case3,5,8100,2,0.206667
case3,5,8100,3,0.199383
case3,5,8100,4,0.200617
case3,5,8100,5,0.195432
case3,5,8200,1,0.198171
case3,5,8200,2,0.206463
case3,5,8200,3,0.198659
case3,5,8200,4,0.200244
case3,5,8200,5,0.196463
case3,5,8300,1,0.197952
case3,5,8300,2,0.206627
case3,5,8300,3,0.198795
case3,5,8300,4,0.200964
case3,5,8300,5,0.195663
case3,5,8400,1,0.198571
case3,5,8400,2,0.206071
case3,5,8400,3,0.199405
case3,5,8400,4,0.200238
case3,5,8400,5,0.195714
case3,5,8500,1,0.198471
case3,5,8500,2,0.206000
case3,5,8500,3,0.198824
case3,5,8500,4,0.200235
case3,5,8500,5,0.196471
case3,5,8600,1,0.198953
case3,5,8600,2,0.205698
case3,5,8600,3,0.198837
case3,5,8600,4,0.200000
case3,5,8600,5,0.196512
case3,5,8700,1,0.198851
case3,5,8700,2,0.205747
case3,5,8700,3,0.198621
case3,5,8700,4,0.199885
case3,5,8700,5,0.196897
case3,5,8800,1,0.198977
case3,5,8800,2,0.205227
case3,5,8800,3,0.199205
case3,5,8800,4,0.199545
case3,5,8800,5,0.197045
case3,5,8900,1,0.198202
case3,5,8900,2,0.205393
case3,5,8900,3,0.199326
case3,5,8900,4,0.198764
case3,5,8900,5,0.198315
case3,5,9000,1,0.198556
case3,5,9000,2,0.205000
case3,5,9000,3,0.200222
case3,5,9000,4,0.198222
case3,5,9000,5,0.198000
case3,5,9100,1,0.198462
case3,5,9100,2,0.204945
case3,5,9100,3,0.200549
case3,5,9100,4,0.198022
case3,5,9100,5,0.198022
case3,5,9200,1,0.197609
case3,5,9200,2,0.205217
case3,5,9200,3,0.200543
case3,5,9200,4,0.198587
case3,5,9200,5,0.198043
case3,5,9300,1,0.197634
case3,5,9300,2,0.204946
case3,5,9300,3,0.200860
case3,5,9300,4,0.198495
case3,5,9300,5,0.198065
case3,5,9400,1,0.197553
case3,5,9400,2,0.205851
case3,5,9400,3,0.200638
case3,5,9400,4,0.198191
case3,5,9400,5,0.197766
case3,5,9500,1,0.197158
case3,5,9500,2,0.205789
case3,5,9500,3,0.200737
case3,5,9500,4,0.198316
case3,5,9500,5,0.198000
case3,5,9600,1,0.197604
case3,5,9600,2,0.205521
case3,5,9600,3,0.200937
case3,5,9600,4,0.197708
case3,5,9600,5,0.198229
case3,5,9700,1,0.198041
case3,5,9700,2,0.204742
case3,5,9700,3,0.200309
case3,5,9700,4,0.198041
case3,5,9700,5,0.198866
case3,5,9800,1,0.198265
case3,5,9800,2,0.205102
case3,5,9800,3,0.199898
case3,5,9800,4,0.197857
case3,5,9800,5,0.198878
case3,5,9900,1,0.197475
case3,5,9900,2,0.204848
case3,5,9900,3,0.200404
case3,5,9900,4,0.198485
case3,5,9900,5,0.198788
case3,5,10000,1,0.198000
case3,5,10000,2,0.204800
case3,5,10000,3,0.200800
case3,5,10000,4,0.198200
case3,5,10000,5,0.198200
case3,6,100,1,0.220000
case3,6,100,2,0.200000
case3,6,100,3,0.210000
case3,6,100,4,0.190000
case3,6,100,5,0.180000
case3,6,200,1,0.215000
case3,6,200,2,0.190000
case3,6,200,3,0.220000
case3,6,200,4,0.190000
case3,6,200,5,0.185000
case3,6,300,1,0.210000
case3,6,300,2,0.203333
case3,6,300,3,0.220000
case3,6,300,4,0.196667
case3,6,300,5,0.170000
case3,6,400,1,0.212500
case3,6,400,2,0.192500
case3,6,400,3,0.215000
case3,6,400,4,0.197500
case3,6,400,5,0.182500
case3,6,500,1,0.212000
case3,6,500,2,0.188000
case3,6,500,3,0.220000
case3,6,500,4,0.196000
case3,6,500,5,0.184000
case3,6,600,1,0.200000
case3,6,600,2,0.186667
case3,6,600,3,0.225000
case3,6,600,4,0.191667
case3,6,600,5,0.196667
case3,6,700,1,0.195714
case3,6,700,2,0.187143
case3,6,700,3,0.232857
case3,6,700,4,0.198571
case3,6,700,5,0.185714
case3,6,800,1,0.195000
case3,6,800,2,0.182500
case3,6,800,3,0.236250
case3,6,800,4,0.198750
case3,6,800,5,0.187500
case3,6,900,1,0.200000
case3,6,900,2,0.181111
case3,6,900,3,0.226667
case3,6,900,4,0.204444
case3,6,900,5,0.187778
case3,6,1000,1,0.199000
case3,6,1000,2,0.181000
case3,6,1000,3,0.226000
case3,6,1000,4,0.206000
case3,6,1000,5,0.188000
case3,6,1100,1,0.199091
case3,6,1100,2,0.181818
case3,6,1100,3,0.220000
case3,6,1100,4,0.208182
case3,6,1100,5,0.190909
case3,6,1200,1,0.201667
case3,6,1200,2,0.187500
case3,6,1200,3,0.215000
case3,6,1200,4,0.209167
case3,6,1200,5,0.186667
case3,6,1300,1,0.200000
case3,6,1300,2,0.186923
case3,6,1300,3,0.214615
case3,6,1300,4,0.214615
case3,6,1300,5,0.183846
case3,6,1400,1,0.200714
case3,6,1400,2,0.188571
case3,6,1400,3,0.217857
case3,6,1400,4,0.211429
case3,6,1400,5,0.181429
case3,6,1500,1,0.200667
case3,6,1500,2,0.188000
case3,6,1500,3,0.212000
case3,6,1500,4,0.210667
case3,6,1500,5,0.188667
case3,6,1600,1,0.200625
case3,6,1600,2,0.189375
case3,6,1600,3,0.211875
case3,6,1600,4,0.209375
case3,6,1600,5,0.188750
case3,6,1700,1,0.202941
case3,6,1700,2,0.186471
case3,6,1700,3,0.211176
case3,6,1700,4,0.206471
case3,6,1700,5,0.192941
case3,6,1800,1,0.203889
case3,6,1800,2,0.187222
case3,6,1800,3,0.208889
case3,6,1800,4,0.209444
case3,6,1800,5,0.190556
case3,6,1900,1,0.201579
case3,6,1900,2,0.190526
case3,6,1900,3,0.207368
case3,6,1900,4,0.212632
case3,6,1900,5,0.187895
case3,6,2000,1,0.201500
case3,6,2000,2,0.192500
case3,6,2000,3,0.207500
case3,6,2000,4,0.212000
case3,6,2000,5,0.186500
case3,6,2100,1,0.198571
case3,6,2100,2,0.193810
case3,6,2100,3,0.208095
case3,6,2100,4,0.211905
case3,6,2100,5,0.187619
case3,6,2200,1,0.199091
case3,6,2200,2,0.195000
case3,6,2200,3,0.209091
case3,6,2200,4,0.210909
case3,6,2200,5,0.185909
case3,6,2300,1,0.199130
case3,6,2300,2,0.193478
case3,6,2300,3,0.207826
case3,6,2300,4,0.212609
case3,6,2300,5,0.186957
case3,6,2400,1,0.196250
case3,6,2400,2,0.194583
case3,6,2400,3,0.209167
case3,6,2400,4,0.210417
case3,6,2400,5,0.189583
case3,6,2500,1,0.196400
case3,6,2500,2,0.192800
case3,6,2500,3,0.206400
case3,6,2500,4,0.212800
case3,6,2500,5,0.191600
case3,6,2600,1,0.196154
case3,6,2600,2,0.193846
case3,6,2600,3,0.206923
case3,6,2600,4,0.212692
case3,6,2600,5,0.190385
case3,6,2700,1,0.197037
case3,6,2700,2,0.191852
case3,6,2700,3,0.209630
case3,6,2700,4,0.208889
case3,6,2700,5,0.192593
case3,6,2800,1,0.197143
case3,6,2800,2,0.191429
case3,6,2800,3,0.208929
case3,6,2800,4,0.208214
case3,6,2800,5,0.194286
case3,6,2900,1,0.196552
case3,6,2900,2,0.189310
case3,6,2900,3,0.208621
case3,6,2900,4,0.207241
case3,6,2900,5,0.198276
case3,6,3000,1,0.195333
case3,6,3000,2,0.189000
case3,6,3000,3,0.209000
case3,6,3000,4,0.206667
case3,6,3000,5,0.200000
case3,6,3100,1,0.193871
case3,6,3100,2,0.189677
case3,6,3100,3,0.208065
case3,6,3100,4,0.205806
case3,6,3100,5,0.202581
case3,6,3200,1,0.194062
case3,6,3200,2,0.190312
case3,6,3200,3,0.207500
case3,6,3200,4,0.205313
case3,6,3200,5,0.202813
case3,6,3300,1,0.193030
case3,6,3300,2,0.190606
case3,6,3300,3,0.209394
case3,6,3300,4,0.203333
case3,6,3300,5,0.203636
case3,6,3400,1,0.193824
case3,6,3400,2,0.189706
case3,6,3400,3,0.210000
case3,6,3400,4,0.204118
case3,6,3400,5,0.202353
case3,6,3500,1,0.195143
case3,6,3500,2,0.188286
case3,6,3500,3,0.208000
case3,6,3500,4,0.206000
case3,6,3500,5,0.202571
case3,6,3600,1,0.195833
case3,6,3600,2,0.187222
case3,6,3600,3,0.208056
case3,6,3600,4,0.207222
case3,6,3600,5,0.201667
case3,6,3700,1,0.195946
case3,6,3700,2,0.187568
case3,6,3700,3,0.207027
case3,6,3700,4,0.207297
case3,6,3700,5,0.202162
case3,6,3800,1,0.195000
case3,6,3800,2,0.188158
case3,6,3800,3,0.206842
case3,6,3800,4,0.206316
case3,6,3800,5,0.203684
case3,6,3900,1,0.193846
case3,6,3900,2,0.190000
case3,6,3900,3,0.207179
case3,6,3900,4,0.204872
case3,6,3900,5,0.204103
case3,6,4000,1,0.193250
case3,6,4000,2,0.189750
case3,6,4000,3,0.208000
case3,6,4000,4,0.205750
case3,6,4000,5,0.203250
case3,6,4100,1,0.194390
case3,6,4100,2,0.190488
case3,6,4100,3,0.206829
case3,6,4100,4,0.204634
case3,6,4100,5,0.203659
case3,6,4200,1,0.195952
case3,6,4200,2,0.190714
case3,6,4200,3,0.204762
case3,6,4200,4,0.204762
case3,6,4200,5,0.203810
case3,6,4300,1,0.195349
case3,6,4300,2,0.191860
case3,6,4300,3,0.204186
case3,6,4300,4,0.205116
case3,6,4300,5,0.203488
case3,6,4400,1,0.196818
case3,6,4400,2,0.192955
case3,6,4400,3,0.204318
case3,6,4400,4,0.204318
case3,6,4400,5,0.201591
case3,6,4500,1,0.197556
case3,6,4500,2,0.193333
case3,6,4500,3,0.203778
case3,6,4500,4,0.202444
case3,6,4500,5,0.202889
case3,6,4600,1,0.197609
case3,6,4600,2,0.192391
case3,6,4600,3,0.204130
case3,6,4600,4,0.202826
case3,6,4600,5,0.203043
case3,6,4700,1,0.198298
case3,6,4700,2,0.191489
case3,6,4700,3,0.205745
case3,6,4700,4,0.202979
case3,6,4700,5,0.201489
case3,6,4800,1,0.196875
case3,6,4800,2,0.192500
case3,6,4800,3,0.206458
case3,6,4800,4,0.202917
case3,6,4800,5,0.201250
case3,6,4900,1,0.196735
case3,6,4900,2,0.192857
case3,6,4900,3,0.205510
case3,6,4900,4,0.203061
case3,6,4900,5,0.201837
case3,6,5000,1,0.198000
case3,6,5000,2,0.192600
case3,6,5000,3,0.205400
case3,6,5000,4,0.202000
case3,6,5000,5,0.202000
case3,6,5100,1,0.198039
case3,6,5100,2,0.191961
case3,6,5100,3,0.205686
case3,6,5100,4,0.203333
case3,6,5100,5,0.200980
case3,6,5200,1,0.199808
case3,6,5200,2,0.190192
case3,6,5200,3,0.205192
case3,6,5200,4,0.203077
case3,6,5200,5,0.201731
case3,6,5300,1,0.199811
case3,6,5300,2,0.190755
case3,6,5300,3,0.205283
case3,6,5300,4,0.203396
case3,6,5300,5,0.200755
case3,6,5400,1,0.200741
case3,6,5400,2,0.190370
case3,6,5400,3,0.204444
case3,6,5400,4,0.202963
case3,6,5400,5,0.201481
case3,6,5500,1,0.201273
case3,6,5500,2,0.190364
case3,6,5500,3,0.204000
case3,6,5500,4,0.202727
case3,6,5500,5,0.201636
case3,6,5600,1,0.202143
case3,6,5600,2,0.190536
case3,6,5600,3,0.203571
case3,6,5600,4,0.202500
case3,6,5600,5,0.201250
case3,6,5700,1,0.202632
case3,6,5700,2,0.191228
case3,6,5700,3,0.203684
case3,6,5700,4,0.202807
case3,6,5700,5,0.199649
case3,6,5800,1,0.202414
case3,6,5800,2,0.190862
case3,6,5800,3,0.202414
case3,6,5800,4,0.204483
case3,6,5800,5,0.199828
case3,6,5900,1,0.202203
case3,6,5900,2,0.192203
case3,6,5900,3,0.201864
case3,6,5900,4,0.203898
case3,6,5900,5,0.199831
case3,6,6000,1,0.201667
case3,6,6000,2,0.191667
case3,6,6000,3,0.201667
case3,6,6000,4,0.204167
case3,6,6000,5,0.200833
case3,6,6100,1,0.200820
case3,6,6100,2,0.192295
case3,6,6100,3,0.200984
case3,6,6100,4,0.204590
case3,6,6100,5,0.201311
case3,6,6200,1,0.201935
case3,6,6200,2,0.191774
case3,6,6200,3,0.199839
case3,6,6200,4,0.205000
case3,6,6200,5,0.201452
case3,6,6300,1,0.201905
case3,6,6300,2,0.192857
case3,6,6300,3,0.199524
case3,6,6300,4,0.204286
case3,6,6300,5,0.201429
case3,6,6400,1,0.201406
case3,6,6400,2,0.192500
case3,6,6400,3,0.200781
case3,6,6400,4,0.204063
case3,6,6400,5,0.201250
case3,6,6500,1,0.200923
case3,6,6500,2,0.192769
case3,6,6500,3,0.201077
case3,6,6500,4,0.204154
case3,6,6500,5,0.201077
case3,6,6600,1,0.200909
case3,6,6600,2,0.193333
case3,6,6600,3,0.201818
case3,6,6600,4,0.203485
case3,6,6600,5,0.200455
case3,6,6700,1,0.201493
case3,6,6700,2,0.192836
case3,6,6700,3,0.202537
case3,6,6700,4,0.203582
case3,6,6700,5,0.199552
case3,6,6800,1,0.201471
case3,6,6800,2,0.192794
case3,6,6800,3,0.202500
case3,6,6800,4,0.203235
case3,6,6800,5,0.200000
case3,6,6900,1,0.201304
case3,6,6900,2,0.192609
case3,6,6900,3,0.202754
case3,6,6900,4,0.203478
case3,6,6900,5,0.199855
case3,6,7000,1,0.201143
case3,6,7000,2,0.193000
case3,6,7000,3,0.202143
case3,6,7000,4,0.204000
case3,6,7000,5,0.199714
case3,6,7100,1,0.201549
case3,6,7100,2,0.192676
case3,6,7100,3,0.201831
case3,6,7100,4,0.204366
case3,6,7100,5,0.199577
case3,6,7200,1,0.200972
case3,6,7200,2,0.191944
case3,6,7200,3,0.201806
case3,6,7200,4,0.205139
case3,6,7200,5,0.200139
case3,6,7300,1,0.201233
case3,6,7300,2,0.192329
case3,6,7300,3,0.201096
case3,6,7300,4,0.205068
case3,6,7300,5,0.200274
case3,6,7400,1,0.201351
case3,6,7400,2,0.192297
case3,6,7400,3,0.200811
case3,6,7400,4,0.205676
case3,6,7400,5,0.199865
case3,6,7500,1,0.201200
case3,6,7500,2,0.192133
case3,6,7500,3,0.201867
case3,6,7500,4,0.204667
case3,6,7500,5,0.200133
case3,6,7600,1,0.201184
case3,6,7600,2,0.192500
case3,6,7600,3,0.201711
case3,6,7600,4,0.205000
case3,6,7600,5,0.199605
case3,6,7700,1,0.201818
case3,6,7700,2,0.192078
case3,6,7700,3,0.201039
case3,6,7700,4,0.204675
case3,6,7700,5,0.200390
case3,6,7800,1,0.201923
case3,6,7800,2,0.191795
case3,6,7800,3,0.200641
case3,6,7800,4,0.204487
case3,6,7800,5,0.201154
case3,6,7900,1,0.201772
case3,6,7900,2,0.191266
case3,6,7900,3,0.200633
case3,6,7900,4,0.204937
case3,6,7900,5,0.201392
case3,6,8000,1,0.201250
case3,6,8000,2,0.190875
case3,6,8000,3,0.201500
case3,6,8000,4,0.204875
case3,6,8000,5,0.201500
case3,6,8100,1,0.200988
case3,6,8100,2,0.191728
case3,6,8100,3,0.201605
case3,6,8100,4,0.204444
case3,6,8100,5,0.201235
case3,6,8200,1,0.201220
case3,6,8200,2,0.191707
case3,6,8200,3,0.201585
case3,6,8200,4,0.204756
case3,6,8200,5,0.200732
case3,6,8300,1,0.201807
case3,6,8300,2,0.190964
case3,6,8300,3,0.202289
case3,6,8300,4,0.204337
case3,6,8300,5,0.200602
case3,6,8400,1,0.202381
case3,6,8400,2,0.190595
case3,6,8400,3,0.202262
case3,6,8400,4,0.204048
case3,6,8400,5,0.200714
case3,6,8500,1,0.201765
case3,6,8500,2,0.190824
case3,6,8500,3,0.202353
case3,6,8500,4,0.204000
case3,6,8500,5,0.201059
case3,6,8600,1,0.201744
case3,6,8600,2,0.191628
case3,6,8600,3,0.201977
case3,6,8600,4,0.203953
case3,6,8600,5,0.200698
case3,6,8700,1,0.200690
case3,6,8700,2,0.192644
case3,6,8700,3,0.201264
case3,6,8700,4,0.204138
case3,6,8700,5,0.201264
case3,6,8800,1,0.200909
case3,6,8800,2,0.192273
case3,6,8800,3,0.202273
case3,6,8800,4,0.203409
case3,6,8800,5,0.201136
case3,6,8900,1,0.201685
case3,6,8900,2,0.191910
case3,6,8900,3,0.202247
case3,6,8900,4,0.203034
case3,6,8900,5,0.201124
case3,6,9000,1,0.201333
case3,6,9000,2,0.191556
case3,6,9000,3,0.202556
case3,6,9000,4,0.203444
case3,6,9000,5,0.201111
case3,6,9100,1,0.201099
case3,6,9100,2,0.191978
case3,6,9100,3,0.201538
case3,6,9100,4,0.203516
case3,6,9100,5,0.201868
case3,6,9200,1,0.202174
case3,6,9200,2,0.191413
case3,6,9200,3,0.201630
case3,6,9200,4,0.203478
case3,6,9200,5,0.201304
case3,6,9300,1,0.202258
case3,6,9300,2,0.191720
case3,6,9300,3,0.201828
case3,6,9300,4,0.202903
case3,6,9300,5,0.201290
case3,6,9400,1,0.201489
case3,6,9400,2,0.192021
case3,6,9400,3,0.201915
case3,6,9400,4,0.203404
case3,6,9400,5,0.201170
case3,6,9500,1,0.201368
case3,6,9500,2,0.191684
case3,6,9500,3,0.201895
case3,6,9500,4,0.203579
case3,6,9500,5,0.201474
case3,6,9600,1,0.201458
case3,6,9600,2,0.192292
case3,6,9600,3,0.201875
case3,6,9600,4,0.203021
case3,6,9600,5,0.201354
case3,6,9700,1,0.201649
case3,6,9700,2,0.192680
case3,6,9700,3,0.201340
case3,6,9700,4,0.202990
case3,6,9700,5,0.201340
case3,6,9800,1,0.202143
case3,6,9800,2,0.193265
case3,6,9800,3,0.201020
case3,6,9800,4,0.202449
case3,6,9800,5,0.201122
case3,6,9900,1,0.202323
case3,6,9900,2,0.193131
case3,6,9900,3,0.201212
case3,6,9900,4,0.201919
case3,6,9900,5,0.201414
case3,6,10000,1,0.202500
case3,6,10000,2,0.193400
case3,6,10000,3,0.201300
case3,6,10000,4,0.201200
case3,6,10000,5,0.201600
case3,7,100,1,0.210000
case3,7,100,2,0.180000
case3,7,100,3,0.220000
case3,7,100,4,0.190000
case3,7,100,5,0.200000
case3,7,200,1,0.220000
case3,7,200,2,0.175000
case3,7,200,3,0.245000
case3,7,200,4,0.195000
case3,7,200,5,0.165000
case3,7,300,1,0.213333
case3,7,300,2,0.156667
case3,7,300,3,0.236667
case3,7,300,4,0.196667
case3,7,300,5,0.196667
case3,7,400,1,0.205000
case3,7,400,2,0.162500
case3,7,400,3,0.230000
case3,7,400,4,0.220000
case3,7,400,5,0.182500
case3,7,500,1,0.204000
case3,7,500,2,0.164000
case3,7,500,3,0.220000
case3,7,500,4,0.230000
case3,7,500,5,0.182000
case3,7,600,1,0.206667
case3,7,600,2,0.165000
case3,7,600,3,0.228333
case3,7,600,4,0.220000
case3,7,600,5,0.180000
case3,7,700,1,0.198571
case3,7,700,2,0.171429
case3,7,700,3,0.224286
case3,7,700,4,0.221429
case3,7,700,5,0.184286
case3,7,800,1,0.196250
case3,7,800,2,0.170000
case3,7,800,3,0.221250
case3,7,800,4,0.220000
case3,7,800,5,0.192500
case3,7,900,1,0.195556
case3,7,900,2,0.171111
case3,7,900,3,0.216667
case3,7,900,4,0.223333
case3,7,900,5,0.193333
case3,7,1000,1,0.194000
case3,7,1000,2,0.173000
case3,7,1000,3,0.214000
case3,7,1000,4,0.223000
case3,7,1000,5,0.196000
case3,7,1100,1,0.194545
case3,7,1100,2,0.177273
case3,7,1100,3,0.209091
case3,7,1100,4,0.220909
case3,7,1100,5,0.198182
case3,7,1200,1,0.197500
case3,7,1200,2,0.180000
case3,7,1200,3,0.203333
case3,7,1200,4,0.216667
case3,7,1200,5,0.202500
case3,7,1300,1,0.200000
case3,7,1300,2,0.183077
case3,7,1300,3,0.205385
case3,7,1300,4,0.211538
case3,7,1300,5,0.200000
case3,7,1400,1,0.199286
case3,7,1400,2,0.185714
case3,7,1400,3,0.204286
case3,7,1400,4,0.210000
case3,7,1400,5,0.200714
case3,7,1500,1,0.202000
case3,7,1500,2,0.188667
case3,7,1500,3,0.203333
case3,7,1500,4,0.204000
case3,7,1500,5,0.202000
case3,7,1600,1,0.205625
case3,7,1600,2,0.189375
case3,7,1600,3,0.205625
case3,7,1600,4,0.201250
case3,7,1600,5,0.198125
case3,7,1700,1,0.208824
case3,7,1700,2,0.187059
case3,7,1700,3,0.203529
case3,7,1700,4,0.200588
case3,7,1700,5,0.200000
case3,7,1800,1,0.207778
case3,7,1800,2,0.186111
case3,7,1800,3,0.203333
case3,7,1800,4,0.200556
case3,7,1800,5,0.202222
case3,7,1900,1,0.209474
case3,7,1900,2,0.185789
case3,7,1900,3,0.204211
case3,7,1900,4,0.198947
case3,7,1900,5,0.201579
case3,7,2000,1,0.212000
case3,7,2000,2,0.184000
case3,7,2000,3,0.203500
case3,7,2000,4,0.197000
case3,7,2000,5,0.203500
case3,7,2100,1,0.214286
case3,7,2100,2,0.186667
case3,7,2100,3,0.201905
case3,7,2100,4,0.196667
case3,7,2100,5,0.200476
case3,7,2200,1,0.215000
case3,7,2200,2,0.186364
case3,7,2200,3,0.205000
case3,7,2200,4,0.193636
case3,7,2200,5,0.200000
case3,7,2300,1,0.210000
case3,7,2300,2,0.190000
case3,7,2300,3,0.203043
case3,7,2300,4,0.194783
case3,7,2300,5,0.202174
case3,7,2400,1,0.208750
case3,7,2400,2,0.190000
case3,7,2400,3,0.202500
case3,7,2400,4,0.196250
case3,7,2400,5,0.202500
case3,7,2500,1,0.206400
case3,7,2500,2,0.189200
case3,7,2500,3,0.204000
case3,7,2500,4,0.197200
case3,7,2500,5,0.203200
case3,7,2600,1,0.206923
case3,7,2600,2,0.190769
case3,7,2600,3,0.201923
case3,7,2600,4,0.196154
case3,7,2600,5,0.204231
case3,7,2700,1,0.207778
case3,7,2700,2,0.192222
case3,7,2700,3,0.201481
case3,7,2700,4,0.194444
case3,7,2700,5,0.204074
case3,7,2800,1,0.206786
case3,7,2800,2,0.195000
case3,7,2800,3,0.201071
case3,7,2800,4,0.194286
case3,7,2800,5,0.202857
case3,7,2900,1,0.206552
case3,7,2900,2,0.194138
case3,7,2900,3,0.202759
case3,7,2900,4,0.195862
case3,7,2900,5,0.200690
case3,7,3000,1,0.206667
case3,7,3000,2,0.195000
case3,7,3000,3,0.203333
case3,7,3000,4,0.195667
case3,7,3000,5,0.199333
case3,7,3100,1,0.206129
case3,7,3100,2,0.193226
case3,7,3100,3,0.205484
case3,7,3100,4,0.196774
case3,7,3100,5,0.198387
case3,7,3200,1,0.206875
case3,7,3200,2,0.194375
case3,7,3200,3,0.203437
case3,7,3200,4,0.198437
case3,7,3200,5,0.196875
case3,7,3300,1,0.206364
case3,7,3300,2,0.193939
case3,7,3300,3,0.203939
case3,7,3300,4,0.198788
case3,7,3300,5,0.196970
case3,7,3400,1,0.204118
case3,7,3400,2,0.196176
case3,7,3400,3,0.203824
case3,7,3400,4,0.200000
case3,7,3400,5,0.195882
case3,7,3500,1,0.203429
case3,7,3500,2,0.195429
case3,7,3500,3,0.203714
case3,7,3500,4,0.200857
case3,7,3500,5,0.196571
case3,7,3600,1,0.205833
case3,7,3600,2,0.193889
case3,7,3600,3,0.203056
case3,7,3600,4,0.200278
case3,7,3600,5,0.196944
case3,7,3700,1,0.207297
case3,7,3700,2,0.192973
case3,7,3700,3,0.204324
case3,7,3700,4,0.199459
case3,7,3700,5,0.195946
case3,7,3800,1,0.207105
case3,7,3800,2,0.194737
case3,7,3800,3,0.204737
case3,7,3800,4,0.197105
case3,7,3800,5,0.196316
case3,7,3900,1,0.207436
case3,7,3900,2,0.195128
case3,7,3900,3,0.202821
case3,7,3900,4,0.197179
case3,7,3900,5,0.197436
case3,7,4000,1,0.208250
case3,7,4000,2,0.195750
case3,7,4000,3,0.200750
case3,7,4000,4,0.198000
case3,7,4000,5,0.197250
case3,7,4100,1,0.208537
case3,7,4100,2,0.194878
case3,7,4100,3,0.198780
case3,7,4100,4,0.199512
case3,7,4100,5,0.198293
case3,7,4200,1,0.207381
case3,7,4200,2,0.195476
case3,7,4200,3,0.199524
case3,7,4200,4,0.198333
case3,7,4200,5,0.199286
case3,7,4300,1,0.208837
case3,7,4300,2,0.195116
case3,7,4300,3,0.198140
case3,7,4300,4,0.197442
case3,7,4300,5,0.200465
case3,7,4400,1,0.207727
case3,7,4400,2,0.194773
case3,7,4400,3,0.198864
case3,7,4400,4,0.198636
case3,7,4400,5,0.200000
case3,7,4500,1,0.207111
case3,7,4500,2,0.195333
case3,7,4500,3,0.198889
case3,7,4500,4,0.197556
case3,7,4500,5,0.201111
case3,7,4600,1,0.208261
case3,7,4600,2,0.193043
case3,7,4600,3,0.198478
case3,7,4600,4,0.198043
case3,7,4600,5,0.202174
case3,7,4700,1,0.207447
case3,7,4700,2,0.194255
case3,7,4700,3,0.198298
case3,7,4700,4,0.198936
case3,7,4700,5,0.201064
case3,7,4800,1,0.206042
case3,7,4800,2,0.195625
case3,7,4800,3,0.197917
case3,7,4800,4,0.198125
case3,7,4800,5,0.202292
case3,7,4900,1,0.207959
case3,7,4900,2,0.195510
case3,7,4900,3,0.199388
case3,7,4900,4,0.195510
case3,7,4900,5,0.201633
case3,7,5000,1,0.207000
case3,7,5000,2,0.195800
case3,7,5000,3,0.200800
case3,7,5000,4,0.196200
case3,7,5000,5,0.200200
case3,7,5100,1,0.207059
case3,7,5100,2,0.195490
case3,7,5100,3,0.200000
case3,7,5100,4,0.196863
case3,7,5100,5,0.200588
case3,7,5200,1,0.207692
case3,7,5200,2,0.195769
case3,7,5200,3,0.199231
case3,7,5200,4,0.195769
case3,7,5200,5,0.201538
case3,7,5300,1,0.206981
case3,7,5300,2,0.196415
case3,7,5300,3,0.200755
case3,7,5300,4,0.195283
case3,7,5300,5,0.200566
case3,7,5400,1,0.205741
case3,7,5400,2,0.196296
case3,7,5400,3,0.199444
case3,7,5400,4,0.197037
case3,7,5400,5,0.201481
case3,7,5500,1,0.206545
case3,7,5500,2,0.196364
case3,7,5500,3,0.200182
case3,7,5500,4,0.196545
case3,7,5500,5,0.200364
case3,7,5600,1,0.207143
case3,7,5600,2,0.194821
case3,7,5600,3,0.201607
case3,7,5600,4,0.195357
case3,7,5600,5,0.201071
case3,7,5700,1,0.207018
case3,7,5700,2,0.194912
case3,7,5700,3,0.202105
case3,7,5700,4,0.194211
case3,7,5700,5,0.201754
case3,7,5800,1,0.207414
case3,7,5800,2,0.195690
case3,7,5800,3,0.201552
case3,7,5800,4,0.193793
case3,7,5800,5,0.201552
case3,7,5900,1,0.207288
case3,7,5900,2,0.195424
case3,7,5900,3,0.202034
case3,7,5900,4,0.193559
case3,7,5900,5,0.201695
case3,7,6000,1,0.206500
case3,7,6000,2,0.196333
case3,7,6000,3,0.201833
case3,7,6000,4,0.193667
case3,7,6000,5,0.201667
case3,7,6100,1,0.206230
case3,7,6100,2,0.198525
case3,7,6100,3,0.200820
case3,7,6100,4,0.192787
case3,7,6100,5,0.201639
case3,7,6200,1,0.205806
case3,7,6200,2,0.198548
case3,7,6200,3,0.200645
case3,7,6200,4,0.192742
case3,7,6200,5,0.202258
case3,7,6300,1,0.205556
case3,7,6300,2,0.198889
case3,7,6300,3,0.200317
case3,7,6300,4,0.193175
case3,7,6300,5,0.202063
case3,7,6400,1,0.204687
case3,7,6400,2,0.199375
case3,7,6400,3,0.201406
case3,7,6400,4,0.192969
case3,7,6400,5,0.201563
case3,7,6500,1,0.204615
case3,7,6500,2,0.198923
case3,7,6500,3,0.201231
case3,7,6500,4,0.192615
case3,7,6500,5,0.202615
case3,7,6600,1,0.204697
case3,7,6600,2,0.198788
case3,7,6600,3,0.200606
case3,7,6600,4,0.193030
case3,7,6600,5,0.202879
case3,7,6700,1,0.204478
case3,7,6700,2,0.198955
case3,7,6700,3,0.200448
case3,7,6700,4,0.193582
case3,7,6700,5,0.202537
case3,7,6800,1,0.204706
case3,7,6800,2,0.198235
case3,7,6800,3,0.201324
case3,7,6800,4,0.193088
case3,7,6800,5,0.202647
case3,7,6900,1,0.204203
case3,7,6900,2,0.198841
case3,7,6900,3,0.201739
case3,7,6900,4,0.193188
case3,7,6900,5,0.202029
case3,7,7000,1,0.204286
case3,7,7000,2,0.198429
case3,7,7000,3,0.201000
case3,7,7000,4,0.193571
case3,7,7000,5,0.202714
case3,7,7100,1,0.204366
case3,7,7100,2,0.197606
case3,7,7100,3,0.201972
case3,7,7100,4,0.193662
case3,7,7100,5,0.202394
case3,7,7200,1,0.203750
case3,7,7200,2,0.197222
case3,7,7200,3,0.202917
case3,7,7200,4,0.193472
case3,7,7200,5,0.202639
case3,7,7300,1,0.203836
case3,7,7300,2,0.197397
case3,7,7300,3,0.201918
case3,7,7300,4,0.194247
case3,7,7300,5,0.202603
case3,7,7400,1,0.203649
case3,7,7400,2,0.197973
case3,7,7400,3,0.202027
case3,7,7400,4,0.193919
case3,7,7400,5,0.202432
case3,7,7500,1,0.204000
case3,7,7500,2,0.197733
case3,7,7500,3,0.202667
case3,7,7500,4,0.193067
case3,7,7500,5,0.202533
case3,7,7600,1,0.203816
case3,7,7600,2,0.197500
case3,7,7600,3,0.203684
case3,7,7600,4,0.193421
case3,7,7600,5,0.201579
case3,7,7700,1,0.203377
case3,7,7700,2,0.197662
case3,7,7700,3,0.202987
case3,7,7700,4,0.193896
case3,7,7700,5,0.202078
case3,7,7800,1,0.202564
case3,7,7800,2,0.197564
case3,7,7800,3,0.203718
case3,7,7800,4,0.193590
case3,7,7800,5,0.202564
case3,7,7900,1,0.202278
case3,7,7900,2,0.197848
case3,7,7900,3,0.203418
case3,7,7900,4,0.193038
case3,7,7900,5,0.203418
case3,7,8000,1,0.201500
case3,7,8000,2,0.198375
case3,7,8000,3,0.202750
case3,7,8000,4,0.193500
case3,7,8000,5,0.203875
case3,7,8100,1,0.201852
case3,7,8100,2,0.198395
case3,7,8100,3,0.201975
case3,7,8100,4,0.194074
case3,7,8100,5,0.203704
case3,7,8200,1,0.201585
case3,7,8200,2,0.198902
case3,7,8200,3,0.202073
case3,7,8200,4,0.194268
case3,7,8200,5,0.203171
case3,7,8300,1,0.201566
case3,7,8300,2,0.198795
case3,7,8300,3,0.202651
case3,7,8300,4,0.193735
case3,7,8300,5,0.203253
case3,7,8400,1,0.201190
case3,7,8400,2,0.198929
case3,7,8400,3,0.202024
case3,7,8400,4,0.194643
case3,7,8400,5,0.203214
case3,7,8500,1,0.201176
case3,7,8500,2,0.198941
case3,7,8500,3,0.201294
case3,7,8500,4,0.195059
case3,7,8500,5,0.203529
case3,7,8600,1,0.201512
case3,7,8600,2,0.198953
case3,7,8600,3,0.201512
case3,7,8600,4,0.195233
case3,7,8600,5,0.202791
case3,7,8700,1,0.201379
case3,7,8700,2,0.198851
case3,7,8700,3,0.201379
case3,7,8700,4,0.195977
case3,7,8700,5,0.202414
case3,7,8800,1,0.201477
case3,7,8800,2,0.199318
case3,7,8800,3,0.201136
case3,7,8800,4,0.195568
case3,7,8800,5,0.202500
case3,7,8900,1,0.201348
case3,7,8900,2,0.198764
case3,7,8900,3,0.200225
case3,7,8900,4,0.196067
case3,7,8900,5,0.203596
case3,7,9000,1,0.201889
case3,7,9000,2,0.199111
case3,7,9000,3,0.200111
case3,7,9000,4,0.195889
case3,7,9000,5,0.203000
case3,7,9100,1,0.201758
case3,7,9100,2,0.198681
case3,7,9100,3,0.200879
case3,7,9100,4,0.195714
case3,7,9100,5,0.202967
case3,7,9200,1,0.201848
case3,7,9200,2,0.198804
case3,7,9200,3,0.200978
case3,7,9200,4,0.195652
case3,7,9200,5,0.202717
case3,7,9300,1,0.201613
case3,7,9300,2,0.198387
case3,7,9300,3,0.201613
case3,7,9300,4,0.196022
case3,7,9300,5,0.202366
case3,7,9400,1,0.202234
case3,7,9400,2,0.198191
case3,7,9400,3,0.201702
case3,7,9400,4,0.195851
case3,7,9400,5,0.202021
case3,7,9500,1,0.203158
case3,7,9500,2,0.198000
case3,7,9500,3,0.201368
case3,7,9500,4,0.195789
case3,7,9500,5,0.201684
case3,7,9600,1,0.203125
case3,7,9600,2,0.197917
case3,7,9600,3,0.201458
case3,7,9600,4,0.195417
case3,7,9600,5,0.202083
case3,7,9700,1,0.202680
case3,7,9700,2,0.197732
case3,7,9700,3,0.201959
case3,7,9700,4,0.195979
case3,7,9700,5,0.201649
case3,7,9800,1,0.202959
case3,7,9800,2,0.197449
case3,7,9800,3,0.201735
case3,7,9800,4,0.196531
case3,7,9800,5,0.201327
case3,7,9900,1,0.202727
case3,7,9900,2,0.196667
case3,7,9900,3,0.202727
case3,7,9900,4,0.196667
case3,7,9900,5,0.201212
case3,7,10000,1,0.202100
case3,7,10000,2,0.196800
case3,7,10000,3,0.202800
case3,7,10000,4,0.197500
case3,7,10000,5,0.200800
case3,8,100,1,0.230000
case3,8,100,2,0.180000
case3,8,100,3,0.220000
case3,8,100,4,0.210000
case3,8,100,5,0.160000
case3,8,200,1,0.230000
case3,8,200,2,0.190000
case3,8,200,3,0.210000
case3,8,200,4,0.185000
case3,8,200,5,0.185000
case3,8,300,1,0.233333
case3,8,300,2,0.166667
case3,8,300,3,0.236667
case3,8,300,4,0.173333
case3,8,300,5,0.190000
case3,8,400,1,0.225000
case3,8,400,2,0.182500
case3,8,400,3,0.217500
case3,8,400,4,0.180000
case3,8,400,5,0.195000
case3,8,500,1,0.216000
case3,8,500,2,0.194000
case3,8,500,3,0.222000
case3,8,500,4,0.174000
case3,8,500,5,0.194000
case3,8,600,1,0.213333
case3,8,600,2,0.198333
case3,8,600,3,0.213333
case3,8,600,4,0.178333
case3,8,600,5,0.196667
case3,8,700,1,0.215714
case3,8,700,2,0.195714
case3,8,700,3,0.211429
case3,8,700,4,0.181429
case3,8,700,5,0.195714
case3,8,800,1,0.217500
case3,8,800,2,0.196250
case3,8,800,3,0.210000
case3,8,800,4,0.177500
case3,8,800,5,0.198750
case3,8,900,1,0.215556
case3,8,900,2,0.202222
case3,8,900,3,0.206667
case3,8,900,4,0.180000
case3,8,900,5,0.195556
case3,8,1000,1,0.211000
case3,8,1000,2,0.201000
case3,8,1000,3,0.201000
case3,8,1000,4,0.189000
case3,8,1000,5,0.198000
case3,8,1100,1,0.207273
case3,8,1100,2,0.199091
case3,8,1100,3,0.198182
case3,8,1100,4,0.193636
case3,8,1100,5,0.201818
case3,8,1200,1,0.208333
case3,8,1200,2,0.194167
case3,8,1200,3,0.200833
case3,8,1200,4,0.188333
case3,8,1200,5,0.208333
case3,8,1300,1,0.209231
case3,8,1300,2,0.201538
case3,8,1300,3,0.196923
case3,8,1300,4,0.186154
case3,8,1300,5,0.206154
case3,8,1400,1,0.207857
case3,8,1400,2,0.205000
case3,8,1400,3,0.195000
case3,8,1400,4,0.187857
case3,8,1400,5,0.204286
case3,8,1500,1,0.208000
case3,8,1500,2,0.202000
case3,8,1500,3,0.196667
case3,8,1500,4,0.190000
case3,8,1500,5,0.203333
case3,8,1600,1,0.208125
case3,8,1600,2,0.200000
case3,8,1600,3,0.194375
case3,8,1600,4,0.192500
case3,8,1600,5,0.205000
case3,8,1700,1,0.208235
case3,8,1700,2,0.198824
case3,8,1700,3,0.198824
case3,8,1700,4,0.194118
case3,8,1700,5,0.200000
case3,8,1800,1,0.208889
case3,8,1800,2,0.193889
case3,8,1800,3,0.201111
case3,8,1800,4,0.195556
case3,8,1800,5,0.200556
case3,8,1900,1,0.207368
case3,8,1900,2,0.191053
case3,8,1900,3,0.204737
case3,8,1900,4,0.195789
case3,8,1900,5,0.201053
case3,8,2000,1,0.207500
case3,8,2000,2,0.193500
case3,8,2000,3,0.203000
case3,8,2000,4,0.193000
case3,8,2000,5,0.203000
case3,8,2100,1,0.207619
case3,8,2100,2,0.191905
case3,8,2100,3,0.202381
case3,8,2100,4,0.195238
case3,8,2100,5,0.202857
case3,8,2200,1,0.206818
case3,8,2200,2,0.194545
case3,8,2200,3,0.205000
case3,8,2200,4,0.193636
case3,8,2200,5,0.200000
case3,8,2300,1,0.206087
case3,8,2300,2,0.194348
case3,8,2300,3,0.206522
case3,8,2300,4,0.190870
case3,8,2300,5,0.202174
case3,8,2400,1,0.207083
case3,8,2400,2,0.196667
case3,8,2400,3,0.204167
case3,8,2400,4,0.192917
case3,8,2400,5,0.199167
case3,8,2500,1,0.202800
case3,8,2500,2,0.194400
case3,8,2500,3,0.205600
case3,8,2500,4,0.196800
case3,8,2500,5,0.200400
case3,8,2600,1,0.201154
case3,8,2600,2,0.193846
case3,8,2600,3,0.204615
case3,8,2600,4,0.198462
case3,8,2600,5,0.201923
case3,8,2700,1,0.201111
case3,8,2700,2,0.194815
case3,8,2700,3,0.202963
case3,8,2700,4,0.197037
case3,8,2700,5,0.204074
case3,8,2800,1,0.201071
case3,8,2800,2,0.194286
case3,8,2800,3,0.203929
case3,8,2800,4,0.197143
case3,8,2800,5,0.203571
case3,8,2900,1,0.198621
case3,8,2900,2,0.197586
case3,8,2900,3,0.203793
case3,8,2900,4,0.196207
case3,8,2900,5,0.203793
case3,8,3000,1,0.198667
case3,8,3000,2,0.196667
case3,8,3000,3,0.205333
case3,8,3000,4,0.195333
case3,8,3000,5,0.204000
case3,8,3100,1,0.198387
case3,8,3100,2,0.196452
case3,8,3100,3,0.203871
case3,8,3100,4,0.196129
case3,8,3100,5,0.205161
case3,8,3200,1,0.198750
case3,8,3200,2,0.196250
case3,8,3200,3,0.204063
case3,8,3200,4,0.195625
case3,8,3200,5,0.205313
case3,8,3300,1,0.198788
case3,8,3300,2,0.197576
case3,8,3300,3,0.203030
case3,8,3300,4,0.196970
case3,8,3300,5,0.203636
case3,8,3400,1,0.197647
case3,8,3400,2,0.197353
case3,8,3400,3,0.202353
case3,8,3400,4,0.197353
case3,8,3400,5,0.205294
case3,8,3500,1,0.197714
case3,8,3500,2,0.196571
case3,8,3500,3,0.201714
case3,8,3500,4,0.199429
case3,8,3500,5,0.204571
case3,8,3600,1,0.197500
case3,8,3600,2,0.194722
case3,8,3600,3,0.200000
case3,8,3600,4,0.199167
case3,8,3600,5,0.208611
case3,8,3700,1,0.195405
case3,8,3700,2,0.195135
case3,8,3700,3,0.201622
case3,8,3700,4,0.197297
case3,8,3700,5,0.210541
case3,8,3800,1,0.195263
case3,8,3800,2,0.195526
case3,8,3800,3,0.201053
case3,8,3800,4,0.196579
case3,8,3800,5,0.211579
case3,8,3900,1,0.195385
case3,8,3900,2,0.196667
case3,8,3900,3,0.201538
case3,8,3900,4,0.195128
case3,8,3900,5,0.211282
case3,8,4000,1,0.194000
case3,8,4000,2,0.197000
case3,8,4000,3,0.202250
case3,8,4000,4,0.197000
case3,8,4000,5,0.209750
case3,8,4100,1,0.193902
case3,8,4100,2,0.196341
case3,8,4100,3,0.203902
case3,8,4100,4,0.195854
case3,8,4100,5,0.210000
case3,8,4200,1,0.194048
case3,8,4200,2,0.197381
case3,8,4200,3,0.203810
case3,8,4200,4,0.196905
case3,8,4200,5,0.207857
case3,8,4300,1,0.194419
case3,8,4300,2,0.196047
case3,8,4300,3,0.203023
case3,8,4300,4,0.198372
case3,8,4300,5,0.208140
case3,8,4400,1,0.194545
case3,8,4400,2,0.197045
case3,8,4400,3,0.200682
case3,8,4400,4,0.198409
case3,8,4400,5,0.209318
case3,8,4500,1,0.196222
case3,8,4500,2,0.196444
case3,8,4500,3,0.199556
case3,8,4500,4,0.198222
case3,8,4500,5,0.209556
case3,8,4600,1,0.196087
case3,8,4600,2,0.196522
case3,8,4600,3,0.198913
case3,8,4600,4,0.199783
case3,8,4600,5,0.208696
case3,8,4700,1,0.195532
case3,8,4700,2,0.197021
case3,8,4700,3,0.198723
case3,8,4700,4,0.200426
case3,8,4700,5,0.208298
case3,8,4800,1,0.195208
case3,8,4800,2,0.197500
case3,8,4800,3,0.198958
case3,8,4800,4,0.200833
case3,8,4800,5,0.207500
case3,8,4900,1,0.194082
case3,8,4900,2,0.199796
case3,8,4900,3,0.198367
case3,8,4900,4,0.200204
case3,8,4900,5,0.207551
case3,8,5000,1,0.195800
case3,8,5000,2,0.201000
case3,8,5000,3,0.198000
case3,8,5000,4,0.199600
case3,8,5000,5,0.205600
case3,8,5100,1,0.195098
case3,8,5100,2,0.200784
case3,8,5100,3,0.197647
case3,8,5100,4,0.201176
case3,8,5100,5,0.205294
case3,8,5200,1,0.197115
case3,8,5200,2,0.200385
case3,8,5200,3,0.196923
case3,8,5200,4,0.200577
case3,8,5200,5,0.205000
case3,8,5300,1,0.196415
case3,8,5300,2,0.200755
case3,8,5300,3,0.196792
case3,8,5300,4,0.201509
case3,8,5300,5,0.204528
case3,8,5400,1,0.196667
case3,8,5400,2,0.200000
case3,8,5400,3,0.197407
case3,8,5400,4,0.201111
case3,8,5400,5,0.204815
case3,8,5500,1,0.196364
case3,8,5500,2,0.201091
case3,8,5500,3,0.197273
case3,8,5500,4,0.200545
case3,8,5500,5,0.204727
case3,8,5600,1,0.196964
case3,8,5600,2,0.200357
case3,8,5600,3,0.197857
case3,8,5600,4,0.200893
case3,8,5600,5,0.203929
case3,8,5700,1,0.197193
case3,8,5700,2,0.200526
case3,8,5700,3,0.198070
case3,8,5700,4,0.200526
case3,8,5700,5,0.203684
case3,8,5800,1,0.197586
case3,8,5800,2,0.201897
case3,8,5800,3,0.196379
case3,8,5800,4,0.200517
case3,8,5800,5,0.203621
case3,8,5900,1,0.197966
case3,8,5900,2,0.202203
case3,8,5900,3,0.195763
case3,8,5900,4,0.200000
case3,8,5900,5,0.204068
case3,8,6000,1,0.197500
case3,8,6000,2,0.202833
case3,8,6000,3,0.196667
case3,8,6000,4,0.200000
case3,8,6000,5,0.203000
case3,8,6100,1,0.196885
case3,8,6100,2,0.203770
case3,8,6100,3,0.196393
case3,8,6100,4,0.200164
case3,8,6100,5,0.202787
case3,8,6200,1,0.197258
case3,8,6200,2,0.204516
case3,8,6200,3,0.195161
case3,8,6200,4,0.200968
case3,8,6200,5,0.202097
case3,8,6300,1,0.197937
case3,8,6300,2,0.205079
case3,8,6300,3,0.195238
case3,8,6300,4,0.200317
case3,8,6300,5,0.201429
case3,8,6400,1,0.198125
case3,8,6400,2,0.205469
case3,8,6400,3,0.194688
case3,8,6400,4,0.200313
case3,8,6400,5,0.201406
case3,8,6500,1,0.198462
case3,8,6500,2,0.204154
case3,8,6500,3,0.194769
case3,8,6500,4,0.200923
case3,8,6500,5,0.201692
case3,8,6600,1,0.198485
case3,8,6600,2,0.203030
case3,8,6600,3,0.194848
case3,8,6600,4,0.201212
case3,8,6600,5,0.202424
case3,8,6700,1,0.197612
case3,8,6700,2,0.203284
case3,8,6700,3,0.195373
case3,8,6700,4,0.200896
case3,8,6700,5,0.202836
case3,8,6800,1,0.197794
case3,8,6800,2,0.203235
case3,8,6800,3,0.196618
case3,8,6800,4,0.200147
case3,8,6800,5,0.202206
case3,8,6900,1,0.197971
case3,8,6900,2,0.202899
case3,8,6900,3,0.196667
case3,8,6900,4,0.200725
case3,8,6900,5,0.201739
case3,8,7000,1,0.198429
case3,8,7000,2,0.201714
case3,8,7000,3,0.197286
case3,8,7000,4,0.200571
case3,8,7000,5,0.202000
case3,8,7100,1,0.197887
case3,8,7100,2,0.201690
case3,8,7100,3,0.197183
case3,8,7100,4,0.200986
case3,8,7100,5,0.202254
case3,8,7200,1,0.197222
case3,8,7200,2,0.202361
case3,8,7200,3,0.198056
case3,8,7200,4,0.200972
case3,8,7200,5,0.201389
case3,8,7300,1,0.197945
case3,8,7300,2,0.202329
case3,8,7300,3,0.197397
case3,8,7300,4,0.201918
case3,8,7300,5,0.200411
case3,8,7400,1,0.198243
case3,8,7400,2,0.201892
case3,8,7400,3,0.198243
case3,8,7400,4,0.201486
case3,8,7400,5,0.200135
case3,8,7500,1,0.197867
case3,8,7500,2,0.202000
case3,8,7500,3,0.198267
case3,8,7500,4,0.200800
case3,8,7500,5,0.201067
case3,8,7600,1,0.197895
case3,8,7600,2,0.201579
case3,8,7600,3,0.197500
case3,8,7600,4,0.201053
case3,8,7600,5,0.201974
case3,8,7700,1,0.197273
case3,8,7700,2,0.202338
case3,8,7700,3,0.198312
case3,8,7700,4,0.200779
case3,8,7700,5,0.201299
case3,8,7800,1,0.196923
case3,8,7800,2,0.201282
case3,8,7800,3,0.198333
case3,8,7800,4,0.201538
case3,8,7800,5,0.201923
case3,8,7900,1,0.196329
case3,8,7900,2,0.201646
case3,8,7900,3,0.198228
case3,8,7900,4,0.201139
case3,8,7900,5,0.202658
case3,8,8000,1,0.196000
case3,8,8000,2,0.201375
case3,8,8000,3,0.198625
case3,8,8000,4,0.201000
case3,8,8000,5,0.203000
case3,8,8100,1,0.196049
case3,8,8100,2,0.201605
case3,8,8100,3,0.197531
case3,8,8100,4,0.201605
case3,8,8100,5,0.203210
case3,8,8200,1,0.196707
case3,8,8200,2,0.201341
case3,8,8200,3,0.196829
case3,8,8200,4,0.201585
case3,8,8200,5,0.203537
case3,8,8300,1,0.196386
case3,8,8300,2,0.201807
case3,8,8300,3,0.196627
case3,8,8300,4,0.201807
case3,8,8300,5,0.203373
case3,8,8400,1,0.196071
case3,8,8400,2,0.202143
case3,8,8400,3,0.196905
case3,8,8400,4,0.201190
case3,8,8400,5,0.203690
case3,8,8500,1,0.196353
case3,8,8500,2,0.202706
case3,8,8500,3,0.196471
case3,8,8500,4,0.200824
case3,8,8500,5,0.203647
case3,8,8600,1,0.196512
case3,8,8600,2,0.202907
case3,8,8600,3,0.195930
case3,8,8600,4,0.200581
case3,8,8600,5,0.204070
case3,8,8700,1,0.196437
case3,8,8700,2,0.202644
case3,8,8700,3,0.196322
case3,8,8700,4,0.200345
case3,8,8700,5,0.204253
case3,8,8800,1,0.195682
case3,8,8800,2,0.203068
case3,8,8800,3,0.195909
case3,8,8800,4,0.201023
case3,8,8800,5,0.204318
case3,8,8900,1,0.195393
case3,8,8900,2,0.203258
case3,8,8900,3,0.196067
case3,8,8900,4,0.201011
case3,8,8900,5,0.204270
case3,8,9000,1,0.196000
case3,8,9000,2,0.203778
case3,8,9000,3,0.195333
case3,8,9000,4,0.200889
case3,8,9000,5,0.204000
case3,8,9100,1,0.194945
case3,8,9100,2,0.204176
case3,8,9100,3,0.195824
case3,8,9100,4,0.201758
case3,8,9100,5,0.203297
case3,8,9200,1,0.194674
case3,8,9200,2,0.205217
case3,8,9200,3,0.195870
case3,8,9200,4,0.201522
case3,8,9200,5,0.202717
case3,8,9300,1,0.194194
case3,8,9300,2,0.205699
case3,8,9300,3,0.195376
case3,8,9300,4,0.201828
case3,8,9300,5,0.202903
case3,8,9400,1,0.194362
case3,8,9400,2,0.206064
case3,8,9400,3,0.195426
case3,8,9400,4,0.201489
case3,8,9400,5,0.202660
case3,8,9500,1,0.194316
case3,8,9500,2,0.206211
case3,8,9500,3,0.195684
case3,8,9500,4,0.201579
case3,8,9500,5,0.202211
case3,8,9600,1,0.194375
case3,8,9600,2,0.206458
case3,8,9600,3,0.195833
case3,8,9600,4,0.201875
case3,8,9600,5,0.201458
case3,8,9700,1,0.194227
case3,8,9700,2,0.206907
case3,8,9700,3,0.195670
case3,8,9700,4,0.201856
case3,8,9700,5,0.201340
case3,8,9800,1,0.193776
case3,8,9800,2,0.206837
case3,8,9800,3,0.195510
case3,8,9800,4,0.202245
case3,8,9800,5,0.201633
case3,8,9900,1,0.193535
case3,8,9900,2,0.207071
case3,8,9900,3,0.195051
case3,8,9900,4,0.201919
case3,8,9900,5,0.202424
case3,8,10000,1,0.192800
case3,8,10000,2,0.206600
case3,8,10000,3,0.195100
case3,8,10000,4,0.202100
case3,8,10000,5,0.203400
case3,9,100,1,0.210000
case3,9,100,2,0.220000
case3,9,100,3,0.160000
case3,9,100,4,0.200000
case3,9,100,5,0.210000
case3,9,200,1,0.215000
case3,9,200,2,0.215000
case3,9,200,3,0.155000
case3,9,200,4,0.185000
case3,9,200,5,0.230000
case3,9,300,1,0.230000
case3,9,300,2,0.210000
case3,9,300,3,0.156667
case3,9,300,4,0.173333
case3,9,300,5,0.230000
case3,9,400,1,0.222500
case3,9,400,2,0.212500
case3,9,400,3,0.170000
case3,9,400,4,0.167500
case3,9,400,5,0.227500
case3,9,500,1,0.218000
case3,9,500,2,0.222000
case3,9,500,3,0.166000
case3,9,500,4,0.170000
case3,9,500,5,0.224000
case3,9,600,1,0.210000
case3,9,600,2,0.223333
case3,9,600,3,0.171667
case3,9,600,4,0.176667
case3,9,600,5,0.218333
case3,9,700,1,0.222857
case3,9,700,2,0.207143
case3,9,700,3,0.170000
case3,9,700,4,0.174286
case3,9,700,5,0.225714
case3,9,800,1,0.226250
case3,9,800,2,0.203750
case3,9,800,3,0.172500
case3,9,800,4,0.180000
case3,9,800,5,0.217500
case3,9,900,1,0.227778
case3,9,900,2,0.203333
case3,9,900,3,0.173333
case3,9,900,4,0.187778
case3,9,900,5,0.207778
case3,9,1000,1,0.224000
case3,9,1000,2,0.205000
case3,9,1000,3,0.186000
case3,9,1000,4,0.184000
case3,9,1000,5,0.201000
case3,9,1100,1,0.218182
case3,9,1100,2,0.203636
case3,9,1100,3,0.192727
case3,9,1100,4,0.183636
case3,9,1100,5,0.201818
case3,9,1200,1,0.216667
case3,9,1200,2,0.206667
case3,9,1200,3,0.196667
case3,9,1200,4,0.181667
case3,9,1200,5,0.198333
case3,9,1300,1,0.217692
case3,9,1300,2,0.202308
case3,9,1300,3,0.193846
case3,9,1300,4,0.184615
case3,9,1300,5,0.201538
case3,9,1400,1,0.213571
case3,9,1400,2,0.202857
case3,9,1400,3,0.196429
case3,9,1400,4,0.185714
case3,9,1400,5,0.201429
case3,9,1500,1,0.212667
case3,9,1500,2,0.202000
case3,9,1500,3,0.198667
case3,9,1500,4,0.185333
case3,9,1500,5,0.201333
case3,9,1600,1,0.216250
case3,9,1600,2,0.201875
case3,9,1600,3,0.198750
case3,9,1600,4,0.184375
case3,9,1600,5,0.198750
case3,9,1700,1,0.220000
case3,9,1700,2,0.202353
case3,9,1700,3,0.199412
case3,9,1700,4,0.184118
case3,9,1700,5,0.194118
case3,9,1800,1,0.216667
case3,9,1800,2,0.206667
case3,9,1800,3,0.196667
case3,9,1800,4,0.183333
case3,9,1800,5,0.196667
case3,9,1900,1,0.216316
case3,9,1900,2,0.204737
case3,9,1900,3,0.196316
case3,9,1900,4,0.182632
case3,9,1900,5,0.200000
case3,9,2000,1,0.215500
case3,9,2000,2,0.204000
case3,9,2000,3,0.196500
case3,9,2000,4,0.183500
case3,9,2000,5,0.200500
case3,9,2100,1,0.214762
case3,9,2100,2,0.206190
case3,9,2100,3,0.194286
case3,9,2100,4,0.184286
case3,9,2100,5,0.200476
case3,9,2200,1,0.212727
case3,9,2200,2,0.203182
case3,9,2200,3,0.195455
case3,9,2200,4,0.185455
case3,9,2200,5,0.203182
case3,9,2300,1,0.215652
case3,9,2300,2,0.203043
case3,9,2300,3,0.194783
case3,9,2300,4,0.183913
case3,9,2300,5,0.202609
case3,9,2400,1,0.214167
case3,9,2400,2,0.202917
case3,9,2400,3,0.195000
case3,9,2400,4,0.184583
case3,9,2400,5,0.203333
case3,9,2500,1,0.212400
case3,9,2500,2,0.200800
case3,9,2500,3,0.197600
case3,9,2500,4,0.186400
case3,9,2500,5,0.202800
case3,9,2600,1,0.212308
case3,9,2600,2,0.199615
case3,9,2600,3,0.196538
case3,9,2600,4,0.188846
case3,9,2600,5,0.202692
case3,9,2700,1,0.210741
case3,9,2700,2,0.200000
case3,9,2700,3,0.198148
case3,9,2700,4,0.188889
case3,9,2700,5,0.202222
case3,9,2800,1,0.209286
case3,9,2800,2,0.201786
case3,9,2800,3,0.198214
case3,9,2800,4,0.190000
case3,9,2800,5,0.200714
case3,9,2900,1,0.208621
case3,9,2900,2,0.202759
case3,9,2900,3,0.200000
case3,9,2900,4,0.189655
case3,9,2900,5,0.198966
case3,9,3000,1,0.208667
case3,9,3000,2,0.202000
case3,9,3000,3,0.201000
case3,9,3000,4,0.189667
case3,9,3000,5,0.198667
case3,9,3100,1,0.207097
case3,9,3100,2,0.201613
case3,9,3100,3,0.202258
case3,9,3100,4,0.188710
case3,9,3100,5,0.200323
case3,9,3200,1,0.207813
case3,9,3200,2,0.199687
case3,9,3200,3,0.201250
case3,9,3200,4,0.191250
case3,9,3200,5,0.200000
case3,9,3300,1,0.209394
case3,9,3300,2,0.198485
case3,9,3300,3,0.201212
case3,9,3300,4,0.190303
case3,9,3300,5,0.200606
case3,9,3400,1,0.208824
case3,9,3400,2,0.197941
case3,9,3400,3,0.201765
case3,9,3400,4,0.190294
case3,9,3400,5,0.201176
case3,9,3500,1,0.208571
case3,9,3500,2,0.198571
case3,9,3500,3,0.202857
case3,9,3500,4,0.190286
case3,9,3500,5,0.199714
case3,9,3600,1,0.207222
case3,9,3600,2,0.199444
case3,9,3600,3,0.203056
case3,9,3600,4,0.190278
case3,9,3600,5,0.200000
case3,9,3700,1,0.206486
case3,9,3700,2,0.200270
case3,9,3700,3,0.202432
case3,9,3700,4,0.189189
case3,9,3700,5,0.201622
case3,9,3800,1,0.205789
case3,9,3800,2,0.199737
case3,9,3800,3,0.201842
case3,9,3800,4,0.189211
case3,9,3800,5,0.203421
case3,9,3900,1,0.205897
case3,9,3900,2,0.200000
case3,9,3900,3,0.201795
case3,9,3900,4,0.189487
case3,9,3900,5,0.202821
case3,9,4000,1,0.206750
case3,9,4000,2,0.200250
case3,9,4000,3,0.201250
case3,9,4000,4,0.190250
case3,9,4000,5,0.201500
case3,9,4100,1,0.207073
case3,9,4100,2,0.201707
case3,9,4100,3,0.200488
case3,9,4100,4,0.189024
case3,9,4100,5,0.201707
case3,9,4200,1,0.207143
case3,9,4200,2,0.202143
case3,9,4200,3,0.202143
case3,9,4200,4,0.189048
case3,9,4200,5,0.199524
case3,9,4300,1,0.206512
case3,9,4300,2,0.203488
case3,9,4300,3,0.202326
case3,9,4300,4,0.189302
case3,9,4300,5,0.198372
case3,9,4400,1,0.206591
case3,9,4400,2,0.204091
case3,9,4400,3,0.201591
case3,9,4400,4,0.188864
case3,9,4400,5,0.198864
case3,9,4500,1,0.207556
case3,9,4500,2,0.203333
case3,9,4500,3,0.200667
case3,9,4500,4,0.189333
case3,9,4500,5,0.199111
case3,9,4600,1,0.206739
case3,9,4600,2,0.206304
case3,9,4600,3,0.200435
case3,9,4600,4,0.188478
case3,9,4600,5,0.198043
case3,9,4700,1,0.205745
case3,9,4700,2,0.205319
case3,9,4700,3,0.200426
case3,9,4700,4,0.189149
case3,9,4700,5,0.199362
case3,9,4800,1,0.204583
case3,9,4800,2,0.205625
case3,9,4800,3,0.200208
case3,9,4800,4,0.188958
case3,9,4800,5,0.200625
case3,9,4900,1,0.202857
case3,9,4900,2,0.205306
case3,9,4900,3,0.201429
case3,9,4900,4,0.189388
case3,9,4900,5,0.201020
case3,9,5000,1,0.202800
case3,9,5000,2,0.205400
case3,9,5000,3,0.200600
case3,9,5000,4,0.190800
case3,9,5000,5,0.200400
case3,9,5100,1,0.201569
case3,9,5100,2,0.205294
case3,9,5100,3,0.200784
case3,9,5100,4,0.191569
case3,9,5100,5,0.200784
case3,9,5200,1,0.202308
case3,9,5200,2,0.204423
case3,9,5200,3,0.201154
case3,9,5200,4,0.191731
case3,9,5200,5,0.200385
case3,9,5300,1,0.202075
case3,9,5300,2,0.203962
case3,9,5300,3,0.201132
case3,9,5300,4,0.193019
case3,9,5300,5,0.199811
case3,9,5400,1,0.200370
case3,9,5400,2,0.204815
case3,9,5400,3,0.200741
case3,9,5400,4,0.193519
case3,9,5400,5,0.200556
case3,9,5500,1,0.199818
case3,9,5500,2,0.204727
case3,9,5500,3,0.200545
case3,9,5500,4,0.194727
case3,9,5500,5,0.200182
case3,9,5600,1,0.200000
case3,9,5600,2,0.204464
case3,9,5600,3,0.201250
case3,9,5600,4,0.194107
case3,9,5600,5,0.200179
case3,9,5700,1,0.199474
case3,9,5700,2,0.203860
case3,9,5700,3,0.201228
case3,9,5700,4,0.194737
case3,9,5700,5,0.200702
case3,9,5800,1,0.200690
case3,9,5800,2,0.203966
case3,9,5800,3,0.200690
case3,9,5800,4,0.194655
case3,9,5800,5,0.200000
case3,9,5900,1,0.200000
case3,9,5900,2,0.203729
case3,9,5900,3,0.201356
case3,9,5900,4,0.194576
case3,9,5900,5,0.200339
case3,9,6000,1,0.199667
case3,9,6000,2,0.204000
case3,9,6000,3,0.201167
case3,9,6000,4,0.194667
case3,9,6000,5,0.200500
case3,9,6100,1,0.199344
case3,9,6100,2,0.203443
case3,9,6100,3,0.201475
case3,9,6100,4,0.194918
case3,9,6100,5,0.200820
case3,9,6200,1,0.199516
case3,9,6200,2,0.203387
case3,9,6200,3,0.201613
case3,9,6200,4,0.194355
case3,9,6200,5,0.201129
case3,9,6300,1,0.200000
case3,9,6300,2,0.203651
case3,9,6300,3,0.202063
case3,9,6300,4,0.193810
case3,9,6300,5,0.200476
case3,9,6400,1,0.199844
case3,9,6400,2,0.203281
case3,9,6400,3,0.202031
case3,9,6400,4,0.193750
case3,9,6400,5,0.201094
case3,9,6500,1,0.200462
case3,9,6500,2,0.202923
case3,9,6500,3,0.201692
case3,9,6500,4,0.193846
case3,9,6500,5,0.201077
case3,9,6600,1,0.199545
case3,9,6600,2,0.203636
case3,9,6600,3,0.201667
case3,9,6600,4,0.193182
case3,9,6600,5,0.201970
case3,9,6700,1,0.198806
case3,9,6700,2,0.204776
case3,9,6700,3,0.200896
case3,9,6700,4,0.193433
case3,9,6700,5,0.202090
case3,9,6800,1,0.199118
case3,9,6800,2,0.205147
case3,9,6800,3,0.201176
case3,9,6800,4,0.193529
case3,9,6800,5,0.201029
case3,9,6900,1,0.198986
case3,9,6900,2,0.205072
case3,9,6900,3,0.200435
case3,9,6900,4,0.193623
case3,9,6900,5,0.201884
case3,9,7000,1,0.199714
case3,9,7000,2,0.204286
case3,9,7000,3,0.200143
case3,9,7000,4,0.194000
case3,9,7000,5,0.201857
case3,9,7100,1,0.199859
case3,9,7100,2,0.204085
case3,9,7100,3,0.200704
case3,9,7100,4,0.193662
case3,9,7100,5,0.201690
case3,9,7200,1,0.200139
case3,9,7200,2,0.204583
case3,9,7200,3,0.199861
case3,9,7200,4,0.193333
case3,9,7200,5,0.202083
case3,9,7300,1,0.200137
case3,9,7300,2,0.204932
case3,9,7300,3,0.198904
case3,9,7300,4,0.193973
case3,9,7300,5,0.202055
case3,9,7400,1,0.200000
case3,9,7400,2,0.205000
case3,9,7400,3,0.199459
case3,9,7400,4,0.193378
case3,9,7400,5,0.202162
case3,9,7500,1,0.200267
case3,9,7500,2,0.205200
case3,9,7500,3,0.199333
case3,9,7500,4,0.193067
case3,9,7500,5,0.202133
case3,9,7600,1,0.199868
case3,9,7600,2,0.204474
case3,9,7600,3,0.199079
case3,9,7600,4,0.193816
case3,9,7600,5,0.202763
case3,9,7700,1,0.199610
case3,9,7700,2,0.204935
case3,9,7700,3,0.199221
case3,9,7700,4,0.192987
case3,9,7700,5,0.203247
case3,9,7800,1,0.199359
case3,9,7800,2,0.204615
case3,9,7800,3,0.200513
case3,9,7800,4,0.193077
case3,9,7800,5,0.202436
case3,9,7900,1,0.198987
case3,9,7900,2,0.204810
case3,9,7900,3,0.200253
case3,9,7900,4,0.193038
case3,9,7900,5,0.202911
case3,9,8000,1,0.198625
case3,9,8000,2,0.204750
case3,9,8000,3,0.200250
case3,9,8000,4,0.194000
case3,9,8000,5,0.202375
case3,9,8100,1,0.198519
case3,9,8100,2,0.204321
case3,9,8100,3,0.200123
case3,9,8100,4,0.194568
case3,9,8100,5,0.202469
case3,9,8200,1,0.198780
case3,9,8200,2,0.204146
case3,9,8200,3,0.200732
case3,9,8200,4,0.194024
case3,9,8200,5,0.202317
case3,9,8300,1,0.197831
case3,9,8300,2,0.204096
case3,9,8300,3,0.201566
case3,9,8300,4,0.194458
case3,9,8300,5,0.202048
case3,9,8400,1,0.198571
case3,9,8400,2,0.204881
case3,9,8400,3,0.200952
case3,9,8400,4,0.194524
case3,9,8400,5,0.201071
case3,9,8500,1,0.198235
case3,9,8500,2,0.205529
case3,9,8500,3,0.200353
case3,9,8500,4,0.194588
case3,9,8500,5,0.201294
case3,9,8600,1,0.198140
case3,9,8600,2,0.205814
case3,9,8600,3,0.199767
case3,9,8600,4,0.194419
case3,9,8600,5,0.201860
case3,9,8700,1,0.198506
case3,9,8700,2,0.205287
case3,9,8700,3,0.199655
case3,9,8700,4,0.194598
case3,9,8700,5,0.201954
case3,9,8800,1,0.198068
case3,9,8800,2,0.205795
case3,9,8800,3,0.199545
case3,9,8800,4,0.194773
case3,9,8800,5,0.201818
case3,9,8900,1,0.197865
case3,9,8900,2,0.205730
case3,9,8900,3,0.199775
case3,9,8900,4,0.194944
case3,9,8900,5,0.201685
case3,9,9000,1,0.198000
case3,9,9000,2,0.206778
case3,9,9000,3,0.199556
case3,9,9000,4,0.194444
case3,9,9000,5,0.201222
case3,9,9100,1,0.198352
case3,9,9100,2,0.206484
case3,9,9100,3,0.199231
case3,9,9100,4,0.194396
case3,9,9100,5,0.201538
case3,9,9200,1,0.197174
case3,9,9200,2,0.207065
case3,9,9200,3,0.199783
case3,9,9200,4,0.194565
case3,9,9200,5,0.201413
case3,9,9300,1,0.197634
case3,9,9300,2,0.207527
case3,9,9300,3,0.199462
case3,9,9300,4,0.194516
case3,9,9300,5,0.200860
case3,9,9400,1,0.198617
case3,9,9400,2,0.207128
case3,9,9400,3,0.199149
case3,9,9400,4,0.194574
case3,9,9400,5,0.200532
case3,9,9500,1,0.198632
case3,9,9500,2,0.206737
case3,9,9500,3,0.199053
case3,9,9500,4,0.194421
case3,9,9500,5,0.201158
case3,9,9600,1,0.198542
case3,9,9600,2,0.206979
case3,9,9600,3,0.199479
case3,9,9600,4,0.194167
case3,9,9600,5,0.200833
case3,9,9700,1,0.199175
case3,9,9700,2,0.207010
case3,9,9700,3,0.198866
case3,9,9700,4,0.194330
case3,9,9700,5,0.200619
case3,9,9800,1,0.198878
case3,9,9800,2,0.207041
case3,9,9800,3,0.198776
case3,9,9800,4,0.194490
case3,9,9800,5,0.200816
case3,9,9900,1,0.199293
case3,9,9900,2,0.206566
case3,9,9900,3,0.199091
case3,9,9900,4,0.194242
case3,9,9900,5,0.200808
case3,9,10000,1,0.198800
case3,9,10000,2,0.206800
case3,9,10000,3,0.198700
case3,9,10000,4,0.194900
case3,9,10000,5,0.200800
case3,10,100,1,0.210000
case3,10,100,2,0.200000
case3,10,100,3,0.220000
case3,10,100,4,0.210000
case3,10,100,5,0.160000
case3,10,200,1,0.155000
case3,10,200,2,0.235000
case3,10,200,3,0.190000
case3,10,200,4,0.200000
case3,10,200,5,0.220000
case3,10,300,1,0.160000
case3,10,300,2,0.246667
case3,10,300,3,0.186667
case3,10,300,4,0.193333
case3,10,300,5,0.213333
case3,10,400,1,0.172500
case3,10,400,2,0.225000
case3,10,400,3,0.187500
case3,10,400,4,0.205000
case3,10,400,5,0.210000
case3,10,500,1,0.184000
case3,10,500,2,0.214000
case3,10,500,3,0.198000
case3,10,500,4,0.208000
case3,10,500,5,0.196000
case3,10,600,1,0.186667
case3,10,600,2,0.203333
case3,10,600,3,0.203333
case3,10,600,4,0.198333
case3,10,600,5,0.208333
case3,10,700,1,0.184286
case3,10,700,2,0.198571
case3,10,700,3,0.215714
case3,10,700,4,0.200000
case3,10,700,5,0.201429
case3,10,800,1,0.176250
case3,10,800,2,0.196250
case3,10,800,3,0.225000
case3,10,800,4,0.196250
case3,10,800,5,0.206250
case3,10,900,1,0.186667
case3,10,900,2,0.195556
case3,10,900,3,0.218889
case3,10,900,4,0.196667
case3,10,900,5,0.202222
case3,10,1000,1,0.183000
case3,10,1000,2,0.195000
case3,10,1000,3,0.222000
case3,10,1000,4,0.197000
case3,10,1000,5,0.203000
case3,10,1100,1,0.186364
case3,10,1100,2,0.193636
case3,10,1100,3,0.223636
case3,10,1100,4,0.198182
case3,10,1100,5,0.198182
case3,10,1200,1,0.190000
case3,10,1200,2,0.195000
case3,10,1200,3,0.221667
case3,10,1200,4,0.193333
case3,10,1200,5,0.200000
case3,10,1300,1,0.189231
case3,10,1300,2,0.194615
case3,10,1300,3,0.220769
case3,10,1300,4,0.191538
case3,10,1300,5,0.203846
case3,10,1400,1,0.193571
case3,10,1400,2,0.195714
case3,10,1400,3,0.218571
case3,10,1400,4,0.190000
case3,10,1400,5,0.202143
case3,10,1500,1,0.196667
case3,10,1500,2,0.198667
case3,10,1500,3,0.220000
case3,10,1500,4,0.184000
case3,10,1500,5,0.200667
case3,10,1600,1,0.193750
case3,10,1600,2,0.200000
case3,10,1600,3,0.218750
case3,10,1600,4,0.186250
case3,10,1600,5,0.201250
case3,10,1700,1,0.195882
case3,10,1700,2,0.192941
case3,10,1700,3,0.218235
case3,10,1700,4,0.192353
case3,10,1700,5,0.200588
case3,10,1800,1,0.192778
case3,10,1800,2,0.193333
case3,10,1800,3,0.218333
case3,10,1800,4,0.195000
case3,10,1800,5,0.200556
case3,10,1900,1,0.191579
case3,10,1900,2,0.195789
case3,10,1900,3,0.217368
case3,10,1900,4,0.192632
case3,10,1900,5,0.202632
case3,10,2000,1,0.191000
case3,10,2000,2,0.199500
case3,10,2000,3,0.215500
case3,10,2000,4,0.193500
case3,10,2000,5,0.200500
case3,10,2100,1,0.186667
case3,10,2100,2,0.201429
case3,10,2100,3,0.215714
case3,10,2100,4,0.193333
case3,10,2100,5,0.202857
case3,10,2200,1,0.184091
case3,10,2200,2,0.203182
case3,10,2200,3,0.217727
case3,10,2200,4,0.190909
case3,10,2200,5,0.204091
case3,10,2300,1,0.183913
case3,10,2300,2,0.203478
case3,10,2300,3,0.219130
case3,10,2300,4,0.188261
case3,10,2300,5,0.205217
case3,10,2400,1,0.181667
case3,10,2400,2,0.203333
case3,10,2400,3,0.221250
case3,10,2400,4,0.187917
case3,10,2400,5,0.205833
case3,10,2500,1,0.182800
case3,10,2500,2,0.201200
case3,10,2500,3,0.220000
case3,10,2500,4,0.187600
case3,10,2500,5,0.208400
case3,10,2600,1,0.182692
case3,10,2600,2,0.202308
case3,10,2600,3,0.218846
case3,10,2600,4,0.189231
case3,10,2600,5,0.206923
case3,10,2700,1,0.182963
case3,10,2700,2,0.202963
case3,10,2700,3,0.216667
case3,10,2700,4,0.191111
case3,10,2700,5,0.206296
case3,10,2800,1,0.186071
case3,10,2800,2,0.202857
case3,10,2800,3,0.215000
case3,10,2800,4,0.191071
case3,10,2800,5,0.205000
case3,10,2900,1,0.185517
case3,10,2900,2,0.203103
case3,10,2900,3,0.211724
case3,10,2900,4,0.195517
case3,10,2900,5,0.204138
case3,10,3000,1,0.187000
case3,10,3000,2,0.200333
case3,10,3000,3,0.212000
case3,10,3000,4,0.196667
case3,10,3000,5,0.204000
case3,10,3100,1,0.189355
case3,10,3100,2,0.201290
case3,10,3100,3,0.210645
case3,10,3100,4,0.194194
case3,10,3100,5,0.204516
case3,10,3200,1,0.189062
case3,10,3200,2,0.201250
case3,10,3200,3,0.209063
case3,10,3200,4,0.194375
case3,10,3200,5,0.206250
case3,10,3300,1,0.189697
case3,10,3300,2,0.200909
case3,10,3300,3,0.206061
case3,10,3300,4,0.194545
case3,10,3300,5,0.208788
case3,10,3400,1,0.189706
case3,10,3400,2,0.201471
case3,10,3400,3,0.206471
case3,10,3400,4,0.193529
case3,10,3400,5,0.208824
case3,10,3500,1,0.188857
case3,10,3500,2,0.200857
case3,10,3500,3,0.205429
case3,10,3500,4,0.195429
case3,10,3500,5,0.209429
case3,10,3600,1,0.188889
case3,10,3600,2,0.200556
case3,10,3600,3,0.203611
case3,10,3600,4,0.198056
case3,10,3600,5,0.208889
case3,10,3700,1,0.189730
case3,10,3700,2,0.199459
case3,10,3700,3,0.204865
case3,10,3700,4,0.199459
case3,10,3700,5,0.206486
case3,10,3800,1,0.189737
case3,10,3800,2,0.200263
case3,10,3800,3,0.203421
case3,10,3800,4,0.197632
case3,10,3800,5,0.208947
case3,10,3900,1,0.189231
case3,10,3900,2,0.200256
case3,10,3900,3,0.203333
case3,10,3900,4,0.196923
case3,10,3900,5,0.210256
case3,10,4000,1,0.190750
case3,10,4000,2,0.199000
case3,10,4000,3,0.203250
case3,10,4000,4,0.196500
case3,10,4000,5,0.210500
case3,10,4100,1,0.191707
case3,10,4100,2,0.198293
case3,10,4100,3,0.202683
case3,10,4100,4,0.198293
case3,10,4100,5,0.209024
case3,10,4200,1,0.190238
case3,10,4200,2,0.199048
case3,10,4200,3,0.203810
case3,10,4200,4,0.198810
case3,10,4200,5,0.208095
case3,10,4300,1,0.190465
case3,10,4300,2,0.201163
case3,10,4300,3,0.204419
case3,10,4300,4,0.196977
case3,10,4300,5,0.206977
case3,10,4400,1,0.189091
case3,10,4400,2,0.200000
case3,10,4400,3,0.205455
case3,10,4400,4,0.198182
case3,10,4400,5,0.207273
case3,10,4500,1,0.189778
case3,10,4500,2,0.201333
case3,10,4500,3,0.203556
case3,10,4500,4,0.198889
case3,10,4500,5,0.206444
case3,10,4600,1,0.190217
case3,10,4600,2,0.200000
case3,10,4600,3,0.204348
case3,10,4600,4,0.199565
case3,10,4600,5,0.205870
case3,10,4700,1,0.189362
case3,10,4700,2,0.199574
case3,10,4700,3,0.204043
case3,10,4700,4,0.200213
case3,10,4700,5,0.206809
case3,10,4800,1,0.189583
case3,10,4800,2,0.198333
case3,10,4800,3,0.205208
case3,10,4800,4,0.200208
case3,10,4800,5,0.206667
case3,10,4900,1,0.190408
case3,10,4900,2,0.199796
case3,10,4900,3,0.204082
case3,10,4900,4,0.200612
case3,10,4900,5,0.205102
case3,10,5000,1,0.190600
case3,10,5000,2,0.200200
case3,10,5000,3,0.203200
case3,10,5000,4,0.201000
case3,10,5000,5,0.205000
case3,10,5100,1,0.190980
case3,10,5100,2,0.200588
case3,10,5100,3,0.203333
case3,10,5100,4,0.200980
case3,10,5100,5,0.204118
case3,10,5200,1,0.191731
case3,10,5200,2,0.201346
case3,10,5200,3,0.202885
case3,10,5200,4,0.200000
case3,10,5200,5,0.204038
case3,10,5300,1,0.192642
case3,10,5300,2,0.200943
case3,10,5300,3,0.202642
case3,10,5300,4,0.198868
case3,10,5300,5,0.204906
case3,10,5400,1,0.194630
case3,10,5400,2,0.200556
case3,10,5400,3,0.202222
case3,10,5400,4,0.198889
case3,10,5400,5,0.203704
case3,10,5500,1,0.194000
case3,10,5500,2,0.200182
case3,10,5500,3,0.202364
case3,10,5500,4,0.199636
case3,10,5500,5,0.203818
case3,10,5600,1,0.194286
case3,10,5600,2,0.199464
case3,10,5600,3,0.202857
case3,10,5600,4,0.199107
case3,10,5600,5,0.204286
case3,10,5700,1,0.192982
case3,10,5700,2,0.199123
case3,10,5700,3,0.203509
case3,10,5700,4,0.200000
case3,10,5700,5,0.204386
case3,10,5800,1,0.193103
case3,10,5800,2,0.200172
case3,10,5800,3,0.204310
case3,10,5800,4,0.199655
case3,10,5800,5,0.202759
case3,10,5900,1,0.193898
case3,10,5900,2,0.199661
case3,10,5900,3,0.203898
case3,10,5900,4,0.199831
case3,10,5900,5,0.202712
case3,10,6000,1,0.193333
case3,10,6000,2,0.200000
case3,10,6000,3,0.203333
case3,10,6000,4,0.199833
case3,10,6000,5,0.203500
case3,10,6100,1,0.194098
case3,10,6100,2,0.199016
case3,10,6100,3,0.202459
case3,10,6100,4,0.200000
case3,10,6100,5,0.204426
case3,10,6200,1,0.193226
case3,10,6200,2,0.199677
case3,10,6200,3,0.203548
case3,10,6200,4,0.199355
case3,10,6200,5,0.204194
case3,10,6300,1,0.192857
case3,10,6300,2,0.199206
case3,10,6300,3,0.204444
case3,10,6300,4,0.199841
case3,10,6300,5,0.203651
case3,10,6400,1,0.193438
case3,10,6400,2,0.199375
case3,10,6400,3,0.204375
case3,10,6400,4,0.199844
case3,10,6400,5,0.202969
case3,10,6500,1,0.194308
case3,10,6500,2,0.199538
case3,10,6500,3,0.203692
case3,10,6500,4,0.199692
case3,10,6500,5,0.202769
case3,10,6600,1,0.195000
case3,10,6600,2,0.199242
case3,10,6600,3,0.202727
case3,10,6600,4,0.200152
case3,10,6600,5,0.202879
case3,10,6700,1,0.195224
case3,10,6700,2,0.199104
case3,10,6700,3,0.202836
case3,10,6700,4,0.200299
case3,10,6700,5,0.202537
case3,10,6800,1,0.194706
case3,10,6800,2,0.198824
case3,10,6800,3,0.202500
case3,10,6800,4,0.199853
case3,10,6800,5,0.204118
case3,10,6900,1,0.194493
case3,10,6900,2,0.199420
case3,10,6900,3,0.203188
case3,10,6900,4,0.198986
case3,10,6900,5,0.203913
case3,10,7000,1,0.194286
case3,10,7000,2,0.200429
case3,10,7000,3,0.203286
case3,10,7000,4,0.197857
case3,10,7000,5,0.204143
case3,10,7100,1,0.195211
case3,10,7100,2,0.200423
case3,10,7100,3,0.203239
case3,10,7100,4,0.197606
case3,10,7100,5,0.203521
case3,10,7200,1,0.194167
case3,10,7200,2,0.200556
case3,10,7200,3,0.204167
case3,10,7200,4,0.197639
case3,10,7200,5,0.203472
case3,10,7300,1,0.194384
case3,10,7300,2,0.200000
case3,10,7300,3,0.203973
case3,10,7300,4,0.197808
case3,10,7300,5,0.203836
case3,10,7400,1,0.193514
case3,10,7400,2,0.200405
case3,10,7400,3,0.203784
case3,10,7400,4,0.197703
case3,10,7400,5,0.204595
case3,10,7500,1,0.194133
case3,10,7500,2,0.199600
case3,10,7500,3,0.203333
case3,10,7500,4,0.197600
case3,10,7500,5,0.205333
case3,10,7600,1,0.194605
case3,10,7600,2,0.199342
case3,10,7600,3,0.203816
case3,10,7600,4,0.197632
case3,10,7600,5,0.204605
case3,10,7700,1,0.194935
case3,10,7700,2,0.199091
case3,10,7700,3,0.204545
case3,10,7700,4,0.198052
case3,10,7700,5,0.203377
case3,10,7800,1,0.194744
case3,10,7800,2,0.199103
case3,10,7800,3,0.205128
case3,10,7800,4,0.197821
case3,10,7800,5,0.203205
case3,10,7900,1,0.194937
case3,10,7900,2,0.199241
case3,10,7900,3,0.205570
case3,10,7900,4,0.197722
case3,10,7900,5,0.202532
case3,10,8000,1,0.194375
case3,10,8000,2,0.199000
case3,10,8000,3,0.206250
case3,10,8000,4,0.198625
case3,10,8000,5,0.201750
case3,10,8100,1,0.194691
case3,10,8100,2,0.199383
case3,10,8100,3,0.206420
case3,10,8100,4,0.199012
case3,10,8100,5,0.200494
case3,10,8200,1,0.194268
case3,10,8200,2,0.199512
case3,10,8200,3,0.206829
case3,10,8200,4,0.198902
case3,10,8200,5,0.200488
case3,10,8300,1,0.194699
case3,10,8300,2,0.198675
case3,10,8300,3,0.207470
case3,10,8300,4,0.198193
case3,10,8300,5,0.200964
case3,10,8400,1,0.194405
case3,10,8400,2,0.198333
case3,10,8400,3,0.207024
case3,10,8400,4,0.198571
case3,10,8400,5,0.201667
case3,10,8500,1,0.194235
case3,10,8500,2,0.198588
case3,10,8500,3,0.206588
case3,10,8500,4,0.198706
case3,10,8500,5,0.201882
case3,10,8600,1,0.195698
case3,10,8600,2,0.198372
case3,10,8600,3,0.206163
case3,10,8600,4,0.198721
case3,10,8600,5,0.201047
case3,10,8700,1,0.195632
case3,10,8700,2,0.198276
case3,10,8700,3,0.206207
case3,10,8700,4,0.198161
case3,10,8700,5,0.201724
case3,10,8800,1,0.195568
case3,10,8800,2,0.199205
case3,10,8800,3,0.205455
case3,10,8800,4,0.198182
case3,10,8800,5,0.201591
case3,10,8900,1,0.195843
case3,10,8900,2,0.199438
case3,10,8900,3,0.205056
case3,10,8900,4,0.198202
case3,10,8900,5,0.201461
case3,10,9000,1,0.195444
case3,10,9000,2,0.199444
case3,10,9000,3,0.205000
case3,10,9000,4,0.198222
case3,10,9000,5,0.201889
case3,10,9100,1,0.195055
case3,10,9100,2,0.199451
case3,10,9100,3,0.205055
case3,10,9100,4,0.198022
case3,10,9100,5,0.202418
case3,10,9200,1,0.195543
case3,10,9200,2,0.199565
case3,10,9200,3,0.204457
case3,10,9200,4,0.198043
case3,10,9200,5,0.202391
case3,10,9300,1,0.195591
case3,10,9300,2,0.199355
case3,10,9300,3,0.203978
case3,10,9300,4,0.198065
case3,10,9300,5,0.203011
case3,10,9400,1,0.195319
case3,10,9400,2,0.199681
case3,10,9400,3,0.204149
case3,10,9400,4,0.197979
case3,10,9400,5,0.202872
case3,10,9500,1,0.195474
case3,10,9500,2,0.199263
case3,10,9500,3,0.204211
case3,10,9500,4,0.198105
case3,10,9500,5,0.202947
case3,10,9600,1,0.195208
case3,10,9600,2,0.199063
case3,10,9600,3,0.203854
case3,10,9600,4,0.198437
case3,10,9600,5,0.203437
case3,10,9700,1,0.195052
case3,10,9700,2,0.199278
case3,10,9700,3,0.202990
case3,10,9700,4,0.199485
case3,10,9700,5,0.203196
case3,10,9800,1,0.195306
case3,10,9800,2,0.199388
case3,10,9800,3,0.203061
case3,10,9800,4,0.199898
case3,10,9800,5,0.202347
case3,10,9900,1,0.195354
case3,10,9900,2,0.199091
case3,10,9900,3,0.203232
case3,10,9900,4,0.200000
case3,10,9900,5,0.202323
case3,10,10000,1,0.195100
case3,10,10000,2,0.198900
case3,10,10000,3,0.203400
case3,10,10000,4,0.200300
case3,10,10000,5,0.202300
case3,11,100,1,0.200000
case3,11,100,2,0.190000
case3,11,100,3,0.220000
case3,11,100,4,0.180000
case3,11,100,5,0.210000
case3,11,200,1,0.185000
case3,11,200,2,0.185000
case3,11,200,3,0.180000
case3,11,200,4,0.230000
case3,11,200,5,0.220000
case3,11,300,1,0.196667
case3,11,300,2,0.200000
case3,11,300,3,0.176667
case3,11,300,4,0.196667
case3,11,300,5,0.230000
case3,11,400,1,0.205000
case3,11,400,2,0.195000
case3,11,400,3,0.185000
case3,11,400,4,0.177500
case3,11,400,5,0.237500
case3,11,500,1,0.198000
case3,11,500,2,0.194000
case3,11,500,3,0.184000
case3,11,500,4,0.184000
case3,11,500,5,0.240000
case3,11,600,1,0.198333
case3,11,600,2,0.190000
case3,11,600,3,0.200000
case3,11,600,4,0.175000
case3,11,600,5,0.236667
case3,11,700,1,0.201429
case3,11,700,2,0.192857
case3,11,700,3,0.200000
case3,11,700,4,0.177143
case3,11,700,5,0.228571
case3,11,800,1,0.195000
case3,11,800,2,0.185000
case3,11,800,3,0.195000
case3,11,800,4,0.193750
case3,11,800,5,0.231250
case3,11,900,1,0.196667
case3,11,900,2,0.184444
case3,11,900,3,0.195556
case3,11,900,4,0.203333
case3,11,900,5,0.220000
case3,11,1000,1,0.197000
case3,11,1000,2,0.188000
case3,11,1000,3,0.194000
case3,11,1000,4,0.200000
case3,11,1000,5,0.221000
case3,11,1100,1,0.200000
case3,11,1100,2,0.188182
case3,11,1100,3,0.193636
case3,11,1100,4,0.200909
case3,11,1100,5,0.217273
case3,11,1200,1,0.199167
case3,11,1200,2,0.190833
case3,11,1200,3,0.191667
case3,11,1200,4,0.200833
case3,11,1200,5,0.217500
case3,11,1300,1,0.200000
case3,11,1300,2,0.196923
case3,11,1300,3,0.188462
case3,11,1300,4,0.200000
case3,11,1300,5,0.214615
case3,11,1400,1,0.200714
case3,11,1400,2,0.202143
case3,11,1400,3,0.189286
case3,11,1400,4,0.197143
case3,11,1400,5,0.210714
case3,11,1500,1,0.194667
case3,11,1500,2,0.205333
case3,11,1500,3,0.188667
case3,11,1500,4,0.198000
case3,11,1500,5,0.213333
case3,11,1600,1,0.195625
case3,11,1600,2,0.204375
case3,11,1600,3,0.185000
case3,11,1600,4,0.202500
case3,11,1600,5,0.212500
case3,11,1700,1,0.200588
case3,11,1700,2,0.202353
case3,11,1700,3,0.185294
case3,11,1700,4,0.199412
case3,11,1700,5,0.212353
case3,11,1800,1,0.201667
case3,11,1800,2,0.201111
case3,11,1800,3,0.188333
case3,11,1800,4,0.198889
case3,11,1800,5,0.210000
case3,11,1900,1,0.202632
case3,11,1900,2,0.202632
case3,11,1900,3,0.189474
case3,11,1900,4,0.197368
case3,11,1900,5,0.207895
case3,11,2000,1,0.202500
case3,11,2000,2,0.201500
case3,11,2000,3,0.191500
case3,11,2000,4,0.199500
case3,11,2000,5,0.205000
case3,11,2100,1,0.201429
case3,11,2100,2,0.202381
case3,11,2100,3,0.192381
case3,11,2100,4,0.199524
case3,11,2100,5,0.204286
case3,11,2200,1,0.201364
case3,11,2200,2,0.203182
case3,11,2200,3,0.193636
case3,11,2200,4,0.196364
case3,11,2200,5,0.205455
case3,11,2300,1,0.204348
case3,11,2300,2,0.203043
case3,11,2300,3,0.192174
case3,11,2300,4,0.196957
case3,11,2300,5,0.203478
case3,11,2400,1,0.205417
case3,11,2400,2,0.203333
case3,11,2400,3,0.193333
case3,11,2400,4,0.195417
case3,11,2400,5,0.202500
case3,11,2500,1,0.203200
case3,11,2500,2,0.201200
case3,11,2500,3,0.195200
case3,11,2500,4,0.198000
case3,11,2500,5,0.202400
case3,11,2600,1,0.203077
case3,11,2600,2,0.204615
case3,11,2600,3,0.192308
case3,11,2600,4,0.201154
case3,11,2600,5,0.198846
case3,11,2700,1,0.205926
case3,11,2700,2,0.204815
case3,11,2700,3,0.192963
case3,11,2700,4,0.197778
case3,11,2700,5,0.198519
case3,11,2800,1,0.203929
case3,11,2800,2,0.205000
case3,11,2800,3,0.192500
case3,11,2800,4,0.197143
case3,11,2800,5,0.201429
case3,11,2900,1,0.204828
case3,11,2900,2,0.202759
case3,11,2900,3,0.192759
case3,11,2900,4,0.197586
case3,11,2900,5,0.202069
case3,11,3000,1,0.205333
case3,11,3000,2,0.199667
case3,11,3000,3,0.193000
case3,11,3000,4,0.199333
case3,11,3000,5,0.202667
case3,11,3100,1,0.204516
case3,11,3100,2,0.199677
case3,11,3100,3,0.192903
case3,11,3100,4,0.200645
case3,11,3100,5,0.202258
case3,11,3200,1,0.205000
case3,11,3200,2,0.200000
case3,11,3200,3,0.192500
case3,11,3200,4,0.201250
case3,11,3200,5,0.201250
case3,11,3300,1,0.206364
case3,11,3300,2,0.200303
case3,11,3300,3,0.190909
case3,11,3300,4,0.202121
case3,11,3300,5,0.200303
case3,11,3400,1,0.205000
case3,11,3400,2,0.201471
case3,11,3400,3,0.190294
case3,11,3400,4,0.205588
case3,11,3400,5,0.197647
case3,11,3500,1,0.205714
case3,11,3500,2,0.203143
case3,11,3500,3,0.189714
case3,11,3500,4,0.205143
case3,11,3500,5,0.196286
case3,11,3600,1,0.207222
case3,11,3600,2,0.203056
case3,11,3600,3,0.188611
case3,11,3600,4,0.205000
case3,11,3600,5,0.196111
case3,11,3700,1,0.208108
case3,11,3700,2,0.203243
case3,11,3700,3,0.187297
case3,11,3700,4,0.207027
case3,11,3700,5,0.194324
case3,11,3800,1,0.208158
case3,11,3800,2,0.203158
case3,11,3800,3,0.188421
case3,11,3800,4,0.206579
case3,11,3800,5,0.193684
case3,11,3900,1,0.209487
case3,11,3900,2,0.201795
case3,11,3900,3,0.188205
case3,11,3900,4,0.206923
case3,11,3900,5,0.193590
case3,11,4000,1,0.208250
case3,11,4000,2,0.201250
case3,11,4000,3,0.188000
case3,11,4000,4,0.209750
case3,11,4000,5,0.192750
case3,11,4100,1,0.206829
case3,11,4100,2,0.200976
case3,11,4100,3,0.188537
case3,11,4100,4,0.209024
case3,11,4100,5,0.194634
case3,11,4200,1,0.207381
case3,11,4200,2,0.200952
case3,11,4200,3,0.189524
case3,11,4200,4,0.207143
case3,11,4200,5,0.195000
case3,11,4300,1,0.208140
case3,11,4300,2,0.202093
case3,11,4300,3,0.189535
case3,11,4300,4,0.205116
case3,11,4300,5,0.195116
case3,11,4400,1,0.208409
case3,11,4400,2,0.200682
case3,11,4400,3,0.191136
case3,11,4400,4,0.204545
case3,11,4400,5,0.195227
case3,11,4500,1,0.208444
case3,11,4500,2,0.201111
case3,11,4500,3,0.190222
case3,11,4500,4,0.205333
case3,11,4500,5,0.194889
case3,11,4600,1,0.208913
case3,11,4600,2,0.201304
case3,11,4600,3,0.188913
case3,11,4600,4,0.205435
case3,11,4600,5,0.195435
case3,11,4700,1,0.208298
case3,11,4700,2,0.201277
case3,11,4700,3,0.189362
case3,11,4700,4,0.204894
case3,11,4700,5,0.196170
case3,11,4800,1,0.208333
case3,11,4800,2,0.201250
case3,11,4800,3,0.189792
case3,11,4800,4,0.204792
case3,11,4800,5,0.195833
case3,11,4900,1,0.207347
case3,11,4900,2,0.199592
case3,11,4900,3,0.192041
case3,11,4900,4,0.204286
case3,11,4900,5,0.196735
case3,11,5000,1,0.207800
case3,11,5000,2,0.198800
case3,11,5000,3,0.192800
case3,11,5000,4,0.204400
case3,11,5000,5,0.196200
case3,11,5100,1,0.207451
case3,11,5100,2,0.199216
case3,11,5100,3,0.193529
case3,11,5100,4,0.203922
case3,11,5100,5,0.195882
case3,11,5200,1,0.207885
case3,11,5200,2,0.200192
case3,11,5200,3,0.193846
case3,11,5200,4,0.203654
case3,11,5200,5,0.194423
case3,11,5300,1,0.207170
case3,11,5300,2,0.199057
case3,11,5300,3,0.193396
case3,11,5300,4,0.205283
case3,11,5300,5,0.195094
case3,11,5400,1,0.207037
case3,11,5400,2,0.198519
case3,11,5400,3,0.193333
case3,11,5400,4,0.204815
case3,11,5400,5,0.196296
case3,11,5500,1,0.206000
case3,11,5500,2,0.199091
case3,11,5500,3,0.193818
case3,11,5500,4,0.205091
case3,11,5500,5,0.196000
case3,11,5600,1,0.204821
case3,11,5600,2,0.199286
case3,11,5600,3,0.194643
case3,11,5600,4,0.205179
case3,11,5600,5,0.196071
case3,11,5700,1,0.204912
case3,11,5700,2,0.198596
case3,11,5700,3,0.193860
case3,11,5700,4,0.205263
case3,11,5700,5,0.197368
case3,11,5800,1,0.204483
case3,11,5800,2,0.197586
case3,11,5800,3,0.195000
case3,11,5800,4,0.204483
case3,11,5800,5,0.198448
case3,11,5900,1,0.204237
case3,11,5900,2,0.197966
case3,11,5900,3,0.194915
case3,11,5900,4,0.203390
case3,11,5900,5,0.199492
case3,11,6000,1,0.204000
case3,11,6000,2,0.198000
case3,11,6000,3,0.195500
case3,11,6000,4,0.202667
case3,11,6000,5,0.199833
case3,11,6100,1,0.203770
case3,11,6100,2,0.199016
case3,11,6100,3,0.195738
case3,11,6100,4,0.202459
case3,11,6100,5,0.199016
case3,11,6200,1,0.204677
case3,11,6200,2,0.200161
case3,11,6200,3,0.194839
case3,11,6200,4,0.201452
case3,11,6200,5,0.198871
case3,11,6300,1,0.203968
case3,11,6300,2,0.199365
case3,11,6300,3,0.194762
case3,11,6300,4,0.202222
case3,11,6300,5,0.199683
case3,11,6400,1,0.204063
case3,11,6400,2,0.199375
case3,11,6400,3,0.195625
case3,11,6400,4,0.201250
case3,11,6400,5,0.199687
case3,11,6500,1,0.203538
case3,11,6500,2,0.199692
case3,11,6500,3,0.196462
case3,11,6500,4,0.200615
case3,11,6500,5,0.199692
case3,11,6600,1,0.203485
case3,11,6600,2,0.199091
case3,11,6600,3,0.196818
case3,11,6600,4,0.200455
case3,11,6600,5,0.200152
case3,11,6700,1,0.204328
case3,11,6700,2,0.200597
case3,11,6700,3,0.196269
case3,11,6700,4,0.199552
case3,11,6700,5,0.199254
case3,11,6800,1,0.204706
case3,11,6800,2,0.200147
case3,11,6800,3,0.197059
case3,11,6800,4,0.198971
case3,11,6800,5,0.199118
case3,11,6900,1,0.203768
case3,11,6900,2,0.200725
case3,11,6900,3,0.196377
case3,11,6900,4,0.199420
case3,11,6900,5,0.199710
case3,11,7000,1,0.203571
case3,11,7000,2,0.200571
case3,11,7000,3,0.196000
case3,11,7000,4,0.199857
case3,11,7000,5,0.200000
case3,11,7100,1,0.202958
case3,11,7100,2,0.201690
case3,11,7100,3,0.194789
case3,11,7100,4,0.199437
case3,11,7100,5,0.201127
case3,11,7200,1,0.201944
case3,11,7200,2,0.201806
case3,11,7200,3,0.194722
case3,11,7200,4,0.199722
case3,11,7200,5,0.201806
case3,11,7300,1,0.202603
case3,11,7300,2,0.200959
case3,11,7300,3,0.195616
case3,11,7300,4,0.199726
case3,11,7300,5,0.201096
case3,11,7400,1,0.202432
case3,11,7400,2,0.202027
case3,11,7400,3,0.195541
case3,11,7400,4,0.199595
case3,11,7400,5,0.200405
case3,11,7500,1,0.202667
case3,11,7500,2,0.201867
case3,11,7500,3,0.195333
case3,11,7500,4,0.199200
case3,11,7500,5,0.200933
case3,11,7600,1,0.202632
case3,11,7600,2,0.202368
case3,11,7600,3,0.194605
case3,11,7600,4,0.199605
case3,11,7600,5,0.200789
case3,11,7700,1,0.202727
case3,11,7700,2,0.202468
case3,11,7700,3,0.193636
case3,11,7700,4,0.199740
case3,11,7700,5,0.201429
case3,11,7800,1,0.201538
case3,11,7800,2,0.202949
case3,11,7800,3,0.193462
case3,11,7800,4,0.200385
case3,11,7800,5,0.201667
case3,11,7900,1,0.201899
case3,11,7900,2,0.203671
case3,11,7900,3,0.193671
case3,11,7900,4,0.199747
case3,11,7900,5,0.201013
case3,11,8000,1,0.200875
case3,11,8000,2,0.204125
case3,11,8000,3,0.194250
case3,11,8000,4,0.199625
case3,11,8000,5,0.201125
case3,11,8100,1,0.200370
case3,11,8100,2,0.203457
case3,11,8100,3,0.194815
case3,11,8100,4,0.200000
case3,11,8100,5,0.201358
case3,11,8200,1,0.200244
case3,11,8200,2,0.203293
case3,11,8200,3,0.195488
case3,11,8200,4,0.199024
case3,11,8200,5,0.201951
case3,11,8300,1,0.200602
case3,11,8300,2,0.202892
case3,11,8300,3,0.196024
case3,11,8300,4,0.199157
case3,11,8300,5,0.201325
case3,11,8400,1,0.200476
case3,11,8400,2,0.203929
case3,11,8400,3,0.195119
case3,11,8400,4,0.199405
case3,11,8400,5,0.201071
case3,11,8500,1,0.200941
case3,11,8500,2,0.202824
case3,11,8500,3,0.195412
case3,11,8500,4,0.199529
case3,11,8500,5,0.201294
case3,11,8600,1,0.200814
case3,11,8600,2,0.202907
case3,11,8600,3,0.195698
case3,11,8600,4,0.200116
case3,11,8600,5,0.200465
case3,11,8700,1,0.200920
case3,11,8700,2,0.202529
case3,11,8700,3,0.196437
case3,11,8700,4,0.199540
case3,11,8700,5,0.200575
case3,11,8800,1,0.201250
case3,11,8800,2,0.201705
case3,11,8800,3,0.196591
case3,11,8800,4,0.199318
case3,11,8800,5,0.201136
case3,11,8900,1,0.200787
case3,11,8900,2,0.201685
case3,11,8900,3,0.196966
case3,11,8900,4,0.199213
case3,11,8900,5,0.201348
case3,11,9000,1,0.200889
case3,11,9000,2,0.201667
case3,11,9000,3,0.196444
case3,11,9000,4,0.199556
case3,11,9000,5,0.201444
case3,11,9100,1,0.200549
case3,11,9100,2,0.201648
case3,11,9100,3,0.196813
case3,11,9100,4,0.199780
case3,11,9100,5,0.201209
case3,11,9200,1,0.200109
case3,11,9200,2,0.202500
case3,11,9200,3,0.197174
case3,11,9200,4,0.199348
case3,11,9200,5,0.200870
case3,11,9300,1,0.199462
case3,11,9300,2,0.202903
case3,11,9300,3,0.197527
case3,11,9300,4,0.198925
case3,11,9300,5,0.201183
case3,11,9400,1,0.200106
case3,11,9400,2,0.201915
case3,11,9400,3,0.198404
case3,11,9400,4,0.198936
case3,11,9400,5,0.200638
case3,11,9500,1,0.200421
case3,11,9500,2,0.201895
case3,11,9500,3,0.198526
case3,11,9500,4,0.198421
case3,11,9500,5,0.200737
case3,11,9600,1,0.200313
case3,11,9600,2,0.201875
case3,11,9600,3,0.198646
case3,11,9600,4,0.198333
case3,11,9600,5,0.200833
case3,11,9700,1,0.201031
case3,11,9700,2,0.201134
case3,11,9700,3,0.198557
case3,11,9700,4,0.197835
case3,11,9700,5,0.201443
case3,11,9800,1,0.200714
case3,11,9800,2,0.200918
case3,11,9800,3,0.199490
case3,11,9800,4,0.197449
case3,11,9800,5,0.201429
case3,11,9900,1,0.200000
case3,11,9900,2,0.200808
case3,11,9900,3,0.200101
case3,11,9900,4,0.197475
case3,11,9900,5,0.201616
case3,11,10000,1,0.200700
case3,11,10000,2,0.200200
case3,11,10000,3,0.199800
case3,11,10000,4,0.197700
case3,11,10000,5,0.201600
case3,12,100,1,0.220000
case3,12,100,2,0.220000
case3,12,100,3,0.190000
case3,12,100,4,0.170000
case3,12,100,5,0.200000
case3,12,200,1,0.205000
case3,12,200,2,0.215000
case3,12,200,3,0.160000
case3,12,200,4,0.200000
case3,12,200,5,0.220000
case3,12,300,1,0.220000
case3,12,300,2,0.193333
case3,12,300,3,0.156667
case3,12,300,4,0.206667
case3,12,300,5,0.223333
case3,12,400,1,0.197500
case3,12,400,2,0.212500
case3,12,400,3,0.170000
case3,12,400,4,0.202500
case3,12,400,5,0.217500
case3,12,500,1,0.208000
case3,12,500,2,0.216000
case3,12,500,3,0.166000
case3,12,500,4,0.200000
case3,12,500,5,0.210000
case3,12,600,1,0.215000
case3,12,600,2,0.220000
case3,12,600,3,0.168333
case3,12,600,4,0.196667
case3,12,600,5,0.200000
case3,12,700,1,0.218571
case3,12,700,2,0.212857
case3,12,700,3,0.170000
case3,12,700,4,0.201429
case3,12,700,5,0.197143
case3,12,800,1,0.222500
case3,12,800,2,0.211250
case3,12,800,3,0.172500
case3,12,800,4,0.202500
case3,12,800,5,0.191250
case3,12,900,1,0.212222
case3,12,900,2,0.208889
case3,12,900,3,0.181111
case3,12,900,4,0.204444
case3,12,900,5,0.193333
case3,12,1000,1,0.215000
case3,12,1000,2,0.202000
case3,12,1000,3,0.184000
case3,12,1000,4,0.204000
case3,12,1000,5,0.195000
case3,12,1100,1,0.210909
case3,12,1100,2,0.202727
case3,12,1100,3,0.187273
case3,12,1100,4,0.204545
case3,12,1100,5,0.194545
case3,12,1200,1,0.214167
case3,12,1200,2,0.205833
case3,12,1200,3,0.186667
case3,12,1200,4,0.199167
case3,12,1200,5,0.194167
case3,12,1300,1,0.217692
case3,12,1300,2,0.203077
case3,12,1300,3,0.185385
case3,12,1300,4,0.201538
case3,12,1300,5,0.192308
case3,12,1400,1,0.215714
case3,12,1400,2,0.202143
case3,12,1400,3,0.184286
case3,12,1400,4,0.202143
case3,12,1400,5,0.195714
case3,12,1500,1,0.218667
case3,12,1500,2,0.199333
case3,12,1500,3,0.180667
case3,12,1500,4,0.203333
case3,12,1500,5,0.198000
case3,12,1600,1,0.215625
case3,12,1600,2,0.198750
case3,12,1600,3,0.186250
case3,12,1600,4,0.204375
case3,12,1600,5,0.195000
case3,12,1700,1,0.216471
case3,12,1700,2,0.199412
case3,12,1700,3,0.185882
case3,12,1700,4,0.202353
case3,12,1700,5,0.195882
case3,12,1800,1,0.215556
case3,12,1800,2,0.196667
case3,12,1800,3,0.186111
case3,12,1800,4,0.206111
case3,12,1800,5,0.195556
case3,12,1900,1,0.215789
case3,12,1900,2,0.198947
case3,12,1900,3,0.180526
case3,12,1900,4,0.206316
case3,12,1900,5,0.198421
case3,12,2000,1,0.216500
case3,12,2000,2,0.198500
case3,12,2000,3,0.181000
case3,12,2000,4,0.206000
case3,12,2000,5,0.198000
case3,12,2100,1,0.215714
case3,12,2100,2,0.198095
case3,12,2100,3,0.184286
case3,12,2100,4,0.205238
case3,12,2100,5,0.196667
case3,12,2200,1,0.215455
case3,12,2200,2,0.197273
case3,12,2200,3,0.188182
case3,12,2200,4,0.204091
case3,12,2200,5,0.195000
case3,12,2300,1,0.213478
case3,12,2300,2,0.196957
case3,12,2300,3,0.186957
case3,12,2300,4,0.205652
case3,12,2300,5,0.196957
case3,12,2400,1,0.212500
case3,12,2400,2,0.197500
case3,12,2400,3,0.188750
case3,12,2400,4,0.206667
case3,12,2400,5,0.194583
case3,12,2500,1,0.209200
case3,12,2500,2,0.201200
case3,12,2500,3,0.190000
case3,12,2500,4,0.204800
case3,12,2500,5,0.194800
case3,12,2600,1,0.206923
case3,12,2600,2,0.199615
case3,12,2600,3,0.192308
case3,12,2600,4,0.206923
case3,12,2600,5,0.194231
case3,12,2700,1,0.206296
case3,12,2700,2,0.199630
case3,12,2700,3,0.192593
case3,12,2700,4,0.206667
case3,12,2700,5,0.194815
case3,12,2800,1,0.203571
case3,12,2800,2,0.201071
case3,12,2800,3,0.191786
case3,12,2800,4,0.207857
case3,12,2800,5,0.195714
case3,12,2900,1,0.202414
case3,12,2900,2,0.201034
case3,12,2900,3,0.193103
case3,12,2900,4,0.208621
case3,12,2900,5,0.194828
case3,12,3000,1,0.201667
case3,12,3000,2,0.198333
case3,12,3000,3,0.195667
case3,12,3000,4,0.208667
case3,12,3000,5,0.195667
case3,12,3100,1,0.200968
case3,12,3100,2,0.199677
case3,12,3100,3,0.196129
case3,12,3100,4,0.206774
case3,12,3100,5,0.196452
case3,12,3200,1,0.200937
case3,12,3200,2,0.201563
case3,12,3200,3,0.195625
case3,12,3200,4,0.205000
case3,12,3200,5,0.196875
case3,12,3300,1,0.200606
case3,12,3300,2,0.200303
case3,12,3300,3,0.197879
case3,12,3300,4,0.204848
case3,12,3300,5,0.196364
case3,12,3400,1,0.200588
case3,12,3400,2,0.201471
case3,12,3400,3,0.197059
case3,12,3400,4,0.205588
case3,12,3400,5,0.195294
case3,12,3500,1,0.201143
case3,12,3500,2,0.201143
case3,12,3500,3,0.194857
case3,12,3500,4,0.208000
case3,12,3500,5,0.194857
case3,12,3600,1,0.202222
case3,12,3600,2,0.201667
case3,12,3600,3,0.193611
case3,12,3600,4,0.206667
case3,12,3600,5,0.195833
case3,12,3700,1,0.201892
case3,12,3700,2,0.201351
case3,12,3700,3,0.193784
case3,12,3700,4,0.206216
case3,12,3700,5,0.196757
case3,12,3800,1,0.201579
case3,12,3800,2,0.201053
case3,12,3800,3,0.194737
case3,12,3800,4,0.204474
case3,12,3800,5,0.198158
case3,12,3900,1,0.201026
case3,12,3900,2,0.201538
case3,12,3900,3,0.193333
case3,12,3900,4,0.205385
case3,12,3900,5,0.198718
case3,12,4000,1,0.200750
case3,12,4000,2,0.202000
case3,12,4000,3,0.194750
case3,12,4000,4,0.205500
case3,12,4000,5,0.197000
case3,12,4100,1,0.200244
case3,12,4100,2,0.202195
case3,12,4100,3,0.194146
case3,12,4100,4,0.205610
case3,12,4100,5,0.197805
case3,12,4200,1,0.198571
case3,12,4200,2,0.201905
case3,12,4200,3,0.194286
case3,12,4200,4,0.205952
case3,12,4200,5,0.199286
case3,12,4300,1,0.199070
case3,12,4300,2,0.201395
case3,12,4300,3,0.195581
case3,12,4300,4,0.205349
case3,12,4300,5,0.198605
case3,12,4400,1,0.197727
case3,12,4400,2,0.202273
case3,12,4400,3,0.193636
case3,12,4400,4,0.207500
case3,12,4400,5,0.198864
case3,12,4500,1,0.196889
case3,12,4500,2,0.202444
case3,12,4500,3,0.194222
case3,12,4500,4,0.207778
case3,12,4500,5,0.198667
case3,12,4600,1,0.198913
case3,12,4600,2,0.202391
case3,12,4600,3,0.192826
case3,12,4600,4,0.207391
case3,12,4600,5,0.198478
case3,12,4700,1,0.200638
case3,12,4700,2,0.201277
case3,12,4700,3,0.192340
case3,12,4700,4,0.208298
case3,12,4700,5,0.197447
case3,12,4800,1,0.200000
case3,12,4800,2,0.201667
case3,12,4800,3,0.191875
case3,12,4800,4,0.207917
case3,12,4800,5,0.198542
case3,12,4900,1,0.200000
case3,12,4900,2,0.202041
case3,12,4900,3,0.192653
case3,12,4900,4,0.207755
case3,12,4900,5,0.197551
case3,12,5000,1,0.200800
case3,12,5000,2,0.200600
case3,12,5000,3,0.193000
case3,12,5000,4,0.208400
case3,12,5000,5,0.197200
case3,12,5100,1,0.201765
case3,12,5100,2,0.201176
case3,12,5100,3,0.193137
case3,12,5100,4,0.207451
case3,12,5100,5,0.196471
case3,12,5200,1,0.201731
case3,12,5200,2,0.202692
case3,12,5200,3,0.192115
case3,12,5200,4,0.207308
case3,12,5200,5,0.196154
case3,12,5300,1,0.202264
case3,12,5300,2,0.202830
case3,12,5300,3,0.193019
case3,12,5300,4,0.205849
case3,12,5300,5,0.196038
case3,12,5400,1,0.201296
case3,12,5400,2,0.203889
case3,12,5400,3,0.193148
case3,12,5400,4,0.205556
case3,12,5400,5,0.196111
case3,12,5500,1,0.201455
case3,12,5500,2,0.205091
case3,12,5500,3,0.193091
case3,12,5500,4,0.205091
case3,12,5500,5,0.195273
case3,12,5600,1,0.201607
case3,12,5600,2,0.204643
case3,12,5600,3,0.192679
case3,12,5600,4,0.206250
case3,12,5600,5,0.194821
case3,12,5700,1,0.202105
case3,12,5700,2,0.204737
case3,12,5700,3,0.192281
case3,12,5700,4,0.205614
case3,12,5700,5,0.195263
case3,12,5800,1,0.202069
case3,12,5800,2,0.203621
case3,12,5800,3,0.193448
case3,12,5800,4,0.205000
case3,12,5800,5,0.195862
case3,12,5900,1,0.201356
case3,12,5900,2,0.204407
case3,12,5900,3,0.192034
case3,12,5900,4,0.206610
case3,12,5900,5,0.195593
case3,12,6000,1,0.200000
case3,12,6000,2,0.204667
case3,12,6000,3,0.191833
case3,12,6000,4,0.207333
case3,12,6000,5,0.196167
case3,12,6100,1,0.200328
case3,12,6100,2,0.204426
case3,12,6100,3,0.192459
case3,12,6100,4,0.207049
case3,12,6100,5,0.195738
case3,12,6200,1,0.199032
case3,12,6200,2,0.204194
case3,12,6200,3,0.193387
case3,12,6200,4,0.205968
case3,12,6200,5,0.197419
case3,12,6300,1,0.199524
case3,12,6300,2,0.205079
case3,12,6300,3,0.192063
case3,12,6300,4,0.205714
case3,12,6300,5,0.197619
case3,12,6400,1,0.200469
case3,12,6400,2,0.205000
case3,12,6400,3,0.191562
case3,12,6400,4,0.206563
case3,12,6400,5,0.196406
case3,12,6500,1,0.200000
case3,12,6500,2,0.206308
case3,12,6500,3,0.191077
case3,12,6500,4,0.206769
case3,12,6500,5,0.195846
case3,12,6600,1,0.199394
case3,12,6600,2,0.206970
case3,12,6600,3,0.191515
case3,12,6600,4,0.206212
case3,12,6600,5,0.195909
case3,12,6700,1,0.199403
case3,12,6700,2,0.207761
case3,12,6700,3,0.191791
case3,12,6700,4,0.205224
case3,12,6700,5,0.195821
case3,12,6800,1,0.200441
case3,12,6800,2,0.207206
case3,12,6800,3,0.191471
case3,12,6800,4,0.205147
case3,12,6800,5,0.195735
case3,12,6900,1,0.201014
case3,12,6900,2,0.207246
case3,12,6900,3,0.191304
case3,12,6900,4,0.204058
case3,12,6900,5,0.196377
case3,12,7000,1,0.200857
case3,12,7000,2,0.207857
case3,12,7000,3,0.191143
case3,12,7000,4,0.204286
case3,12,7000,5,0.195857
case3,12,7100,1,0.200423
case3,12,7100,2,0.208169
case3,12,7100,3,0.191972
case3,12,7100,4,0.203521
case3,12,7100,5,0.195915
case3,12,7200,1,0.200556
case3,12,7200,2,0.208472
case3,12,7200,3,0.191667
case3,12,7200,4,0.203611
case3,12,7200,5,0.195694
case3,12,7300,1,0.201233
case3,12,7300,2,0.208767
case3,12,7300,3,0.191781
case3,12,7300,4,0.202877
case3,12,7300,5,0.195342
case3,12,7400,1,0.200541
case3,12,7400,2,0.208649
case3,12,7400,3,0.192027
case3,12,7400,4,0.203243
case3,12,7400,5,0.195541
case3,12,7500,1,0.200667
case3,12,7500,2,0.208533
case3,12,7500,3,0.191333
case3,12,7500,4,0.203200
case3,12,7500,5,0.196267
case3,12,7600,1,0.200526
case3,12,7600,2,0.208816
case3,12,7600,3,0.191842
case3,12,7600,4,0.202895
case3,12,7600,5,0.195921
case3,12,7700,1,0.200779
case3,12,7700,2,0.208442
case3,12,7700,3,0.190909
case3,12,7700,4,0.203636
case3,12,7700,5,0.196234
case3,12,7800,1,0.200385
case3,12,7800,2,0.207949
case3,12,7800,3,0.190769
case3,12,7800,4,0.204744
case3,12,7800,5,0.196154
case3,12,7900,1,0.200000
case3,12,7900,2,0.207975
case3,12,7900,3,0.190759
case3,12,7900,4,0.204684
case3,12,7900,5,0.196582
case3,12,8000,1,0.200375
case3,12,8000,2,0.207375
case3,12,8000,3,0.190875
case3,12,8000,4,0.204875
case3,12,8000,5,0.196500
case3,12,8100,1,0.200617
case3,12,8100,2,0.207160
case3,12,8100,3,0.191481
case3,12,8100,4,0.204074
case3,12,8100,5,0.196667
case3,12,8200,1,0.200610
case3,12,8200,2,0.207927
case3,12,8200,3,0.190854
case3,12,8200,4,0.204146
case3,12,8200,5,0.196463
case3,12,8300,1,0.200241
case3,12,8300,2,0.208554
case3,12,8300,3,0.190241
case3,12,8300,4,0.204337
case3,12,8300,5,0.196627
case3,12,8400,1,0.200119
case3,12,8400,2,0.208333
case3,12,8400,3,0.190357
case3,12,8400,4,0.204405
case3,12,8400,5,0.196786
case3,12,8500,1,0.198941
case3,12,8500,2,0.209059
case3,12,8500,3,0.190118
case3,12,8500,4,0.204353
case3,12,8500,5,0.197529
case3,12,8600,1,0.199302
case3,12,8600,2,0.209070
case3,12,8600,3,0.190116
case3,12,8600,4,0.203837
case3,12,8600,5,0.197674
case3,12,8700,1,0.198966
case3,12,8700,2,0.209195
case3,12,8700,3,0.190345
case3,12,8700,4,0.204023
case3,12,8700,5,0.197471
case3,12,8800,1,0.198523
case3,12,8800,2,0.209318
case3,12,8800,3,0.190568
case3,12,8800,4,0.204659
case3,12,8800,5,0.196932
case3,12,8900,1,0.198539
case3,12,8900,2,0.209438
case3,12,8900,3,0.190899
case3,12,8900,4,0.203933
case3,12,8900,5,0.197191
case3,12,9000,1,0.199444
case3,12,9000,2,0.208444
case3,12,9000,3,0.191111
case3,12,9000,4,0.204667
case3,12,9000,5,0.196333
case3,12,9100,1,0.200330
case3,12,9100,2,0.207802
case3,12,9100,3,0.191868
case3,12,9100,4,0.204396
case3,12,9100,5,0.195604
case3,12,9200,1,0.199891
case3,12,9200,2,0.207500
case3,12,9200,3,0.191739
case3,12,9200,4,0.204348
case3,12,9200,5,0.196522
case3,12,9300,1,0.200538
case3,12,9300,2,0.207204
case3,12,9300,3,0.191183
case3,12,9300,4,0.204301
case3,12,9300,5,0.196774
case3,12,9400,1,0.200745
case3,12,9400,2,0.207021
case3,12,9400,3,0.192021
case3,12,9400,4,0.204149
case3,12,9400,5,0.196064
case3,12,9500,1,0.200737
case3,12,9500,2,0.207789
case3,12,9500,3,0.191158
case3,12,9500,4,0.204105
case3,12,9500,5,0.196211
case3,12,9600,1,0.200729
case3,12,9600,2,0.207500
case3,12,9600,3,0.191250
case3,12,9600,4,0.204375
case3,12,9600,5,0.196146
case3,12,9700,1,0.201031
case3,12,9700,2,0.206907
case3,12,9700,3,0.191134
case3,12,9700,4,0.204227
case3,12,9700,5,0.196701
case3,12,9800,1,0.200918
case3,12,9800,2,0.206531
case3,12,9800,3,0.191429
case3,12,9800,4,0.204592
case3,12,9800,5,0.196531
case3,12,9900,1,0.201111
case3,12,9900,2,0.206566
case3,12,9900,3,0.191313
case3,12,9900,4,0.204444
case3,12,9900,5,0.196566
case3,12,10000,1,0.201000
case3,12,10000,2,0.206300
case3,12,10000,3,0.191100
case3,12,10000,4,0.204200
case3,12,10000,5,0.197400
case3,13,100,1,0.210000
case3,13,100,2,0.170000
case3,13,100,3,0.210000
case3,13,100,4,0.230000
case3,13,100,5,0.180000
case3,13,200,1,0.210000
case3,13,200,2,0.210000
case3,13,200,3,0.230000
case3,13,200,4,0.185000
case3,13,200,5,0.165000
case3,13,300,1,0.226667
case3,13,300,2,0.180000
case3,13,300,3,0.236667
case3,13,300,4,0.193333
case3,13,300,5,0.163333
case3,13,400,1,0.212500
case3,13,400,2,0.185000
case3,13,400,3,0.247500
case3,13,400,4,0.180000
case3,13,400,5,0.175000
case3,13,500,1,0.208000
case3,13,500,2,0.174000
case3,13,500,3,0.228000
case3,13,500,4,0.186000
case3,13,500,5,0.204000
case3,13,600,1,0.211667
case3,13,600,2,0.173333
case3,13,600,3,0.230000
case3,13,600,4,0.183333
case3,13,600,5,0.201667
case3,13,700,1,0.208571
case3,13,700,2,0.177143
case3,13,700,3,0.225714
case3,13,700,4,0.192857
case3,13,700,5,0.195714
case3,13,800,1,0.205000
case3,13,800,2,0.181250
case3,13,800,3,0.226250
case3,13,800,4,0.186250
case3,13,800,5,0.201250
case3,13,900,1,0.205556
case3,13,900,2,0.187778
case3,13,900,3,0.221111
case3,13,900,4,0.183333
case3,13,900,5,0.202222
case3,13,1000,1,0.207000
case3,13,1000,2,0.188000
case3,13,1000,3,0.216000
case3,13,1000,4,0.187000
case3,13,1000,5,0.202000
case3,13,1100,1,0.210000
case3,13,1100,2,0.190909
case3,13,1100,3,0.215455
case3,13,1100,4,0.184545
case3,13,1100,5,0.199091
case3,13,1200,1,0.210000
case3,13,1200,2,0.192500
case3,13,1200,3,0.209167
case3,13,1200,4,0.190833
case3,13,1200,5,0.197500
case3,13,1300,1,0.210000
case3,13,1300,2,0.190000
case3,13,1300,3,0.209231
case3,13,1300,4,0.189231
case3,13,1300,5,0.201538
case3,13,1400,1,0.202857
case3,13,1400,2,0.192143
case3,13,1400,3,0.213571
case3,13,1400,4,0.187857
case3,13,1400,5,0.203571
case3,13,1500,1,0.199333
case3,13,1500,2,0.194000
case3,13,1500,3,0.216667
case3,13,1500,4,0.189333
case3,13,1500,5,0.200667
case3,13,1600,1,0.198125
case3,13,1600,2,0.194375
case3,13,1600,3,0.215000
case3,13,1600,4,0.191250
case3,13,1600,5,0.201250
case3,13,1700,1,0.200000
case3,13,1700,2,0.196471
case3,13,1700,3,0.211765
case3,13,1700,4,0.191176
case3,13,1700,5,0.200588
case3,13,1800,1,0.201111
case3,13,1800,2,0.195000
case3,13,1800,3,0.211111
case3,13,1800,4,0.192222
case3,13,1800,5,0.200556
case3,13,1900,1,0.205263
case3,13,1900,2,0.192105
case3,13,1900,3,0.207368
case3,13,1900,4,0.193684
case3,13,1900,5,0.201579
case3,13,2000,1,0.203000
case3,13,2000,2,0.193000
case3,13,2000,3,0.206000
case3,13,2000,4,0.196500
case3,13,2000,5,0.201500
case3,13,2100,1,0.201429
case3,13,2100,2,0.193333
case3,13,2100,3,0.205238
case3,13,2100,4,0.194762
case3,13,2100,5,0.205238
case3,13,2200,1,0.198636
case3,13,2200,2,0.193182
case3,13,2200,3,0.209545
case3,13,2200,4,0.192727
case3,13,2200,5,0.205909
case3,13,2300,1,0.200000
case3,13,2300,2,0.193478
case3,13,2300,3,0.208261
case3,13,2300,4,0.194348
case3,13,2300,5,0.203913
case3,13,2400,1,0.201250
case3,13,2400,2,0.191250
case3,13,2400,3,0.207500
case3,13,2400,4,0.195000
case3,13,2400,5,0.205000
case3,13,2500,1,0.202800
case3,13,2500,2,0.192800
case3,13,2500,3,0.206400
case3,13,2500,4,0.196000
case3,13,2500,5,0.202000
case3,13,2600,1,0.201154
case3,13,2600,2,0.195385
case3,13,2600,3,0.205385
case3,13,2600,4,0.196538
case3,13,2600,5,0.201538
case3,13,2700,1,0.202593
case3,13,2700,2,0.194074
case3,13,2700,3,0.207778
case3,13,2700,4,0.195926
case3,13,2700,5,0.199630
case3,13,2800,1,0.203214
case3,13,2800,2,0.192143
case3,13,2800,3,0.210357
case3,13,2800,4,0.196071
case3,13,2800,5,0.198214
case3,13,2900,1,0.204483
case3,13,2900,2,0.191379
case3,13,2900,3,0.207586
case3,13,2900,4,0.196207
case3,13,2900,5,0.200345
case3,13,3000,1,0.202667
case3,13,3000,2,0.195000
case3,13,3000,3,0.205667
case3,13,3000,4,0.196667
case3,13,3000,5,0.200000
case3,13,3100,1,0.201290
case3,13,3100,2,0.193871
case3,13,3100,3,0.206129
case3,13,3100,4,0.197742
case3,13,3100,5,0.200968
case3,13,3200,1,0.203437
case3,13,3200,2,0.193750
case3,13,3200,3,0.206563
case3,13,3200,4,0.197500
case3,13,3200,5,0.198750
case3,13,3300,1,0.201818
case3,13,3300,2,0.194848
case3,13,3300,3,0.203939
case3,13,3300,4,0.199394
case3,13,3300,5,0.200000
case3,13,3400,1,0.203235
case3,13,3400,2,0.195882
case3,13,3400,3,0.201765
case3,13,3400,4,0.199118
case3,13,3400,5,0.200000
case3,13,3500,1,0.204000
case3,13,3500,2,0.196857
case3,13,3500,3,0.200857
case3,13,3500,4,0.198286
case3,13,3500,5,0.200000
case3,13,3600,1,0.204444
case3,13,3600,2,0.196111
case3,13,3600,3,0.201389
case3,13,3600,4,0.198889
case3,13,3600,5,0.199167
case3,13,3700,1,0.204595
case3,13,3700,2,0.196757
case3,13,3700,3,0.201081
case3,13,3700,4,0.198919
case3,13,3700,5,0.198649
case3,13,3800,1,0.205789
case3,13,3800,2,0.196842
case3,13,3800,3,0.200263
case3,13,3800,4,0.200000
case3,13,3800,5,0.197105
case3,13,3900,1,0.204615
case3,13,3900,2,0.197436
case3,13,3900,3,0.198718
case3,13,3900,4,0.201538
case3,13,3900,5,0.197692
case3,13,4000,1,0.203500
case3,13,4000,2,0.197000
case3,13,4000,3,0.199500
case3,13,4000,4,0.202000
case3,13,4000,5,0.198000
case3,13,4100,1,0.202439
case3,13,4100,2,0.196829
case3,13,4100,3,0.199268
case3,13,4100,4,0.202439
case3,13,4100,5,0.199024
case3,13,4200,1,0.203571
case3,13,4200,2,0.196905
case3,13,4200,3,0.199524
case3,13,4200,4,0.200238
case3,13,4200,5,0.199762
case3,13,4300,1,0.204186
case3,13,4300,2,0.197442
case3,13,4300,3,0.199767
case3,13,4300,4,0.201628
case3,13,4300,5,0.196977
case3,13,4400,1,0.203636
case3,13,4400,2,0.197273
case3,13,4400,3,0.199545
case3,13,4400,4,0.201136
case3,13,4400,5,0.198409
case3,13,4500,1,0.202889
case3,13,4500,2,0.197556
case3,13,4500,3,0.199333
case3,13,4500,4,0.202000
case3,13,4500,5,0.198222
case3,13,4600,1,0.203913
case3,13,4600,2,0.196957
case3,13,4600,3,0.199783
case3,13,4600,4,0.202609
case3,13,4600,5,0.196739
case3,13,4700,1,0.203830
case3,13,4700,2,0.197021
case3,13,4700,3,0.199574
case3,13,4700,4,0.203404
case3,13,4700,5,0.196170
case3,13,4800,1,0.205000
case3,13,4800,2,0.195833
case3,13,4800,3,0.199375
case3,13,4800,4,0.203750
case3,13,4800,5,0.196042
case3,13,4900,1,0.203878
case3,13,4900,2,0.195714
case3,13,4900,3,0.199184
case3,13,4900,4,0.203061
case3,13,4900,5,0.198163
case3,13,5000,1,0.203000
case3,13,5000,2,0.195600
case3,13,5000,3,0.199600
case3,13,5000,4,0.203600
case3,13,5000,5,0.198200
case3,13,5100,1,0.202941
case3,13,5100,2,0.195686
case3,13,5100,3,0.199608
case3,13,5100,4,0.202941
case3,13,5100,5,0.198824
case3,13,5200,1,0.203462
case3,13,5200,2,0.194808
case3,13,5200,3,0.199231
case3,13,5200,4,0.203269
case3,13,5200,5,0.199231
case3,13,5300,1,0.203208
case3,13,5300,2,0.194906
case3,13,5300,3,0.199623
case3,13,5300,4,0.202830
case3,13,5300,5,0.199434
case3,13,5400,1,0.203519
case3,13,5400,2,0.194074
case3,13,5400,3,0.199259
case3,13,5400,4,0.202963
case3,13,5400,5,0.200185
case3,13,5500,1,0.203273
case3,13,5500,2,0.195455
case3,13,5500,3,0.198909
case3,13,5500,4,0.203091
case3,13,5500,5,0.199273
case3,13,5600,1,0.203393
case3,13,5600,2,0.195536
case3,13,5600,3,0.198214
case3,13,5600,4,0.203214
case3,13,5600,5,0.199643
case3,13,5700,1,0.202807
case3,13,5700,2,0.194386
case3,13,5700,3,0.199123
case3,13,5700,4,0.204211
case3,13,5700,5,0.199474
case3,13,5800,1,0.202069
case3,13,5800,2,0.194310
case3,13,5800,3,0.200345
case3,13,5800,4,0.204310
case3,13,5800,5,0.198966
case3,13,5900,1,0.202034
case3,13,5900,2,0.194407
case3,13,5900,3,0.199661
case3,13,5900,4,0.204068
case3,13,5900,5,0.199831
case3,13,6000,1,0.201667
case3,13,6000,2,0.194333
case3,13,6000,3,0.200167
case3,13,6000,4,0.203000
case3,13,6000,5,0.200833
case3,13,6100,1,0.200492
case3,13,6100,2,0.194426
case3,13,6100,3,0.200984
case3,13,6100,4,0.203934
case3,13,6100,5,0.200164
case3,13,6200,1,0.201452
case3,13,6200,2,0.194032
case3,13,6200,3,0.202419
case3,13,6200,4,0.203548
case3,13,6200,5,0.198548
case3,13,6300,1,0.201111
case3,13,6300,2,0.193016
case3,13,6300,3,0.203016
case3,13,6300,4,0.204444
case3,13,6300,5,0.198413
case3,13,6400,1,0.201406
case3,13,6400,2,0.192656
case3,13,6400,3,0.203906
case3,13,6400,4,0.204375
case3,13,6400,5,0.197656
case3,13,6500,1,0.200462
case3,13,6500,2,0.192462
case3,13,6500,3,0.203538
case3,13,6500,4,0.204923
case3,13,6500,5,0.198615
case3,13,6600,1,0.200455
case3,13,6600,2,0.192727
case3,13,6600,3,0.203788
case3,13,6600,4,0.204848
case3,13,6600,5,0.198182
case3,13,6700,1,0.200149
case3,13,6700,2,0.193433
case3,13,6700,3,0.203582
case3,13,6700,4,0.204925
case3,13,6700,5,0.197910
case3,13,6800,1,0.199412
case3,13,6800,2,0.193529
case3,13,6800,3,0.203382
case3,13,6800,4,0.205588
case3,13,6800,5,0.198088
case3,13,6900,1,0.198841
case3,13,6900,2,0.193188
case3,13,6900,3,0.203768
case3,13,6900,4,0.206232
case3,13,6900,5,0.197971
case3,13,7000,1,0.198143
case3,13,7000,2,0.194000
case3,13,7000,3,0.204286
case3,13,7000,4,0.205429
case3,13,7000,5,0.198143
case3,13,7100,1,0.197465
case3,13,7100,2,0.194648
case3,13,7100,3,0.204930
case3,13,7100,4,0.204366
case3,13,7100,5,0.198592
case3,13,7200,1,0.196528
case3,13,7200,2,0.195000
case3,13,7200,3,0.205556
case3,13,7200,4,0.204722
case3,13,7200,5,0.198194
case3,13,7300,1,0.196027
case3,13,7300,2,0.195616
case3,13,7300,3,0.205068
case3,13,7300,4,0.204110
case3,13,7300,5,0.199178
case3,13,7400,1,0.195405
case3,13,7400,2,0.195946
case3,13,7400,3,0.204730
case3,13,7400,4,0.205135
case3,13,7400,5,0.198784
case3,13,7500,1,0.195467
case3,13,7500,2,0.195867
case3,13,7500,3,0.205333
case3,13,7500,4,0.204933
case3,13,7500,5,0.198400
case3,13,7600,1,0.195263
case3,13,7600,2,0.195658
case3,13,7600,3,0.205526
case3,13,7600,4,0.205526
case3,13,7600,5,0.198026
case3,13,7700,1,0.194286
case3,13,7700,2,0.196364
case3,13,7700,3,0.204805
case3,13,7700,4,0.205974
case3,13,7700,5,0.198571
case3,13,7800,1,0.195256
case3,13,7800,2,0.195385
case3,13,7800,3,0.205256
case3,13,7800,4,0.205256
case3,13,7800,5,0.198846
case3,13,7900,1,0.195316
case3,13,7900,2,0.194304
case3,13,7900,3,0.204810
case3,13,7900,4,0.205443
case3,13,7900,5,0.200127
case3,13,8000,1,0.195625
case3,13,8000,2,0.194250
case3,13,8000,3,0.204750
case3,13,8000,4,0.205375
case3,13,8000,5,0.200000
case3,13,8100,1,0.194938
case3,13,8100,2,0.193580
case3,13,8100,3,0.204691
case3,13,8100,4,0.206420
case3,13,8100,5,0.200370
case3,13,8200,1,0.194878
case3,13,8200,2,0.193537
case3,13,8200,3,0.205244
case3,13,8200,4,0.205732
case3,13,8200,5,0.200610
case3,13,8300,1,0.195783
case3,13,8300,2,0.192892
case3,13,8300,3,0.205301
case3,13,8300,4,0.205904
case3,13,8300,5,0.200120
case3,13,8400,1,0.196071
case3,13,8400,2,0.193571
case3,13,8400,3,0.205119
case3,13,8400,4,0.205238
case3,13,8400,5,0.200000
case3,13,8500,1,0.196000
case3,13,8500,2,0.193882
case3,13,8500,3,0.204941
case3,13,8500,4,0.205529
case3,13,8500,5,0.199647
case3,13,8600,1,0.195814
case3,13,8600,2,0.193837
case3,13,8600,3,0.205465
case3,13,8600,4,0.205000
case3,13,8600,5,0.199884
case3,13,8700,1,0.195517
case3,13,8700,2,0.194368
case3,13,8700,3,0.204943
case3,13,8700,4,0.205402
case3,13,8700,5,0.199770
case3,13,8800,1,0.195568
case3,13,8800,2,0.194205
case3,13,8800,3,0.205455
case3,13,8800,4,0.205455
case3,13,8800,5,0.199318
case3,13,8900,1,0.195393
case3,13,8900,2,0.194607
case3,13,8900,3,0.206404
case3,13,8900,4,0.204719
case3,13,8900,5,0.198876
case3,13,9000,1,0.196000
case3,13,9000,2,0.195222
case3,13,9000,3,0.205333
case3,13,9000,4,0.204889
case3,13,9000,5,0.198556
case3,13,9100,1,0.195714
case3,13,9100,2,0.194945
case3,13,9100,3,0.205604
case3,13,9100,4,0.205495
case3,13,9100,5,0.198242
case3,13,9200,1,0.196087
case3,13,9200,2,0.194783
case3,13,9200,3,0.205652
case3,13,9200,4,0.205217
case3,13,9200,5,0.198261
case3,13,9300,1,0.196559
case3,13,9300,2,0.194731
case3,13,9300,3,0.205161
case3,13,9300,4,0.205376
case3,13,9300,5,0.198172
case3,13,9400,1,0.196702
case3,13,9400,2,0.195213
case3,13,9400,3,0.204894
case3,13,9400,4,0.205426
case3,13,9400,5,0.197766
case3,13,9500,1,0.196632
case3,13,9500,2,0.196105
case3,13,9500,3,0.204632
case3,13,9500,4,0.205053
case3,13,9500,5,0.197579
case3,13,9600,1,0.196458
case3,13,9600,2,0.196458
case3,13,9600,3,0.204583
case3,13,9600,4,0.204792
case3,13,9600,5,0.197708
case3,13,9700,1,0.196598
case3,13,9700,2,0.196907
case3,13,9700,3,0.204330
case3,13,9700,4,0.205052
case3,13,9700,5,0.197113
case3,13,9800,1,0.196837
case3,13,9800,2,0.196327
case3,13,9800,3,0.204796
case3,13,9800,4,0.204898
case3,13,9800,5,0.197143
case3,13,9900,1,0.196869
case3,13,9900,2,0.196667
case3,13,9900,3,0.204949
case3,13,9900,4,0.204949
case3,13,9900,5,0.196566
case3,13,10000,1,0.197200
case3,13,10000,2,0.197000
case3,13,10000,3,0.204300
case3,13,10000,4,0.205300
case3,13,10000,5,0.196200
case3,14,100,1,0.200000
case3,14,100,2,0.170000
case3,14,100,3,0.200000
case3,14,100,4,0.250000
case3,14,100,5,0.180000
case3,14,200,1,0.175000
case3,14,200,2,0.210000
case3,14,200,3,0.190000
case3,14,200,4,0.235000
case3,14,200,5,0.190000
case3,14,300,1,0.166667
case3,14,300,2,0.213333
case3,14,300,3,0.186667
case3,14,300,4,0.216667
case3,14,300,5,0.216667
case3,14,400,1,0.162500
case3,14,400,2,0.222500
case3,14,400,3,0.210000
case3,14,400,4,0.207500
case3,14,400,5,0.197500
case3,14,500,1,0.172000
case3,14,500,2,0.222000
case3,14,500,3,0.210000
case3,14,500,4,0.194000
case3,14,500,5,0.202000
case3,14,600,1,0.186667
case3,14,600,2,0.206667
case3,14,600,3,0.206667
case3,14,600,4,0.186667
case3,14,600,5,0.213333
case3,14,700,1,0.188571
case3,14,700,2,0.197143
case3,14,700,3,0.204286
case3,14,700,4,0.192857
case3,14,700,5,0.217143
case3,14,800,1,0.187500
case3,14,800,2,0.195000
case3,14,800,3,0.207500
case3,14,800,4,0.193750
case3,14,800,5,0.216250
case3,14,900,1,0.190000
case3,14,900,2,0.188889
case3,14,900,3,0.212222
case3,14,900,4,0.191111
case3,14,900,5,0.217778
case3,14,1000,1,0.188000
case3,14,1000,2,0.182000
case3,14,1000,3,0.210000
case3,14,1000,4,0.201000
case3,14,1000,5,0.219000
case3,14,1100,1,0.189091
case3,14,1100,2,0.180909
case3,14,1100,3,0.213636
case3,14,1100,4,0.199091
case3,14,1100,5,0.217273
case3,14,1200,1,0.189167
case3,14,1200,2,0.182500
case3,14,1200,3,0.210000
case3,14,1200,4,0.200833
case3,14,1200,5,0.217500
case3,14,1300,1,0.195385
case3,14,1300,2,0.180000
case3,14,1300,3,0.210000
case3,14,1300,4,0.202308
case3,14,1300,5,0.212308
case3,14,1400,1,0.199286
case3,14,1400,2,0.180714
case3,14,1400,3,0.208571
case3,14,1400,4,0.203571
case3,14,1400,5,0.207857
case3,14,1500,1,0.192667
case3,14,1500,2,0.182667
case3,14,1500,3,0.214000
case3,14,1500,4,0.201333
case3,14,1500,5,0.209333
case3,14,1600,1,0.190625
case3,14,1600,2,0.182500
case3,14,1600,3,0.216875
case3,14,1600,4,0.202500
case3,14,1600,5,0.207500
case3,14,1700,1,0.190588
case3,14,1700,2,0.187059
case3,14,1700,3,0.217059
case3,14,1700,4,0.199412
case3,14,1700,5,0.205882
case3,14,1800,1,0.186111
case3,14,1800,2,0.189444
case3,14,1800,3,0.216667
case3,14,1800,4,0.201111
case3,14,1800,5,0.206667
case3,14,1900,1,0.187368
case3,14,1900,2,0.190000
case3,14,1900,3,0.215789
case3,14,1900,4,0.198421
case3,14,1900,5,0.208421
case3,14,2000,1,0.188500
case3,14,2000,2,0.191500
case3,14,2000,3,0.217000
case3,14,2000,4,0.198000
case3,14,2000,5,0.205000
case3,14,2100,1,0.189524
case3,14,2100,2,0.190952
case3,14,2100,3,0.212857
case3,14,2100,4,0.200952
case3,14,2100,5,0.205714
case3,14,2200,1,0.188182
case3,14,2200,2,0.189545
case3,14,2200,3,0.212273
case3,14,2200,4,0.204091
case3,14,2200,5,0.205909
case3,14,2300,1,0.193478
case3,14,2300,2,0.189130
case3,14,2300,3,0.210435
case3,14,2300,4,0.203478
case3,14,2300,5,0.203478
case3,14,2400,1,0.192500
case3,14,2400,2,0.189167
case3,14,2400,3,0.212500
case3,14,2400,4,0.203333
case3,14,2400,5,0.202500
case3,14,2500,1,0.197600
case3,14,2500,2,0.189600
case3,14,2500,3,0.211600
case3,14,2500,4,0.201200
case3,14,2500,5,0.200000
case3,14,2600,1,0.198846
case3,14,2600,2,0.192308
case3,14,2600,3,0.213077
case3,14,2600,4,0.198077
case3,14,2600,5,0.197692
case3,14,2700,1,0.201111
case3,14,2700,2,0.191852
case3,14,2700,3,0.212222
case3,14,2700,4,0.196667
case3,14,2700,5,0.198148
case3,14,2800,1,0.202500
case3,14,2800,2,0.191429
case3,14,2800,3,0.212143
case3,14,2800,4,0.197143
case3,14,2800,5,0.196786
case3,14,2900,1,0.201724
case3,14,2900,2,0.192069
case3,14,2900,3,0.212414
case3,14,2900,4,0.196552
case3,14,2900,5,0.197241
case3,14,3000,1,0.201000
case3,14,3000,2,0.190667
case3,14,3000,3,0.214667
case3,14,3000,4,0.194333
case3,14,3000,5,0.199333
case3,14,3100,1,0.203226
case3,14,3100,2,0.189677
case3,14,3100,3,0.215161
case3,14,3100,4,0.192903
case3,14,3100,5,0.199032
case3,14,3200,1,0.204375
case3,14,3200,2,0.189375
case3,14,3200,3,0.215938
case3,14,3200,4,0.192500
case3,14,3200,5,0.197813
case3,14,3300,1,0.202121
case3,14,3300,2,0.190606
case3,14,3300,3,0.215455
case3,14,3300,4,0.193939
case3,14,3300,5,0.197879
case3,14,3400,1,0.201765
case3,14,3400,2,0.190588
case3,14,3400,3,0.215294
case3,14,3400,4,0.195000
case3,14,3400,5,0.197353
case3,14,3500,1,0.202571
case3,14,3500,2,0.193143
case3,14,3500,3,0.213143
case3,14,3500,4,0.193714
case3,14,3500,5,0.197429
case3,14,3600,1,0.202778
case3,14,3600,2,0.193611
case3,14,3600,3,0.210556
case3,14,3600,4,0.194167
case3,14,3600,5,0.198889
case3,14,3700,1,0.203784
case3,14,3700,2,0.193514
case3,14,3700,3,0.208649
case3,14,3700,4,0.194595
case3,14,3700,5,0.199459
case3,14,3800,1,0.205000
case3,14,3800,2,0.193421
case3,14,3800,3,0.208158
case3,14,3800,4,0.194211
case3,14,3800,5,0.199211
case3,14,3900,1,0.206154
case3,14,3900,2,0.194359
case3,14,3900,3,0.207692
case3,14,3900,4,0.193590
case3,14,3900,5,0.198205
case3,14,4000,1,0.206250
case3,14,4000,2,0.193250
case3,14,4000,3,0.208000
case3,14,4000,4,0.194500
case3,14,4000,5,0.198000
case3,14,4100,1,0.206585
case3,14,4100,2,0.193659
case3,14,4100,3,0.207561
case3,14,4100,4,0.193659
case3,14,4100,5,0.198537
case3,14,4200,1,0.208095
case3,14,4200,2,0.194762
case3,14,4200,3,0.207619
case3,14,4200,4,0.193571
case3,14,4200,5,0.195952
case3,14,4300,1,0.209535
case3,14,4300,2,0.194651
case3,14,4300,3,0.207442
case3,14,4300,4,0.193256
case3,14,4300,5,0.195116
case3,14,4400,1,0.210000
case3,14,4400,2,0.195000
case3,14,4400,3,0.205682
case3,14,4400,4,0.194773
case3,14,4400,5,0.194545
case3,14,4500,1,0.210444
case3,14,4500,2,0.194889
case3,14,4500,3,0.206222
case3,14,4500,4,0.193556
case3,14,4500,5,0.194889
case3,14,4600,1,0.209565
case3,14,4600,2,0.195217
case3,14,4600,3,0.204565
case3,14,4600,4,0.195652
case3,14,4600,5,0.195000
case3,14,4700,1,0.211064
case3,14,4700,2,0.195745
case3,14,4700,3,0.204468
case3,14,4700,4,0.194681
case3,14,4700,5,0.194043
case3,14,4800,1,0.212917
case3,14,4800,2,0.195417
case3,14,4800,3,0.203333
case3,14,4800,4,0.194375
case3,14,4800,5,0.193958
case3,14,4900,1,0.213061
case3,14,4900,2,0.195714
case3,14,4900,3,0.203673
case3,14,4900,4,0.193265
case3,14,4900,5,0.194286
case3,14,5000,1,0.212800
case3,14,5000,2,0.197000
case3,14,5000,3,0.202200
case3,14,5000,4,0.192400
case3,14,5000,5,0.195600
case3,14,5100,1,0.212745
case3,14,5100,2,0.197647
case3,14,5100,3,0.201373
case3,14,5100,4,0.190980
case3,14,5100,5,0.197255
case3,14,5200,1,0.212308
case3,14,5200,2,0.198269
case3,14,5200,3,0.201538
case3,14,5200,4,0.191154
case3,14,5200,5,0.196731
case3,14,5300,1,0.211887
case3,14,5300,2,0.198113
case3,14,5300,3,0.202264
case3,14,5300,4,0.190566
case3,14,5300,5,0.197170
case3,14,5400,1,0.212222
case3,14,5400,2,0.199259
case3,14,5400,3,0.202037
case3,14,5400,4,0.190000
case3,14,5400,5,0.196481
case3,14,5500,1,0.212727
case3,14,5500,2,0.198364
case3,14,5500,3,0.201636
case3,14,5500,4,0.189818
case3,14,5500,5,0.197455
case3,14,5600,1,0.212857
case3,14,5600,2,0.198571
case3,14,5600,3,0.201429
case3,14,5600,4,0.190179
case3,14,5600,5,0.196964
case3,14,5700,1,0.212105
case3,14,5700,2,0.198947
case3,14,5700,3,0.199825
case3,14,5700,4,0.191579
case3,14,5700,5,0.197544
case3,14,5800,1,0.211897
case3,14,5800,2,0.198966
case3,14,5800,3,0.198621
case3,14,5800,4,0.192931
case3,14,5800,5,0.197586
case3,14,5900,1,0.212712
case3,14,5900,2,0.198644
case3,14,5900,3,0.198475
case3,14,5900,4,0.193559
case3,14,5900,5,0.196610
case3,14,6000,1,0.212667
case3,14,6000,2,0.198167
case3,14,6000,3,0.199500
case3,14,6000,4,0.193167
case3,14,6000,5,0.196500
case3,14,6100,1,0.211475
case3,14,6100,2,0.197049
case3,14,6100,3,0.200328
case3,14,6100,4,0.194426
case3,14,6100,5,0.196721
case3,14,6200,1,0.211613
case3,14,6200,2,0.196290
case3,14,6200,3,0.199194
case3,14,6200,4,0.195161
case3,14,6200,5,0.197742
case3,14,6300,1,0.211429
case3,14,6300,2,0.196825
case3,14,6300,3,0.198413
case3,14,6300,4,0.195238
case3,14,6300,5,0.198095
case3,14,6400,1,0.213125
case3,14,6400,2,0.196250
case3,14,6400,3,0.198594
case3,14,6400,4,0.195156
case3,14,6400,5,0.196875
case3,14,6500,1,0.213231
case3,14,6500,2,0.196615
case3,14,6500,3,0.198462
case3,14,6500,4,0.194615
case3,14,6500,5,0.197077
case3,14,6600,1,0.212424
case3,14,6600,2,0.196212
case3,14,6600,3,0.198485
case3,14,6600,4,0.195000
case3,14,6600,5,0.197879
case3,14,6700,1,0.211940
case3,14,6700,2,0.197164
case3,14,6700,3,0.197910
case3,14,6700,4,0.194925
case3,14,6700,5,0.198060
case3,14,6800,1,0.212059
case3,14,6800,2,0.197206
case3,14,6800,3,0.197500
case3,14,6800,4,0.195294
case3,14,6800,5,0.197941
case3,14,6900,1,0.211739
case3,14,6900,2,0.197536
case3,14,6900,3,0.196812
case3,14,6900,4,0.195942
case3,14,6900,5,0.197971
case3,14,7000,1,0.212429
case3,14,7000,2,0.196857
case3,14,7000,3,0.197714
case3,14,7000,4,0.195429
case3,14,7000,5,0.197571
case3,14,7100,1,0.212113
case3,14,7100,2,0.196338
case3,14,7100,3,0.198451
case3,14,7100,4,0.196197
case3,14,7100,5,0.196901
case3,14,7200,1,0.211389
case3,14,7200,2,0.196806
case3,14,7200,3,0.198056
case3,14,7200,4,0.197222
case3,14,7200,5,0.196528
case3,14,7300,1,0.210959
case3,14,7300,2,0.196164
case3,14,7300,3,0.197945
case3,14,7300,4,0.197397
case3,14,7300,5,0.197534
case3,14,7400,1,0.209865
case3,14,7400,2,0.196486
case3,14,7400,3,0.197432
case3,14,7400,4,0.197703
case3,14,7400,5,0.198514
case3,14,7500,1,0.209867
case3,14,7500,2,0.195867
case3,14,7500,3,0.198267
case3,14,7500,4,0.197067
case3,14,7500,5,0.198933
case3,14,7600,1,0.209211
case3,14,7600,2,0.196053
case3,14,7600,3,0.198684
case3,14,7600,4,0.197105
case3,14,7600,5,0.198947
case3,14,7700,1,0.210130
case3,14,7700,2,0.196234
case3,14,7700,3,0.198182
case3,14,7700,4,0.196753
case3,14,7700,5,0.198701
case3,14,7800,1,0.210641
case3,14,7800,2,0.197051
case3,14,7800,3,0.197051
case3,14,7800,4,0.196026
case3,14,7800,5,0.199231
case3,14,7900,1,0.209367
case3,14,7900,2,0.198354
case3,14,7900,3,0.197089
case3,14,7900,4,0.196329
case3,14,7900,5,0.198861
case3,14,8000,1,0.209375
case3,14,8000,2,0.197500
case3,14,8000,3,0.197500
case3,14,8000,4,0.196625
case3,14,8000,5,0.199000
case3,14,8100,1,0.209630
case3,14,8100,2,0.197778
case3,14,8100,3,0.197284
case3,14,8100,4,0.196420
case3,14,8100,5,0.198889
case3,14,8200,1,0.209390
case3,14,8200,2,0.197927
case3,14,8200,3,0.197195
case3,14,8200,4,0.196951
case3,14,8200,5,0.198537
case3,14,8300,1,0.209157
case3,14,8300,2,0.198072
case3,14,8300,3,0.197108
case3,14,8300,4,0.197349
case3,14,8300,5,0.198313
case3,14,8400,1,0.208690
case3,14,8400,2,0.198452
case3,14,8400,3,0.197262
case3,14,8400,4,0.197143
case3,14,8400,5,0.198452
case3,14,8500,1,0.208353
case3,14,8500,2,0.197765
case3,14,8500,3,0.197882
case3,14,8500,4,0.197529
case3,14,8500,5,0.198471
case3,14,8600,1,0.207442
case3,14,8600,2,0.198140
case3,14,8600,3,0.198721
case3,14,8600,4,0.197907
case3,14,8600,5,0.197791
case3,14,8700,1,0.206782
case3,14,8700,2,0.198391
case3,14,8700,3,0.198736
case3,14,8700,4,0.198506
case3,14,8700,5,0.197586
case3,14,8800,1,0.206136
case3,14,8800,2,0.198409
case3,14,8800,3,0.199545
case3,14,8800,4,0.198409
case3,14,8800,5,0.197500
case3,14,8900,1,0.206292
case3,14,8900,2,0.198539
case3,14,8900,3,0.199551
case3,14,8900,4,0.198090
case3,14,8900,5,0.197528
case3,14,9000,1,0.206333
case3,14,9000,2,0.198000
case3,14,9000,3,0.199333
case3,14,9000,4,0.198889
case3,14,9000,5,0.197444
case3,14,9100,1,0.206264
case3,14,9100,2,0.197473
case3,14,9100,3,0.199780
case3,14,9100,4,0.199341
case3,14,9100,5,0.197143
case3,14,9200,1,0.205978
case3,14,9200,2,0.197609
case3,14,9200,3,0.200652
case3,14,9200,4,0.199130
case3,14,9200,5,0.196630
case3,14,9300,1,0.205484
case3,14,9300,2,0.198065
case3,14,9300,3,0.200215
case3,14,9300,4,0.199140
case3,14,9300,5,0.197097
case3,14,9400,1,0.205106
case3,14,9400,2,0.198191
case3,14,9400,3,0.200532
case3,14,9400,4,0.199043
case3,14,9400,5,0.197128
case3,14,9500,1,0.204947
case3,14,9500,2,0.198105
case3,14,9500,3,0.200421
case3,14,9500,4,0.199684
case3,14,9500,5,0.196842
case3,14,9600,1,0.205521
case3,14,9600,2,0.197708
case3,14,9600,3,0.200000
case3,14,9600,4,0.200104
case3,14,9600,5,0.196667
case3,14,9700,1,0.205361
case3,14,9700,2,0.197010
case3,14,9700,3,0.199278
case3,14,9700,4,0.200619
case3,14,9700,5,0.197732
case3,14,9800,1,0.205714
case3,14,9800,2,0.196735
case3,14,9800,3,0.198980
case3,14,9800,4,0.201327
case3,14,9800,5,0.197245
case3,14,9900,1,0.205758
case3,14,9900,2,0.196768
case3,14,9900,3,0.198889
case3,14,9900,4,0.201010
case3,14,9900,5,0.197576
case3,14,10000,1,0.205700
case3,14,10000,2,0.196400
case3,14,10000,3,0.199100
case3,14,10000,4,0.201200
case3,14,10000,5,0.197600
case3,15,100,1,0.190000
case3,15,100,2,0.220000
case3,15,100,3,0.220000
case3,15,100,4,0.240000
case3,15,100,5,0.130000
case3,15,200,1,0.170000
case3,15,200,2,0.225000
case3,15,200,3,0.215000
case3,15,200,4,0.195000
case3,15,200,5,0.195000
case3,15,300,1,0.163333
case3,15,300,2,0.230000
case3,15,300,3,0.210000
case3,15,300,4,0.196667
case3,15,300,5,0.200000
case3,15,400,1,0.185000
case3,15,400,2,0.232500
case3,15,400,3,0.200000
case3,15,400,4,0.195000
case3,15,400,5,0.187500
case3,15,500,1,0.192000
case3,15,500,2,0.232000
case3,15,500,3,0.208000
case3,15,500,4,0.180000
case3,15,500,5,0.188000
case3,15,600,1,0.206667
case3,15,600,2,0.223333
case3,15,600,3,0.196667
case3,15,600,4,0.195000
case3,15,600,5,0.178333
case3,15,700,1,0.204286
case3,15,700,2,0.224286
case3,15,700,3,0.198571
case3,15,700,4,0.195714
case3,15,700,5,0.177143
case3,15,800,1,0.201250
case3,15,800,2,0.221250
case3,15,800,3,0.198750
case3,15,800,4,0.200000
case3,15,800,5,0.178750
case3,15,900,1,0.208889
case3,15,900,2,0.215556
case3,15,900,3,0.194444
case3,15,900,4,0.200000
case3,15,900,5,0.181111
case3,15,1000,1,0.207000
case3,15,1000,2,0.217000
case3,15,1000,3,0.193000
case3,15,1000,4,0.205000
case3,15,1000,5,0.178000
case3,15,1100,1,0.202727
case3,15,1100,2,0.210909
case3,15,1100,3,0.186364
case3,15,1100,4,0.210000
case3,15,1100,5,0.190000
case3,15,1200,1,0.201667
case3,15,1200,2,0.212500
case3,15,1200,3,0.186667
case3,15,1200,4,0.209167
case3,15,1200,5,0.190000
case3,15,1300,1,0.204615
case3,15,1300,2,0.216154
case3,15,1300,3,0.189231
case3,15,1300,4,0.206154
case3,15,1300,5,0.183846
case3,15,1400,1,0.202857
case3,15,1400,2,0.215714
case3,15,1400,3,0.194286
case3,15,1400,4,0.201429
case3,15,1400,5,0.185714
case3,15,1500,1,0.199333
case3,15,1500,2,0.213333
case3,15,1500,3,0.196000
case3,15,1500,4,0.204000
case3,15,1500,5,0.187333
case3,15,1600,1,0.200000
case3,15,1600,2,0.211875
case3,15,1600,3,0.196250
case3,15,1600,4,0.203750
case3,15,1600,5,0.188125
case3,15,1700,1,0.198235
case3,15,1700,2,0.209412
case3,15,1700,3,0.198235
case3,15,1700,4,0.208235
case3,15,1700,5,0.185882
case3,15,1800,1,0.201111
case3,15,1800,2,0.208333
case3,15,1800,3,0.195000
case3,15,1800,4,0.207222
case3,15,1800,5,0.188333
case3,15,1900,1,0.203158
case3,15,1900,2,0.207368
case3,15,1900,3,0.197895
case3,15,1900,4,0.206842
case3,15,1900,5,0.184737
case3,15,2000,1,0.201500
case3,15,2000,2,0.210000
case3,15,2000,3,0.197500
case3,15,2000,4,0.205000
case3,15,2000,5,0.186000
case3,15,2100,1,0.200952
case3,15,2100,2,0.207619
case3,15,2100,3,0.200000
case3,15,2100,4,0.204286
case3,15,2100,5,0.187143
case3,15,2200,1,0.202273
case3,15,2200,2,0.205455
case3,15,2200,3,0.199545
case3,15,2200,4,0.203636
case3,15,2200,5,0.189091
case3,15,2300,1,0.202609
case3,15,2300,2,0.208696
case3,15,2300,3,0.199130
case3,15,2300,4,0.201304
case3,15,2300,5,0.188261
case3,15,2400,1,0.202500
case3,15,2400,2,0.210417
case3,15,2400,3,0.199583
case3,15,2400,4,0.198333
case3,15,2400,5,0.189167
case3,15,2500,1,0.200400
case3,15,2500,2,0.211600
case3,15,2500,3,0.201600
case3,15,2500,4,0.198000
case3,15,2500,5,0.188400
case3,15,2600,1,0.201154
case3,15,2600,2,0.210769
case3,15,2600,3,0.200000
case3,15,2600,4,0.198077
case3,15,2600,5,0.190000
case3,15,2700,1,0.201111
case3,15,2700,2,0.212222
case3,15,2700,3,0.198148
case3,15,2700,4,0.198148
case3,15,2700,5,0.190370
case3,15,2800,1,0.199643
case3,15,2800,2,0.213571
case3,15,2800,3,0.199643
case3,15,2800,4,0.195000
case3,15,2800,5,0.192143
case3,15,2900,1,0.197931
case3,15,2900,2,0.213793
case3,15,2900,3,0.200000
case3,15,2900,4,0.196897
case3,15,2900,5,0.191379
case3,15,3000,1,0.197000
case3,15,3000,2,0.212333
case3,15,3000,3,0.202333
case3,15,3000,4,0.196000
case3,15,3000,5,0.192333
case3,15,3100,1,0.196452
case3,15,3100,2,0.213226
case3,15,3100,3,0.202581
case3,15,3100,4,0.196129
case3,15,3100,5,0.191613
case3,15,3200,1,0.195312
case3,15,3200,2,0.213438
case3,15,3200,3,0.201563
case3,15,3200,4,0.195937
case3,15,3200,5,0.193750
case3,15,3300,1,0.195152
case3,15,3300,2,0.212121
case3,15,3300,3,0.203636
case3,15,3300,4,0.196364
case3,15,3300,5,0.192727
case3,15,3400,1,0.194706
case3,15,3400,2,0.212059
case3,15,3400,3,0.206176
case3,15,3400,4,0.194118
case3,15,3400,5,0.192941
case3,15,3500,1,0.194000
case3,15,3500,2,0.211714
case3,15,3500,3,0.205429
case3,15,3500,4,0.195143
case3,15,3500,5,0.193714
case3,15,3600,1,0.194722
case3,15,3600,2,0.211389
case3,15,3600,3,0.205556
case3,15,3600,4,0.195556
case3,15,3600,5,0.192778
case3,15,3700,1,0.193784
case3,15,3700,2,0.211622
case3,15,3700,3,0.205676
case3,15,3700,4,0.197027
case3,15,3700,5,0.191892
case3,15,3800,1,0.194211
case3,15,3800,2,0.212632
case3,15,3800,3,0.204474
case3,15,3800,4,0.196316
case3,15,3800,5,0.192368
case3,15,3900,1,0.193846
case3,15,3900,2,0.212308
case3,15,3900,3,0.204359
case3,15,3900,4,0.198205
case3,15,3900,5,0.191282
case3,15,4000,1,0.192250
case3,15,4000,2,0.212250
case3,15,4000,3,0.204750
case3,15,4000,4,0.198250
case3,15,4000,5,0.192500
case3,15,4100,1,0.191463
case3,15,4100,2,0.212683
case3,15,4100,3,0.204878
case3,15,4100,4,0.198049
case3,15,4100,5,0.192927
case3,15,4200,1,0.193810
case3,15,4200,2,0.212619
case3,15,4200,3,0.203810
case3,15,4200,4,0.197143
case3,15,4200,5,0.192619
case3,15,4300,1,0.194186
case3,15,4300,2,0.212558
case3,15,4300,3,0.203488
case3,15,4300,4,0.197209
case3,15,4300,5,0.192558
case3,15,4400,1,0.195455
case3,15,4400,2,0.211818
case3,15,4400,3,0.202727
case3,15,4400,4,0.197045
case3,15,4400,5,0.192955
case3,15,4500,1,0.195333
case3,15,4500,2,0.212667
case3,15,4500,3,0.202444
case3,15,4500,4,0.196667
case3,15,4500,5,0.192889
case3,15,4600,1,0.195652
case3,15,4600,2,0.210435
case3,15,4600,3,0.203043
case3,15,4600,4,0.198913
case3,15,4600,5,0.191957
case3,15,4700,1,0.196596
case3,15,4700,2,0.209574
case3,15,4700,3,0.202553
case3,15,4700,4,0.198723
case3,15,4700,5,0.192553
case3,15,4800,1,0.196042
case3,15,4800,2,0.208750
case3,15,4800,3,0.202292
case3,15,4800,4,0.198542
case3,15,4800,5,0.194375
case3,15,4900,1,0.194082
case3,15,4900,2,0.209388
case3,15,4900,3,0.202041
case3,15,4900,4,0.199592
case3,15,4900,5,0.194898
case3,15,5000,1,0.194200
case3,15,5000,2,0.209400
case3,15,5000,3,0.201800
case3,15,5000,4,0.200000
case3,15,5000,5,0.194600
case3,15,5100,1,0.195098
case3,15,5100,2,0.208627
case3,15,5100,3,0.201765
case3,15,5100,4,0.200392
case3,15,5100,5,0.194118
case3,15,5200,1,0.194423
case3,15,5200,2,0.209423
case3,15,5200,3,0.201154
case3,15,5200,4,0.201154
case3,15,5200,5,0.193846
case3,15,5300,1,0.194151
case3,15,5300,2,0.208679
case3,15,5300,3,0.201132
case3,15,5300,4,0.200566
case3,15,5300,5,0.195472
case3,15,5400,1,0.195185
case3,15,5400,2,0.208333
case3,15,5400,3,0.201852
case3,15,5400,4,0.200185
case3,15,5400,5,0.194444
case3,15,5500,1,0.195455
case3,15,5500,2,0.208727
case3,15,5500,3,0.202545
case3,15,5500,4,0.199273
case3,15,5500,5,0.194000
case3,15,5600,1,0.193929
case3,15,5600,2,0.209643
case3,15,5600,3,0.202143
case3,15,5600,4,0.199821
case3,15,5600,5,0.194464
case3,15,5700,1,0.192632
case3,15,5700,2,0.210351
case3,15,5700,3,0.201930
case3,15,5700,4,0.200175
case3,15,5700,5,0.194912
case3,15,5800,1,0.192586
case3,15,5800,2,0.210690
case3,15,5800,3,0.200862
case3,15,5800,4,0.200517
case3,15,5800,5,0.195345
case3,15,5900,1,0.191695
case3,15,5900,2,0.212881
case3,15,5900,3,0.201356
case3,15,5900,4,0.199661
case3,15,5900,5,0.194407
case3,15,6000,1,0.192333
case3,15,6000,2,0.212667
case3,15,6000,3,0.201500
case3,15,6000,4,0.199833
case3,15,6000,5,0.193667
case3,15,6100,1,0.191311
case3,15,6100,2,0.212787
case3,15,6100,3,0.201311
case3,15,6100,4,0.200984
case3,15,6100,5,0.193607
case3,15,6200,1,0.191613
case3,15,6200,2,0.212258
case3,15,6200,3,0.199677
case3,15,6200,4,0.201129
case3,15,6200,5,0.195323
case3,15,6300,1,0.191587
case3,15,6300,2,0.211905
case3,15,6300,3,0.199841
case3,15,6300,4,0.200000
case3,15,6300,5,0.196667
case3,15,6400,1,0.191250
case3,15,6400,2,0.211406
case3,15,6400,3,0.200000
case3,15,6400,4,0.199844
case3,15,6400,5,0.197500
case3,15,6500,1,0.190462
case3,15,6500,2,0.211077
case3,15,6500,3,0.200923
case3,15,6500,4,0.200615
case3,15,6500,5,0.196923
case3,15,6600,1,0.190606
case3,15,6600,2,0.210758
case3,15,6600,3,0.201212
case3,15,6600,4,0.200152
case3,15,6600,5,0.197273
case3,15,6700,1,0.190448
case3,15,6700,2,0.211045
case3,15,6700,3,0.201045
case3,15,6700,4,0.199552
case3,15,6700,5,0.197910
case3,15,6800,1,0.190882
case3,15,6800,2,0.211324
case3,15,6800,3,0.201029
case3,15,6800,4,0.198676
case3,15,6800,5,0.198088
case3,15,6900,1,0.191014
case3,15,6900,2,0.211304
case3,15,6900,3,0.201304
case3,15,6900,4,0.198116
case3,15,6900,5,0.198261
case3,15,7000,1,0.192000
case3,15,7000,2,0.210143
case3,15,7000,3,0.201000
case3,15,7000,4,0.198714
case3,15,7000,5,0.198143
case3,15,7100,1,0.194085
case3,15,7100,2,0.209437
case3,15,7100,3,0.200845
case3,15,7100,4,0.197606
case3,15,7100,5,0.198028
case3,15,7200,1,0.193889
case3,15,7200,2,0.210278
case3,15,7200,3,0.200972
case3,15,7200,4,0.197222
case3,15,7200,5,0.197639
case3,15,7300,1,0.194384
case3,15,7300,2,0.211096
case3,15,7300,3,0.200685
case3,15,7300,4,0.196849
case3,15,7300,5,0.196986
case3,15,7400,1,0.194459
case3,15,7400,2,0.212432
case3,15,7400,3,0.200405
case3,15,7400,4,0.195541
case3,15,7400,5,0.197162
case3,15,7500,1,0.194400
case3,15,7500,2,0.211867
case3,15,7500,3,0.199600
case3,15,7500,4,0.196533
case3,15,7500,5,0.197600
case3,15,7600,1,0.194079
case3,15,7600,2,0.211842
case3,15,7600,3,0.199737
case3,15,7600,4,0.196579
case3,15,7600,5,0.197763
case3,15,7700,1,0.193896
case3,15,7700,2,0.211558
case3,15,7700,3,0.200390
case3,15,7700,4,0.196753
case3,15,7700,5,0.197403
case3,15,7800,1,0.193718
case3,15,7800,2,0.210897
case3,15,7800,3,0.200000
case3,15,7800,4,0.197564
case3,15,7800,5,0.197821
case3,15,7900,1,0.194051
case3,15,7900,2,0.210380
case3,15,7900,3,0.200000
case3,15,7900,4,0.197722
case3,15,7900,5,0.197848
case3,15,8000,1,0.193375
case3,15,8000,2,0.210375
case3,15,8000,3,0.200250
case3,15,8000,4,0.198000
case3,15,8000,5,0.198000
case3,15,8100,1,0.192963
case3,15,8100,2,0.210741
case3,15,8100,3,0.199753
case3,15,8100,4,0.197778
case3,15,8100,5,0.198765
case3,15,8200,1,0.192805
case3,15,8200,2,0.210122
case3,15,8200,3,0.200000
case3,15,8200,4,0.198171
case3,15,8200,5,0.198902
case3,15,8300,1,0.193253
case3,15,8300,2,0.209880
case3,15,8300,3,0.200482
case3,15,8300,4,0.198313
case3,15,8300,5,0.198072
case3,15,8400,1,0.194524
case3,15,8400,2,0.208810
case3,15,8400,3,0.201310
case3,15,8400,4,0.197381
case3,15,8400,5,0.197976
case3,15,8500,1,0.194588
case3,15,8500,2,0.208353
case3,15,8500,3,0.201294
case3,15,8500,4,0.197412
case3,15,8500,5,0.198353
case3,15,8600,1,0.195814
case3,15,8600,2,0.207674
case3,15,8600,3,0.200581
case3,15,8600,4,0.197791
case3,15,8600,5,0.198140
case3,15,8700,1,0.196092
case3,15,8700,2,0.207701
case3,15,8700,3,0.200805
case3,15,8700,4,0.197816
case3,15,8700,5,0.197586
case3,15,8800,1,0.196250
case3,15,8800,2,0.207955
case3,15,8800,3,0.200568
case3,15,8800,4,0.198409
case3,15,8800,5,0.196818
case3,15,8900,1,0.196404
case3,15,8900,2,0.208539
case3,15,8900,3,0.199888
case3,15,8900,4,0.198427
case3,15,8900,5,0.196742
case3,15,9000,1,0.196222
case3,15,9000,2,0.209000
case3,15,9000,3,0.199444
case3,15,9000,4,0.198111
case3,15,9000,5,0.197222
case3,15,9100,1,0.196593
case3,15,9100,2,0.209231
case3,15,9100,3,0.198901
case3,15,9100,4,0.197802
case3,15,9100,5,0.197473
case3,15,9200,1,0.196522
case3,15,9200,2,0.208913
case3,15,9200,3,0.198804
case3,15,9200,4,0.198043
case3,15,9200,5,0.197717
case3,15,9300,1,0.196667
case3,15,9300,2,0.208387
case3,15,9300,3,0.199247
case3,15,9300,4,0.198280
case3,15,9300,5,0.197419
case3,15,9400,1,0.196809
case3,15,9400,2,0.207553
case3,15,9400,3,0.199787
case3,15,9400,4,0.198723
case3,15,9400,5,0.197128
case3,15,9500,1,0.197053
case3,15,9500,2,0.207789
case3,15,9500,3,0.199895
case3,15,9500,4,0.198526
case3,15,9500,5,0.196737
case3,15,9600,1,0.196771
case3,15,9600,2,0.207604
case3,15,9600,3,0.200000
case3,15,9600,4,0.198437
case3,15,9600,5,0.197187
case3,15,9700,1,0.196289
case3,15,9700,2,0.207732
case3,15,9700,3,0.200103
case3,15,9700,4,0.198557
case3,15,9700,5,0.197320
case3,15,9800,1,0.196429
case3,15,9800,2,0.207653
case3,15,9800,3,0.200306
case3,15,9800,4,0.198163
case3,15,9800,5,0.197449
case3,15,9900,1,0.196364
case3,15,9900,2,0.207677
case3,15,9900,3,0.200606
case3,15,9900,4,0.198182
case3,15,9900,5,0.197172
case3,15,10000,1,0.197200
case3,15,10000,2,0.207800
case3,15,10000,3,0.199800
case3,15,10000,4,0.197800
case3,15,10000,5,0.197400
case3,16,100,1,0.190000
case3,16,100,2,0.320000
case3,16,100,3,0.180000
case3,16,100,4,0.170000
case3,16,100,5,0.140000
case3,16,200,1,0.200000
case3,16,200,2,0.255000
case3,16,200,3,0.155000
case3,16,200,4,0.190000
case3,16,200,5,0.200000
case3,16,300,1,0.186667
case3,16,300,2,0.236667
case3,16,300,3,0.176667
case3,16,300,4,0.196667
case3,16,300,5,0.203333
case3,16,400,1,0.185000
case3,16,400,2,0.222500
case3,16,400,3,0.185000
case3,16,400,4,0.205000
case3,16,400,5,0.202500
case3,16,500,1,0.192000
case3,16,500,2,0.208000
case3,16,500,3,0.170000
case3,16,500,4,0.208000
case3,16,500,5,0.222000
case3,16,600,1,0.200000
case3,16,600,2,0.195000
case3,16,600,3,0.170000
case3,16,600,4,0.203333
case3,16,600,5,0.231667
case3,16,700,1,0.204286
case3,16,700,2,0.187143
case3,16,700,3,0.170000
case3,16,700,4,0.208571
case3,16,700,5,0.230000
case3,16,800,1,0.200000
case3,16,800,2,0.188750
case3,16,800,3,0.173750
case3,16,800,4,0.210000
case3,16,800,5,0.227500
case3,16,900,1,0.205556
case3,16,900,2,0.185556
case3,16,900,3,0.183333
case3,16,900,4,0.198889
case3,16,900,5,0.226667
case3,16,1000,1,0.206000
case3,16,1000,2,0.178000
case3,16,1000,3,0.190000
case3,16,1000,4,0.200000
case3,16,1000,5,0.226000
case3,16,1100,1,0.203636
case3,16,1100,2,0.185455
case3,16,1100,3,0.187273
case3,16,1100,4,0.200000
case3,16,1100,5,0.223636
case3,16,1200,1,0.200000
case3,16,1200,2,0.190000
case3,16,1200,3,0.190000
case3,16,1200,4,0.198333
case3,16,1200,5,0.221667
case3,16,1300,1,0.202308
case3,16,1300,2,0.183846
case3,16,1300,3,0.193077
case3,16,1300,4,0.199231
case3,16,1300,5,0.221538
case3,16,1400,1,0.201429
case3,16,1400,2,0.190000
case3,16,1400,3,0.193571
case3,16,1400,4,0.195714
case3,16,1400,5,0.219286
case3,16,1500,1,0.202000
case3,16,1500,2,0.189333
case3,16,1500,3,0.190667
case3,16,1500,4,0.198667
case3,16,1500,5,0.219333
case3,16,1600,1,0.204375
case3,16,1600,2,0.191875
case3,16,1600,3,0.192500
case3,16,1600,4,0.196875
case3,16,1600,5,0.214375
case3,16,1700,1,0.206471
case3,16,1700,2,0.192941
case3,16,1700,3,0.190588
case3,16,1700,4,0.197059
case3,16,1700,5,0.212941
case3,16,1800,1,0.205000
case3,16,1800,2,0.192778
case3,16,1800,3,0.192778
case3,16,1800,4,0.197222
case3,16,1800,5,0.212222
case3,16,1900,1,0.205789
case3,16,1900,2,0.190000
case3,16,1900,3,0.196316
case3,16,1900,4,0.195263
case3,16,1900,5,0.212632
case3,16,2000,1,0.202000
case3,16,2000,2,0.191000
case3,16,2000,3,0.196500
case3,16,2000,4,0.198000
case3,16,2000,5,0.212500
case3,16,2100,1,0.202857
case3,16,2100,2,0.196190
case3,16,2100,3,0.191905
case3,16,2100,4,0.197619
case3,16,2100,5,0.211429
case3,16,2200,1,0.204091
case3,16,2200,2,0.195000
case3,16,2200,3,0.191818
case3,16,2200,4,0.197727
case3,16,2200,5,0.211364
case3,16,2300,1,0.203043
case3,16,2300,2,0.195652
case3,16,2300,3,0.192609
case3,16,2300,4,0.197391
case3,16,2300,5,0.211304
case3,16,2400,1,0.202917
case3,16,2400,2,0.195000
case3,16,2400,3,0.195000
case3,16,2400,4,0.195833
case3,16,2400,5,0.211250
case3,16,2500,1,0.200800
case3,16,2500,2,0.197200
case3,16,2500,3,0.194800
case3,16,2500,4,0.196400
case3,16,2500,5,0.210800
case3,16,2600,1,0.203462
case3,16,2600,2,0.195769
case3,16,2600,3,0.194231
case3,16,2600,4,0.196923
case3,16,2600,5,0.209615
case3,16,2700,1,0.202222
case3,16,2700,2,0.195926
case3,16,2700,3,0.194815
case3,16,2700,4,0.197407
case3,16,2700,5,0.209630
case3,16,2800,1,0.205000
case3,16,2800,2,0.196429
case3,16,2800,3,0.194286
case3,16,2800,4,0.194286
case3,16,2800,5,0.210000
case3,16,2900,1,0.208621
case3,16,2900,2,0.194483
case3,16,2900,3,0.191724
case3,16,2900,4,0.196897
case3,16,2900,5,0.208276
case3,16,3000,1,0.206333
case3,16,3000,2,0.194667
case3,16,3000,3,0.192333
case3,16,3000,4,0.197667
case3,16,3000,5,0.209000
case3,16,3100,1,0.206129
case3,16,3100,2,0.195806
case3,16,3100,3,0.192581
case3,16,3100,4,0.198387
case3,16,3100,5,0.207097
case3,16,3200,1,0.207187
case3,16,3200,2,0.195312
case3,16,3200,3,0.193438
case3,16,3200,4,0.197813
case3,16,3200,5,0.206250
case3,16,3300,1,0.206364
case3,16,3300,2,0.195455
case3,16,3300,3,0.194545
case3,16,3300,4,0.198485
case3,16,3300,5,0.205152
case3,16,3400,1,0.206471
case3,16,3400,2,0.197353
case3,16,3400,3,0.192941
case3,16,3400,4,0.198529
case3,16,3400,5,0.204706
case3,16,3500,1,0.206000
case3,16,3500,2,0.197143
case3,16,3500,3,0.192571
case3,16,3500,4,0.199714
case3,16,3500,5,0.204571
case3,16,3600,1,0.205556
case3,16,3600,2,0.199444
case3,16,3600,3,0.190556
case3,16,3600,4,0.198889
case3,16,3600,5,0.205556
case3,16,3700,1,0.204595
case3,16,3700,2,0.198108
case3,16,3700,3,0.189730
case3,16,3700,4,0.199730
case3,16,3700,5,0.207838
case3,16,3800,1,0.206053
case3,16,3800,2,0.197105
case3,16,3800,3,0.189474
case3,16,3800,4,0.199211
case3,16,3800,5,0.208158
case3,16,3900,1,0.206154
case3,16,3900,2,0.197949
case3,16,3900,3,0.188718
case3,16,3900,4,0.199231
case3,16,3900,5,0.207949
case3,16,4000,1,0.207000
case3,16,4000,2,0.197250
case3,16,4000,3,0.188250
case3,16,4000,4,0.200500
case3,16,4000,5,0.207000
case3,16,4100,1,0.207317
case3,16,4100,2,0.197317
case3,16,4100,3,0.186829
case3,16,4100,4,0.200976
case3,16,4100,5,0.207561
case3,16,4200,1,0.205952
case3,16,4200,2,0.196429
case3,16,4200,3,0.188810
case3,16,4200,4,0.201667
case3,16,4200,5,0.207143
case3,16,4300,1,0.206279
case3,16,4300,2,0.195814
case3,16,4300,3,0.191163
case3,16,4300,4,0.200698
case3,16,4300,5,0.206047
case3,16,4400,1,0.205682
case3,16,4400,2,0.196364
case3,16,4400,3,0.192500
case3,16,4400,4,0.200455
case3,16,4400,5,0.205000
case3,16,4500,1,0.204222
case3,16,4500,2,0.196667
case3,16,4500,3,0.192000
case3,16,4500,4,0.201778
case3,16,4500,5,0.205333
case3,16,4600,1,0.204348
case3,16,4600,2,0.195652
case3,16,4600,3,0.192174
case3,16,4600,4,0.201087
case3,16,4600,5,0.206739
case3,16,4700,1,0.203191
case3,16,4700,2,0.195319
case3,16,4700,3,0.191702
case3,16,4700,4,0.201915
case3,16,4700,5,0.207872
case3,16,4800,1,0.202500
case3,16,4800,2,0.195208
case3,16,4800,3,0.192500
case3,16,4800,4,0.201458
case3,16,4800,5,0.208333
case3,16,4900,1,0.204082
case3,16,4900,2,0.195306
case3,16,4900,3,0.193061
case3,16,4900,4,0.201837
case3,16,4900,5,0.205714
case3,16,5000,1,0.203800
case3,16,5000,2,0.196000
case3,16,5000,3,0.194400
case3,16,5000,4,0.201400
case3,16,5000,5,0.204400
case3,16,5100,1,0.203922
case3,16,5100,2,0.195490
case3,16,5100,3,0.194902
case3,16,5100,4,0.201373
case3,16,5100,5,0.204314
case3,16,5200,1,0.205385
case3,16,5200,2,0.193269
case3,16,5200,3,0.194038
case3,16,5200,4,0.201731
case3,16,5200,5,0.205577
case3,16,5300,1,0.204528
case3,16,5300,2,0.193962
case3,16,5300,3,0.193396
case3,16,5300,4,0.202830
case3,16,5300,5,0.205283
case3,16,5400,1,0.204074
case3,16,5400,2,0.194259
case3,16,5400,3,0.193889
case3,16,5400,4,0.202222
case3,16,5400,5,0.205556
case3,16,5500,1,0.204000
case3,16,5500,2,0.194000
case3,16,5500,3,0.193818
case3,16,5500,4,0.201636
case3,16,5500,5,0.206545
case3,16,5600,1,0.204643
case3,16,5600,2,0.193393
case3,16,5600,3,0.193214
case3,16,5600,4,0.201786
case3,16,5600,5,0.206964
case3,16,5700,1,0.205263
case3,16,5700,2,0.192632
case3,16,5700,3,0.192456
case3,16,5700,4,0.202105
case3,16,5700,5,0.207544
case3,16,5800,1,0.205000
case3,16,5800,2,0.192241
case3,16,5800,3,0.191207
case3,16,5800,4,0.203448
case3,16,5800,5,0.208103
case3,16,5900,1,0.205254
case3,16,5900,2,0.191525
case3,16,5900,3,0.191186
case3,16,5900,4,0.203390
case3,16,5900,5,0.208644
case3,16,6000,1,0.206667
case3,16,6000,2,0.190667
case3,16,6000,3,0.191833
case3,16,6000,4,0.203000
case3,16,6000,5,0.207833
case3,16,6100,1,0.207213
case3,16,6100,2,0.190492
case3,16,6100,3,0.192295
case3,16,6100,4,0.203279
case3,16,6100,5,0.206721
case3,16,6200,1,0.206774
case3,16,6200,2,0.191290
case3,16,6200,3,0.192903
case3,16,6200,4,0.202097
case3,16,6200,5,0.206935
case3,16,6300,1,0.207143
case3,16,6300,2,0.190635
case3,16,6300,3,0.192222
case3,16,6300,4,0.202857
case3,16,6300,5,0.207143
case3,16,6400,1,0.206719
case3,16,6400,2,0.190625
case3,16,6400,3,0.192500
case3,16,6400,4,0.201719
case3,16,6400,5,0.208437
case3,16,6500,1,0.207077
case3,16,6500,2,0.190923
case3,16,6500,3,0.192769
case3,16,6500,4,0.202000
case3,16,6500,5,0.207231
case3,16,6600,1,0.205758
case3,16,6600,2,0.191061
case3,16,6600,3,0.193333
case3,16,6600,4,0.202424
case3,16,6600,5,0.207424
case3,16,6700,1,0.205373
case3,16,6700,2,0.191343
case3,16,6700,3,0.193881
case3,16,6700,4,0.202239
case3,16,6700,5,0.207164
case3,16,6800,1,0.204559
case3,16,6800,2,0.191912
case3,16,6800,3,0.194412
case3,16,6800,4,0.201912
case3,16,6800,5,0.207206
case3,16,6900,1,0.204783
case3,16,6900,2,0.193478
case3,16,6900,3,0.193768
case3,16,6900,4,0.201884
case3,16,6900,5,0.206087
case3,16,7000,1,0.204714
case3,16,7000,2,0.194000
case3,16,7000,3,0.193429
case3,16,7000,4,0.201429
case3,16,7000,5,0.206429
case3,16,7100,1,0.204507
case3,16,7100,2,0.194225
case3,16,7100,3,0.192676
case3,16,7100,4,0.202113
case3,16,7100,5,0.206479
case3,16,7200,1,0.204167
case3,16,7200,2,0.194583
case3,16,7200,3,0.192500
case3,16,7200,4,0.202222
case3,16,7200,5,0.206528
case3,16,7300,1,0.204384
case3,16,7300,2,0.194384
case3,16,7300,3,0.192192
case3,16,7300,4,0.202740
case3,16,7300,5,0.206301
case3,16,7400,1,0.203243
case3,16,7400,2,0.194730
case3,16,7400,3,0.192973
case3,16,7400,4,0.203243
case3,16,7400,5,0.205811
case3,16,7500,1,0.203600
case3,16,7500,2,0.194533
case3,16,7500,3,0.192933
case3,16,7500,4,0.203467
case3,16,7500,5,0.205467
case3,16,7600,1,0.203421
case3,16,7600,2,0.194474
case3,16,7600,3,0.192763
case3,16,7600,4,0.203026
case3,16,7600,5,0.206316
case3,16,7700,1,0.203117
case3,16,7700,2,0.194416
case3,16,7700,3,0.194026
case3,16,7700,4,0.202857
case3,16,7700,5,0.205584
case3,16,7800,1,0.203462
case3,16,7800,2,0.194615
case3,16,7800,3,0.193846
case3,16,7800,4,0.202564
case3,16,7800,5,0.205513
case3,16,7900,1,0.203038
case3,16,7900,2,0.195190
case3,16,7900,3,0.193924
case3,16,7900,4,0.203418
case3,16,7900,5,0.204430
case3,16,8000,1,0.203500
case3,16,8000,2,0.195500
case3,16,8000,3,0.193250
case3,16,8000,4,0.204000
case3,16,8000,5,0.203750
case3,16,8100,1,0.204815
case3,16,8100,2,0.195432
case3,16,8100,3,0.192840
case3,16,8100,4,0.204074
case3,16,8100,5,0.202840
case3,16,8200,1,0.204268
case3,16,8200,2,0.195976
case3,16,8200,3,0.192927
case3,16,8200,4,0.204268
case3,16,8200,5,0.202561
case3,16,8300,1,0.205060
case3,16,8300,2,0.196024
case3,16,8300,3,0.193494
case3,16,8300,4,0.203373
case3,16,8300,5,0.202048
case3,16,8400,1,0.205000
case3,16,8400,2,0.196071
case3,16,8400,3,0.193929
case3,16,8400,4,0.203214
case3,16,8400,5,0.201786
case3,16,8500,1,0.205176
case3,16,8500,2,0.196000
case3,16,8500,3,0.193647
case3,16,8500,4,0.203412
case3,16,8500,5,0.201765
case3,16,8600,1,0.204884
case3,16,8600,2,0.196744
case3,16,8600,3,0.193837
case3,16,8600,4,0.203140
case3,16,8600,5,0.201395
case3,16,8700,1,0.204368
case3,16,8700,2,0.197586
case3,16,8700,3,0.193218
case3,16,8700,4,0.202989
case3,16,8700,5,0.201839
case3,16,8800,1,0.204545
case3,16,8800,2,0.197500
case3,16,8800,3,0.193068
case3,16,8800,4,0.202955
case3,16,8800,5,0.201932
case3,16,8900,1,0.204494
case3,16,8900,2,0.196292
case3,16,8900,3,0.192697
case3,16,8900,4,0.203820
case3,16,8900,5,0.202697
case3,16,9000,1,0.204111
case3,16,9000,2,0.195889
case3,16,9000,3,0.192889
case3,16,9000,4,0.204556
case3,16,9000,5,0.202556
case3,16,9100,1,0.204286
case3,16,9100,2,0.196044
case3,16,9100,3,0.192747
case3,16,9100,4,0.203956
case3,16,9100,5,0.202967
case3,16,9200,1,0.204457
case3,16,9200,2,0.196196
case3,16,9200,3,0.192609
case3,16,9200,4,0.203152
case3,16,9200,5,0.203587
case3,16,9300,1,0.203978
case3,16,9300,2,0.195806
case3,16,9300,3,0.192581
case3,16,9300,4,0.203871
case3,16,9300,5,0.203763
case3,16,9400,1,0.203830
case3,16,9400,2,0.195638
case3,16,9400,3,0.193298
case3,16,9400,4,0.203830
case3,16,9400,5,0.203404
case3,16,9500,1,0.203895
case3,16,9500,2,0.196000
case3,16,9500,3,0.193158
case3,16,9500,4,0.203789
case3,16,9500,5,0.203158
case3,16,9600,1,0.203958
case3,16,9600,2,0.195104
case3,16,9600,3,0.194271
case3,16,9600,4,0.203646
case3,16,9600,5,0.203021
case3,16,9700,1,0.203814
case3,16,9700,2,0.195155
case3,16,9700,3,0.194536
case3,16,9700,4,0.203505
case3,16,9700,5,0.202990
case3,16,9800,1,0.204286
case3,16,9800,2,0.195408
case3,16,9800,3,0.193878
case3,16,9800,4,0.203673
case3,16,9800,5,0.202755
case3,16,9900,1,0.203737
case3,16,9900,2,0.194646
case3,16,9900,3,0.194545
case3,16,9900,4,0.204040
case3,16,9900,5,0.203030
case3,16,10000,1,0.203500
case3,16,10000,2,0.195300
case3,16,10000,3,0.194000
case3,16,10000,4,0.203800
case3,16,10000,5,0.203400
case3,17,100,1,0.220000
case3,17,100,2,0.150000
case3,17,100,3,0.190000
case3,17,100,4,0.250000
case3,17,100,5,0.190000
case3,17,200,1,0.210000
case3,17,200,2,0.180000
case3,17,200,3,0.185000
case3,17,200,4,0.220000
case3,17,200,5,0.205000
case3,17,300,1,0.190000
case3,17,300,2,0.190000
case3,17,300,3,0.213333
case3,17,300,4,0.216667
case3,17,300,5,0.190000
case3,17,400,1,0.202500
case3,17,400,2,0.202500
case3,17,400,3,0.197500
case3,17,400,4,0.197500
case3,17,400,5,0.200000
case3,17,500,1,0.208000
case3,17,500,2,0.198000
case3,17,500,3,0.192000
case3,17,500,4,0.198000
case3,17,500,5,0.204000
case3,17,600,1,0.213333
case3,17,600,2,0.191667
case3,17,600,3,0.196667
case3,17,600,4,0.193333
case3,17,600,5,0.205000
case3,17,700,1,0.208571
case3,17,700,2,0.192857
case3,17,700,3,0.198571
case3,17,700,4,0.200000
case3,17,700,5,0.200000
case3,17,800,1,0.210000
case3,17,800,2,0.192500
case3,17,800,3,0.205000
case3,17,800,4,0.197500
case3,17,800,5,0.195000
case3,17,900,1,0.200000
case3,17,900,2,0.183333
case3,17,900,3,0.211111
case3,17,900,4,0.204444
case3,17,900,5,0.201111
case3,17,1000,1,0.204000
case3,17,1000,2,0.195000
case3,17,1000,3,0.204000
case3,17,1000,4,0.196000
case3,17,1000,5,0.201000
case3,17,1100,1,0.200000
case3,17,1100,2,0.200909
case3,17,1100,3,0.200000
case3,17,1100,4,0.197273
case3,17,1100,5,0.201818
case3,17,1200,1,0.203333
case3,17,1200,2,0.195833
case3,17,1200,3,0.201667
case3,17,1200,4,0.195000
case3,17,1200,5,0.204167
case3,17,1300,1,0.200000
case3,17,1300,2,0.193077
case3,17,1300,3,0.197692
case3,17,1300,4,0.201538
case3,17,1300,5,0.207692
case3,17,1400,1,0.197857
case3,17,1400,2,0.199286
case3,17,1400,3,0.192857
case3,17,1400,4,0.197857
case3,17,1400,5,0.212143
case3,17,1500,1,0.194667
case3,17,1500,2,0.200000
case3,17,1500,3,0.202000
case3,17,1500,4,0.195333
case3,17,1500,5,0.208000
case3,17,1600,1,0.193750
case3,17,1600,2,0.198125
case3,17,1600,3,0.205000
case3,17,1600,4,0.196875
case3,17,1600,5,0.206250
case3,17,1700,1,0.191176
case3,17,1700,2,0.198235
case3,17,1700,3,0.204706
case3,17,1700,4,0.197647
case3,17,1700,5,0.208235
case3,17,1800,1,0.192778
case3,17,1800,2,0.201111
case3,17,1800,3,0.200000
case3,17,1800,4,0.200000
case3,17,1800,5,0.206111
case3,17,1900,1,0.190000
case3,17,1900,2,0.202105
case3,17,1900,3,0.200526
case3,17,1900,4,0.204211
case3,17,1900,5,0.203158
case3,17,2000,1,0.192000
case3,17,2000,2,0.202500
case3,17,2000,3,0.201500
case3,17,2000,4,0.201500
case3,17,2000,5,0.202500
case3,17,2100,1,0.194762
case3,17,2100,2,0.201429
case3,17,2100,3,0.202381
case3,17,2100,4,0.200476
case3,17,2100,5,0.200952
case3,17,2200,1,0.193636
case3,17,2200,2,0.200000
case3,17,2200,3,0.200909
case3,17,2200,4,0.205455
case3,17,2200,5,0.200000
case3,17,2300,1,0.196087
case3,17,2300,2,0.201304
case3,17,2300,3,0.199130
case3,17,2300,4,0.202609
case3,17,2300,5,0.200870
case3,17,2400,1,0.197083
case3,17,2400,2,0.200833
case3,17,2400,3,0.199583
case3,17,2400,4,0.201667
case3,17,2400,5,0.200833
case3,17,2500,1,0.192800
case3,17,2500,2,0.201600
case3,17,2500,3,0.200800
case3,17,2500,4,0.201200
case3,17,2500,5,0.203600
case3,17,2600,1,0.193077
case3,17,2600,2,0.203846
case3,17,2600,3,0.199615
case3,17,2600,4,0.201923
case3,17,2600,5,0.201538
case3,17,2700,1,0.191111
case3,17,2700,2,0.202593
case3,17,2700,3,0.201111
case3,17,2700,4,0.202963
case3,17,2700,5,0.202222
case3,17,2800,1,0.190714
case3,17,2800,2,0.202500
case3,17,2800,3,0.201071
case3,17,2800,4,0.200714
case3,17,2800,5,0.205000
case3,17,2900,1,0.191379
case3,17,2900,2,0.201379
case3,17,2900,3,0.200345
case3,17,2900,4,0.200690
case3,17,2900,5,0.206207
case3,17,3000,1,0.194000
case3,17,3000,2,0.199667
case3,17,3000,3,0.199333
case3,17,3000,4,0.202000
case3,17,3000,5,0.205000
case3,17,3100,1,0.193226
case3,17,3100,2,0.200323
case3,17,3100,3,0.198065
case3,17,3100,4,0.202581
case3,17,3100,5,0.205806
case3,17,3200,1,0.195312
case3,17,3200,2,0.199375
case3,17,3200,3,0.198437
case3,17,3200,4,0.202187
case3,17,3200,5,0.204687
case3,17,3300,1,0.195758
case3,17,3300,2,0.199394
case3,17,3300,3,0.197576
case3,17,3300,4,0.201515
case3,17,3300,5,0.205758
case3,17,3400,1,0.196176
case3,17,3400,2,0.199118
case3,17,3400,3,0.198235
case3,17,3400,4,0.201176
case3,17,3400,5,0.205294
case3,17,3500,1,0.198000
case3,17,3500,2,0.198286
case3,17,3500,3,0.197714
case3,17,3500,4,0.200571
case3,17,3500,5,0.205429
case3,17,3600,1,0.197500
case3,17,3600,2,0.198889
case3,17,3600,3,0.197778
case3,17,3600,4,0.201111
case3,17,3600,5,0.204722
case3,17,3700,1,0.197297
case3,17,3700,2,0.199189
case3,17,3700,3,0.197838
case3,17,3700,4,0.200000
case3,17,3700,5,0.205676
case3,17,3800,1,0.196316
case3,17,3800,2,0.198684
case3,17,3800,3,0.198158
case3,17,3800,4,0.201316
case3,17,3800,5,0.205526
case3,17,3900,1,0.195128
case3,17,3900,2,0.200256
case3,17,3900,3,0.199231
case3,17,3900,4,0.201026
case3,17,3900,5,0.204359
case3,17,4000,1,0.195750
case3,17,4000,2,0.201000
case3,17,4000,3,0.198250
case3,17,4000,4,0.202250
case3,17,4000,5,0.202750
case3,17,4100,1,0.197317
case3,17,4100,2,0.201220
case3,17,4100,3,0.197317
case3,17,4100,4,0.201220
case3,17,4100,5,0.202927
case3,17,4200,1,0.195476
case3,17,4200,2,0.201429
case3,17,4200,3,0.200238
case3,17,4200,4,0.200714
case3,17,4200,5,0.202143
case3,17,4300,1,0.193721
case3,17,4300,2,0.201860
case3,17,4300,3,0.200233
case3,17,4300,4,0.201395
case3,17,4300,5,0.202791
case3,17,4400,1,0.196136
case3,17,4400,2,0.200682
case3,17,4400,3,0.199091
case3,17,4400,4,0.201136
case3,17,4400,5,0.202955
case3,17,4500,1,0.195333
case3,17,4500,2,0.200222
case3,17,4500,3,0.197778
case3,17,4500,4,0.201556
case3,17,4500,5,0.205111
case3,17,4600,1,0.194783
case3,17,4600,2,0.200217
case3,17,4600,3,0.199565
case3,17,4600,4,0.201087
case3,17,4600,5,0.204348
case3,17,4700,1,0.195957
case3,17,4700,2,0.199574
case3,17,4700,3,0.199362
case3,17,4700,4,0.200638
case3,17,4700,5,0.204468
case3,17,4800,1,0.196667
case3,17,4800,2,0.200000
case3,17,4800,3,0.198125
case3,17,4800,4,0.201458
case3,17,4800,5,0.203750
case3,17,4900,1,0.196122
case3,17,4900,2,0.200816
case3,17,4900,3,0.197755
case3,17,4900,4,0.202245
case3,17,4900,5,0.203061
case3,17,5000,1,0.195600
case3,17,5000,2,0.201600
case3,17,5000,3,0.196600
case3,17,5000,4,0.202200
case3,17,5000,5,0.204000
case3,17,5100,1,0.194902
case3,17,5100,2,0.201569
case3,17,5100,3,0.197451
case3,17,5100,4,0.202549
case3,17,5100,5,0.203529
case3,17,5200,1,0.193462
case3,17,5200,2,0.202308
case3,17,5200,3,0.197692
case3,17,5200,4,0.202692
case3,17,5200,5,0.203846
case3,17,5300,1,0.192264
case3,17,5300,2,0.202642
case3,17,5300,3,0.198302
case3,17,5300,4,0.202264
case3,17,5300,5,0.204528
case3,17,5400,1,0.191852
case3,17,5400,2,0.202778
case3,17,5400,3,0.197963
case3,17,5400,4,0.202593
case3,17,5400,5,0.204815
case3,17,5500,1,0.191636
case3,17,5500,2,0.202364
case3,17,5500,3,0.197636
case3,17,5500,4,0.202727
case3,17,5500,5,0.205636
case3,17,5600,1,0.190357
case3,17,5600,2,0.204286
case3,17,5600,3,0.197857
case3,17,5600,4,0.202857
case3,17,5600,5,0.204643
case3,17,5700,1,0.190526
case3,17,5700,2,0.203333
case3,17,5700,3,0.198596
case3,17,5700,4,0.202456
case3,17,5700,5,0.205088
case3,17,5800,1,0.191207
case3,17,5800,2,0.203966
case3,17,5800,3,0.198966
case3,17,5800,4,0.202069
case3,17,5800,5,0.203793
case3,17,5900,1,0.190169
case3,17,5900,2,0.203559
case3,17,5900,3,0.198305
case3,17,5900,4,0.203051
case3,17,5900,5,0.204915
case3,17,6000,1,0.190500
case3,17,6000,2,0.204500
case3,17,6000,3,0.197833
case3,17,6000,4,0.202333
case3,17,6000,5,0.204833
case3,17,6100,1,0.191475
case3,17,6100,2,0.204098
case3,17,6100,3,0.197049
case3,17,6100,4,0.202623
case3,17,6100,5,0.204754
case3,17,6200,1,0.191613
case3,17,6200,2,0.203387
case3,17,6200,3,0.197419
case3,17,6200,4,0.202581
case3,17,6200,5,0.205000
case3,17,6300,1,0.192063
case3,17,6300,2,0.203492
case3,17,6300,3,0.197143
case3,17,6300,4,0.202857
case3,17,6300,5,0.204444
case3,17,6400,1,0.190312
case3,17,6400,2,0.205313
case3,17,6400,3,0.197500
case3,17,6400,4,0.202344
case3,17,6400,5,0.204531
case3,17,6500,1,0.190615
case3,17,6500,2,0.203692
case3,17,6500,3,0.197385
case3,17,6500,4,0.202154
case3,17,6500,5,0.206154
case3,17,6600,1,0.190758
case3,17,6600,2,0.203939
case3,17,6600,3,0.196818
case3,17,6600,4,0.202121
case3,17,6600,5,0.206364
case3,17,6700,1,0.189851
case3,17,6700,2,0.204478
case3,17,6700,3,0.197313
case3,17,6700,4,0.201940
case3,17,6700,5,0.206418
case3,17,6800,1,0.190294
case3,17,6800,2,0.204853
case3,17,6800,3,0.197941
case3,17,6800,4,0.200147
case3,17,6800,5,0.206765
case3,17,6900,1,0.190145
case3,17,6900,2,0.204058
case3,17,6900,3,0.198261
case3,17,6900,4,0.200725
case3,17,6900,5,0.206812
case3,17,7000,1,0.190571
case3,17,7000,2,0.203000
case3,17,7000,3,0.199714
case3,17,7000,4,0.200429
case3,17,7000,5,0.206286
case3,17,7100,1,0.190282
case3,17,7100,2,0.202676
case3,17,7100,3,0.200141
case3,17,7100,4,0.200282
case3,17,7100,5,0.206620
case3,17,7200,1,0.190694
case3,17,7200,2,0.202500
case3,17,7200,3,0.198750
case3,17,7200,4,0.201111
case3,17,7200,5,0.206944
case3,17,7300,1,0.189863
case3,17,7300,2,0.201918
case3,17,7300,3,0.198356
case3,17,7300,4,0.202055
case3,17,7300,5,0.207808
case3,17,7400,1,0.190676
case3,17,7400,2,0.202568
case3,17,7400,3,0.197432
case3,17,7400,4,0.202027
case3,17,7400,5,0.207297
case3,17,7500,1,0.190533
case3,17,7500,2,0.202933
case3,17,7500,3,0.197467
case3,17,7500,4,0.202000
case3,17,7500,5,0.207067
case3,17,7600,1,0.191184
case3,17,7600,2,0.202632
case3,17,7600,3,0.197895
case3,17,7600,4,0.201842
case3,17,7600,5,0.206447
case3,17,7700,1,0.191688
case3,17,7700,2,0.202857
case3,17,7700,3,0.197273
case3,17,7700,4,0.201818
case3,17,7700,5,0.206364
case3,17,7800,1,0.191282
case3,17,7800,2,0.202564
case3,17,7800,3,0.197436
case3,17,7800,4,0.202692
case3,17,7800,5,0.206026
case3,17,7900,1,0.190633
case3,17,7900,2,0.202532
case3,17,7900,3,0.198481
case3,17,7900,4,0.202532
case3,17,7900,5,0.205823
case3,17,8000,1,0.190875
case3,17,8000,2,0.202750
case3,17,8000,3,0.198125
case3,17,8000,4,0.203000
case3,17,8000,5,0.205250
case3,17,8100,1,0.190864
case3,17,8100,2,0.202716
case3,17,8100,3,0.198519
case3,17,8100,4,0.203457
case3,17,8100,5,0.204444
case3,17,8200,1,0.190976
case3,17,8200,2,0.203049
case3,17,8200,3,0.198171
case3,17,8200,4,0.202805
case3,17,8200,5,0.205000
case3,17,8300,1,0.191325
case3,17,8300,2,0.203735
case3,17,8300,3,0.198434
case3,17,8300,4,0.201807
case3,17,8300,5,0.204699
case3,17,8400,1,0.191429
case3,17,8400,2,0.203929
case3,17,8400,3,0.198214
case3,17,8400,4,0.201667
case3,17,8400,5,0.204762
case3,17,8500,1,0.191765
case3,17,8500,2,0.203529
case3,17,8500,3,0.198471
case3,17,8500,4,0.201765
case3,17,8500,5,0.204471
case3,17,8600,1,0.191395
case3,17,8600,2,0.203372
case3,17,8600,3,0.198605
case3,17,8600,4,0.201860
case3,17,8600,5,0.204767
case3,17,8700,1,0.191149
case3,17,8700,2,0.202989
case3,17,8700,3,0.199310
case3,17,8700,4,0.201724
case3,17,8700,5,0.204828
case3,17,8800,1,0.191136
case3,17,8800,2,0.202045
case3,17,8800,3,0.200455
case3,17,8800,4,0.201477
case3,17,8800,5,0.204886
case3,17,8900,1,0.191124
case3,17,8900,2,0.202921
case3,17,8900,3,0.200000
case3,17,8900,4,0.201011
case3,17,8900,5,0.204944
case3,17,9000,1,0.191667
case3,17,9000,2,0.203333
case3,17,9000,3,0.199556
case3,17,9000,4,0.200778
case3,17,9000,5,0.204667
case3,17,9100,1,0.191758
case3,17,9100,2,0.202637
case3,17,9100,3,0.199780
case3,17,9100,4,0.200659
case3,17,9100,5,0.205165
case3,17,9200,1,0.191522
case3,17,9200,2,0.202609
case3,17,9200,3,0.200109
case3,17,9200,4,0.200543
case3,17,9200,5,0.205217
case3,17,9300,1,0.191183
case3,17,9300,2,0.203011
case3,17,9300,3,0.199677
case3,17,9300,4,0.200860
case3,17,9300,5,0.205269
case3,17,9400,1,0.191277
case3,17,9400,2,0.202660
case3,17,9400,3,0.199255
case3,17,9400,4,0.201277
case3,17,9400,5,0.205532
case3,17,9500,1,0.191474
case3,17,9500,2,0.201789
case3,17,9500,3,0.199263
case3,17,9500,4,0.201684
case3,17,9500,5,0.205789
case3,17,9600,1,0.191042
case3,17,9600,2,0.201771
case3,17,9600,3,0.199167
case3,17,9600,4,0.201979
case3,17,9600,5,0.206042
case3,17,9700,1,0.191649
case3,17,9700,2,0.202268
case3,17,9700,3,0.198763
case3,17,9700,4,0.201546
case3,17,9700,5,0.205773
case3,17,9800,1,0.191633
case3,17,9800,2,0.202551
case3,17,9800,3,0.198980
case3,17,9800,4,0.201122
case3,17,9800,5,0.205714
case3,17,9900,1,0.192222
case3,17,9900,2,0.202424
case3,17,9900,3,0.198990
case3,17,9900,4,0.201313
case3,17,9900,5,0.205051
case3,17,10000,1,0.192400
case3,17,10000,2,0.202200
case3,17,10000,3,0.199200
case3,17,10000,4,0.201600
case3,17,10000,5,0.204600
case3,18,100,1,0.240000
case3,18,100,2,0.200000
case3,18,100,3,0.160000
case3,18,100,4,0.260000
case3,18,100,5,0.140000
case3,18,200,1,0.200000
case3,18,200,2,0.155000
case3,18,200,3,0.235000
case3,18,200,4,0.240000
case3,18,200,5,0.170000
case3,18,300,1,0.186667
case3,18,300,2,0.170000
case3,18,300,3,0.230000
case3,18,300,4,0.210000
case3,18,300,5,0.203333
case3,18,400,1,0.200000
case3,18,400,2,0.167500
case3,18,400,3,0.212500
case3,18,400,4,0.225000
case3,18,400,5,0.195000
case3,18,500,1,0.194000
case3,18,500,2,0.170000
case3,18,500,3,0.208000
case3,18,500,4,0.226000
case3,18,500,5,0.202000
case3,18,600,1,0.195000
case3,18,600,2,0.170000
case3,18,600,3,0.208333
case3,18,600,4,0.226667
case3,18,600,5,0.200000
case3,18,700,1,0.195714
case3,18,700,2,0.172857
case3,18,700,3,0.204286
case3,18,700,4,0.221429
case3,18,700,5,0.205714
case3,18,800,1,0.195000
case3,18,800,2,0.170000
case3,18,800,3,0.201250
case3,18,800,4,0.215000
case3,18,800,5,0.218750
case3,18,900,1,0.204444
case3,18,900,2,0.177778
case3,18,900,3,0.193333
case3,18,900,4,0.215556
case3,18,900,5,0.208889
case3,18,1000,1,0.205000
case3,18,1000,2,0.181000
case3,18,1000,3,0.194000
case3,18,1000,4,0.214000
case3,18,1000,5,0.206000
case3,18,1100,1,0.203636
case3,18,1100,2,0.184545
case3,18,1100,3,0.200000
case3,18,1100,4,0.211818
case3,18,1100,5,0.200000
case3,18,1200,1,0.197500
case3,18,1200,2,0.190000
case3,18,1200,3,0.203333
case3,18,1200,4,0.209167
case3,18,1200,5,0.200000
case3,18,1300,1,0.196923
case3,18,1300,2,0.191538
case3,18,1300,3,0.206923
case3,18,1300,4,0.205385
case3,18,1300,5,0.199231
case3,18,1400,1,0.202143
case3,18,1400,2,0.192143
case3,18,1400,3,0.206429
case3,18,1400,4,0.199286
case3,18,1400,5,0.200000
case3,18,1500,1,0.200667
case3,18,1500,2,0.194000
case3,18,1500,3,0.205333
case3,18,1500,4,0.202667
case3,18,1500,5,0.197333
case3,18,1600,1,0.200000
case3,18,1600,2,0.194375
case3,18,1600,3,0.205000
case3,18,1600,4,0.201875
case3,18,1600,5,0.198750
case3,18,1700,1,0.204118
case3,18,1700,2,0.198235
case3,18,1700,3,0.200000
case3,18,1700,4,0.200000
case3,18,1700,5,0.197647
case3,18,1800,1,0.207222
case3,18,1800,2,0.199444
case3,18,1800,3,0.199444
case3,18,1800,4,0.195556
case3,18,1800,5,0.198333
case3,18,1900,1,0.210000
case3,18,1900,2,0.198421
case3,18,1900,3,0.196842
case3,18,1900,4,0.194737
case3,18,1900,5,0.200000
case3,18,2000,1,0.211000
case3,18,2000,2,0.198500
case3,18,2000,3,0.197500
case3,18,2000,4,0.193000
case3,18,2000,5,0.200000
case3,18,2100,1,0.210000
case3,18,2100,2,0.199524
case3,18,2100,3,0.199524
case3,18,2100,4,0.192857
case3,18,2100,5,0.198095
case3,18,2200,1,0.208182
case3,18,2200,2,0.200000
case3,18,2200,3,0.199545
case3,18,2200,4,0.195909
case3,18,2200,5,0.196364
case3,18,2300,1,0.206957
case3,18,2300,2,0.200435
case3,18,2300,3,0.198696
case3,18,2300,4,0.196087
case3,18,2300,5,0.197826
case3,18,2400,1,0.206250
case3,18,2400,2,0.202917
case3,18,2400,3,0.198750
case3,18,2400,4,0.195417
case3,18,2400,5,0.196667
case3,18,2500,1,0.206400
case3,18,2500,2,0.199600
case3,18,2500,3,0.196000
case3,18,2500,4,0.200400
case3,18,2500,5,0.197600
case3,18,2600,1,0.205000
case3,18,2600,2,0.200769
case3,18,2600,3,0.195385
case3,18,2600,4,0.200769
case3,18,2600,5,0.198077
case3,18,2700,1,0.205926
case3,18,2700,2,0.199630
case3,18,2700,3,0.195185
case3,18,2700,4,0.201852
case3,18,2700,5,0.197407
case3,18,2800,1,0.205000
case3,18,2800,2,0.198571
case3,18,2800,3,0.195000
case3,18,2800,4,0.203214
case3,18,2800,5,0.198214
case3,18,2900,1,0.205172
case3,18,2900,2,0.198621
case3,18,2900,3,0.198621
case3,18,2900,4,0.201724
case3,18,2900,5,0.195862
case3,18,3000,1,0.204000
case3,18,3000,2,0.198333
case3,18,3000,3,0.200667
case3,18,3000,4,0.199667
case3,18,3000,5,0.197333
case3,18,3100,1,0.204194
case3,18,3100,2,0.198065
case3,18,3100,3,0.201613
case3,18,3100,4,0.199032
case3,18,3100,5,0.197097
case3,18,3200,1,0.204375
case3,18,3200,2,0.199375
case3,18,3200,3,0.200625
case3,18,3200,4,0.198437
case3,18,3200,5,0.197187
case3,18,3300,1,0.203636
case3,18,3300,2,0.200000
case3,18,3300,3,0.198485
case3,18,3300,4,0.201515
case3,18,3300,5,0.196364
case3,18,3400,1,0.203235
case3,18,3400,2,0.199118
case3,18,3400,3,0.199412
case3,18,3400,4,0.200588
case3,18,3400,5,0.197647
case3,18,3500,1,0.200286
case3,18,3500,2,0.200286
case3,18,3500,3,0.199714
case3,18,3500,4,0.202571
case3,18,3500,5,0.197143
case3,18,3600,1,0.200000
case3,18,3600,2,0.199167
case3,18,3600,3,0.199167
case3,18,3600,4,0.203333
case3,18,3600,5,0.198333
case3,18,3700,1,0.199730
case3,18,3700,2,0.201081
case3,18,3700,3,0.198378
case3,18,3700,4,0.201892
case3,18,3700,5,0.198919
case3,18,3800,1,0.199737
case3,18,3800,2,0.203421
case3,18,3800,3,0.196842
case3,18,3800,4,0.200263
case3,18,3800,5,0.199737
case3,18,3900,1,0.200769
case3,18,3900,2,0.202051
case3,18,3900,3,0.195897
case3,18,3900,4,0.199744
case3,18,3900,5,0.201538
case3,18,4000,1,0.203000
case3,18,4000,2,0.200250
case3,18,4000,3,0.195750
case3,18,4000,4,0.199500
case3,18,4000,5,0.201500
case3,18,4100,1,0.203415
case3,18,4100,2,0.200000
case3,18,4100,3,0.196829
case3,18,4100,4,0.198780
case3,18,4100,5,0.200976
case3,18,4200,1,0.203095
case3,18,4200,2,0.200238
case3,18,4200,3,0.196190
case3,18,4200,4,0.200952
case3,18,4200,5,0.199524
case3,18,4300,1,0.201860
case3,18,4300,2,0.200000
case3,18,4300,3,0.196512
case3,18,4300,4,0.200465
case3,18,4300,5,0.201163
case3,18,4400,1,0.202500
case3,18,4400,2,0.198636
case3,18,4400,3,0.197045
case3,18,4400,4,0.200455
case3,18,4400,5,0.201364
case3,18,4500,1,0.201333
case3,18,4500,2,0.197778
case3,18,4500,3,0.197111
case3,18,4500,4,0.200889
case3,18,4500,5,0.202889
case3,18,4600,1,0.200870
case3,18,4600,2,0.198043
case3,18,4600,3,0.197174
case3,18,4600,4,0.201087
case3,18,4600,5,0.202826
case3,18,4700,1,0.200213
case3,18,4700,2,0.198085
case3,18,4700,3,0.199149
case3,18,4700,4,0.200000
case3,18,4700,5,0.202553
case3,18,4800,1,0.200208
case3,18,4800,2,0.197708
case3,18,4800,3,0.199792
case3,18,4800,4,0.200000
case3,18,4800,5,0.202292
case3,18,4900,1,0.200612
case3,18,4900,2,0.196122
case3,18,4900,3,0.200000
case3,18,4900,4,0.200408
case3,18,4900,5,0.202857
case3,18,5000,1,0.200000
case3,18,5000,2,0.195800
case3,18,5000,3,0.199200
case3,18,5000,4,0.201800
case3,18,5000,5,0.203200
case3,18,5100,1,0.200392
case3,18,5100,2,0.195490
case3,18,5100,3,0.199020
case3,18,5100,4,0.202157
case3,18,5100,5,0.202941
case3,18,5200,1,0.200962
case3,18,5200,2,0.195385
case3,18,5200,3,0.198462
case3,18,5200,4,0.201731
case3,18,5200,5,0.203462
case3,18,5300,1,0.201887
case3,18,5300,2,0.196792
case3,18,5300,3,0.197736
case3,18,5300,4,0.201698
case3,18,5300,5,0.201887
case3,18,5400,1,0.202593
case3,18,5400,2,0.196852
case3,18,5400,3,0.197593
case3,18,5400,4,0.202778
case3,18,5400,5,0.200185
case3,18,5500,1,0.202182
case3,18,5500,2,0.196909
case3,18,5500,3,0.196545
case3,18,5500,4,0.203273
case3,18,5500,5,0.201091
case3,18,5600,1,0.201786
case3,18,5600,2,0.198214
case3,18,5600,3,0.195714
case3,18,5600,4,0.203929
case3,18,5600,5,0.200357
case3,18,5700,1,0.201579
case3,18,5700,2,0.198947
case3,18,5700,3,0.197018
case3,18,5700,4,0.203333
case3,18,5700,5,0.199123
case3,18,5800,1,0.200517
case3,18,5800,2,0.198793
case3,18,5800,3,0.198793
case3,18,5800,4,0.202931
case3,18,5800,5,0.198966
case3,18,5900,1,0.200000
case3,18,5900,2,0.198305
case3,18,5900,3,0.198475
case3,18,5900,4,0.204237
case3,18,5900,5,0.198983
case3,18,6000,1,0.199667
case3,18,6000,2,0.198500
case3,18,6000,3,0.198500
case3,18,6000,4,0.204167
case3,18,6000,5,0.199167
case3,18,6100,1,0.199836
case3,18,6100,2,0.199016
case3,18,6100,3,0.197869
case3,18,6100,4,0.204590
case3,18,6100,5,0.198689
case3,18,6200,1,0.199677
case3,18,6200,2,0.199677
case3,18,6200,3,0.197258
case3,18,6200,4,0.205161
case3,18,6200,5,0.198226
case3,18,6300,1,0.200000
case3,18,6300,2,0.200159
case3,18,6300,3,0.197460
case3,18,6300,4,0.205079
case3,18,6300,5,0.197302
case3,18,6400,1,0.199531
case3,18,6400,2,0.200937
case3,18,6400,3,0.197500
case3,18,6400,4,0.205000
case3,18,6400,5,0.197031
case3,18,6500,1,0.199077
case3,18,6500,2,0.200462
case3,18,6500,3,0.196769
case3,18,6500,4,0.205077
case3,18,6500,5,0.198615
case3,18,6600,1,0.198333
case3,18,6600,2,0.200606
case3,18,6600,3,0.196970
case3,18,6600,4,0.205152
case3,18,6600,5,0.198939
case3,18,6700,1,0.199254
case3,18,6700,2,0.200597
case3,18,6700,3,0.197015
case3,18,6700,4,0.204328
case3,18,6700,5,0.198806
case3,18,6800,1,0.200588
case3,18,6800,2,0.199853
case3,18,6800,3,0.196912
case3,18,6800,4,0.204412
case3,18,6800,5,0.198235
case3,18,6900,1,0.201159
case3,18,6900,2,0.200580
case3,18,6900,3,0.196232
case3,18,6900,4,0.203913
case3,18,6900,5,0.198116
case3,18,7000,1,0.200714
case3,18,7000,2,0.200429
case3,18,7000,3,0.196000
case3,18,7000,4,0.205286
case3,18,7000,5,0.197571
case3,18,7100,1,0.201408
case3,18,7100,2,0.201127
case3,18,7100,3,0.195775
case3,18,7100,4,0.204789
case3,18,7100,5,0.196901
case3,18,7200,1,0.200417
case3,18,7200,2,0.201389
case3,18,7200,3,0.196111
case3,18,7200,4,0.205417
case3,18,7200,5,0.196667
case3,18,7300,1,0.200685
case3,18,7300,2,0.201507
case3,18,7300,3,0.195479
case3,18,7300,4,0.204932
case3,18,7300,5,0.197397
case3,18,7400,1,0.200946
case3,18,7400,2,0.200676
case3,18,7400,3,0.196216
case3,18,7400,4,0.205000
case3,18,7400,5,0.197162
case3,18,7500,1,0.200933
case3,18,7500,2,0.200800
case3,18,7500,3,0.196533
case3,18,7500,4,0.205067
case3,18,7500,5,0.196667
case3,18,7600,1,0.201316
case3,18,7600,2,0.200263
case3,18,7600,3,0.196842
case3,18,7600,4,0.205263
case3,18,7600,5,0.196316
case3,18,7700,1,0.201558
case3,18,7700,2,0.200390
case3,18,7700,3,0.195974
case3,18,7700,4,0.205195
case3,18,7700,5,0.196883
case3,18,7800,1,0.202179
case3,18,7800,2,0.200256
case3,18,7800,3,0.195128
case3,18,7800,4,0.205256
case3,18,7800,5,0.197179
case3,18,7900,1,0.202025
case3,18,7900,2,0.200253
case3,18,7900,3,0.195696
case3,18,7900,4,0.204810
case3,18,7900,5,0.197215
case3,18,8000,1,0.201625
case3,18,8000,2,0.200625
case3,18,8000,3,0.196375
case3,18,8000,4,0.204250
case3,18,8000,5,0.197125
case3,18,8100,1,0.201728
case3,18,8100,2,0.200617
case3,18,8100,3,0.195432
case3,18,8100,4,0.204815
case3,18,8100,5,0.197407
case3,18,8200,1,0.201220
case3,18,8200,2,0.201098
case3,18,8200,3,0.196220
case3,18,8200,4,0.204512
case3,18,8200,5,0.196951
case3,18,8300,1,0.201325
case3,18,8300,2,0.201205
case3,18,8300,3,0.196747
case3,18,8300,4,0.204458
case3,18,8300,5,0.196265
case3,18,8400,1,0.200952
case3,18,8400,2,0.201310
case3,18,8400,3,0.197976
case3,18,8400,4,0.203452
case3,18,8400,5,0.196310
case3,18,8500,1,0.201647
case3,18,8500,2,0.201176
case3,18,8500,3,0.198235
case3,18,8500,4,0.202941
case3,18,8500,5,0.196000
case3,18,8600,1,0.201628
case3,18,8600,2,0.200930
case3,18,8600,3,0.198023
case3,18,8600,4,0.202558
case3,18,8600,5,0.196860
case3,18,8700,1,0.202069
case3,18,8700,2,0.201034
case3,18,8700,3,0.197586
case3,18,8700,4,0.202414
case3,18,8700,5,0.196897
case3,18,8800,1,0.202614
case3,18,8800,2,0.201136
case3,18,8800,3,0.197045
case3,18,8800,4,0.202386
case3,18,8800,5,0.196818
case3,18,8900,1,0.202584
case3,18,8900,2,0.200562
case3,18,8900,3,0.197416
case3,18,8900,4,0.202809
case3,18,8900,5,0.196629
case3,18,9000,1,0.202444
case3,18,9000,2,0.200778
case3,18,9000,3,0.197667
case3,18,9000,4,0.203000
case3,18,9000,5,0.196111
case3,18,9100,1,0.202637
case3,18,9100,2,0.200879
case3,18,9100,3,0.197253
case3,18,9100,4,0.204396
case3,18,9100,5,0.194835
case3,18,9200,1,0.202717
case3,18,9200,2,0.200543
case3,18,9200,3,0.197391
case3,18,9200,4,0.203478
case3,18,9200,5,0.195870
case3,18,9300,1,0.202796
case3,18,9300,2,0.200215
case3,18,9300,3,0.197312
case3,18,9300,4,0.203226
case3,18,9300,5,0.196452
case3,18,9400,1,0.203085
case3,18,9400,2,0.200532
case3,18,9400,3,0.197021
case3,18,9400,4,0.203511
case3,18,9400,5,0.195851
case3,18,9500,1,0.203263
case3,18,9500,2,0.200000
case3,18,9500,3,0.196632
case3,18,9500,4,0.204105
case3,18,9500,5,0.196000
case3,18,9600,1,0.203021
case3,18,9600,2,0.199375
case3,18,9600,3,0.196875
case3,18,9600,4,0.204583
case3,18,9600,5,0.196146
case3,18,9700,1,0.203093
case3,18,9700,2,0.199175
case3,18,9700,3,0.197010
case3,18,9700,4,0.204639
case3,18,9700,5,0.196082
case3,18,9800,1,0.203061
case3,18,9800,2,0.198673
case3,18,9800,3,0.197143
case3,18,9800,4,0.205102
case3,18,9800,5,0.196020
case3,18,9900,1,0.202727
case3,18,9900,2,0.198687
case3,18,9900,3,0.197374
case3,18,9900,4,0.204848
case3,18,9900,5,0.196364
case3,18,10000,1,0.202200
case3,18,10000,2,0.198800
case3,18,10000,3,0.196700
case3,18,10000,4,0.205500
case3,18,10000,5,0.196800
case3,19,100,1,0.220000
case3,19,100,2,0.120000
case3,19,100,3,0.170000
case3,19,100,4,0.200000
case3,19,100,5,0.290000
case3,19,200,1,0.190000
case3,19,200,2,0.185000
case3,19,200,3,0.195000
case3,19,200,4,0.195000
case3,19,200,5,0.235000
case3,19,300,1,0.210000
case3,19,300,2,0.203333
case3,19,300,3,0.196667
case3,19,300,4,0.173333
case3,19,300,5,0.216667
case3,19,400,1,0.215000
case3,19,400,2,0.205000
case3,19,400,3,0.180000
case3,19,400,4,0.180000
case3,19,400,5,0.220000
case3,19,500,1,0.212000
case3,19,500,2,0.192000
case3,19,500,3,0.182000
case3,19,500,4,0.196000
case3,19,500,5,0.218000
case3,19,600,1,0.211667
case3,19,600,2,0.190000
case3,19,600,3,0.190000
case3,19,600,4,0.185000
case3,19,600,5,0.223333
case3,19,700,1,0.215714
case3,19,700,2,0.190000
case3,19,700,3,0.190000
case3,19,700,4,0.190000
case3,19,700,5,0.214286
case3,19,800,1,0.212500
case3,19,800,2,0.185000
case3,19,800,3,0.197500
case3,19,800,4,0.188750
case3,19,800,5,0.216250
case3,19,900,1,0.213333
case3,19,900,2,0.177778
case3,19,900,3,0.200000
case3,19,900,4,0.193333
case3,19,900,5,0.215556
case3,19,1000,1,0.216000
case3,19,1000,2,0.180000
case3,19,1000,3,0.197000
case3,19,1000,4,0.192000
case3,19,1000,5,0.215000
case3,19,1100,1,0.218182
case3,19,1100,2,0.185455
case3,19,1100,3,0.191818
case3,19,1100,4,0.190000
case3,19,1100,5,0.214545
case3,19,1200,1,0.220000
case3,19,1200,2,0.181667
case3,19,1200,3,0.190000
case3,19,1200,4,0.190833
case3,19,1200,5,0.217500
case3,19,1300,1,0.217692
case3,19,1300,2,0.181538
case3,19,1300,3,0.192308
case3,19,1300,4,0.190000
case3,19,1300,5,0.218462
case3,19,1400,1,0.217857
case3,19,1400,2,0.183571
case3,19,1400,3,0.190714
case3,19,1400,4,0.192143
case3,19,1400,5,0.215714
case3,19,1500,1,0.218667
case3,19,1500,2,0.180667
case3,19,1500,3,0.196667
case3,19,1500,4,0.187333
case3,19,1500,5,0.216667
case3,19,1600,1,0.219375
case3,19,1600,2,0.180000
case3,19,1600,3,0.199375
case3,19,1600,4,0.184375
case3,19,1600,5,0.216875
case3,19,1700,1,0.220000
case3,19,1700,2,0.180588
case3,19,1700,3,0.199412
case3,19,1700,4,0.186471
case3,19,1700,5,0.213529
case3,19,1800,1,0.222778
case3,19,1800,2,0.180556
case3,19,1800,3,0.200000
case3,19,1800,4,0.186667
case3,19,1800,5,0.210000
case3,19,1900,1,0.220526
case3,19,1900,2,0.183158
case3,19,1900,3,0.199474
case3,19,1900,4,0.187895
case3,19,1900,5,0.208947
case3,19,2000,1,0.217500
case3,19,2000,2,0.184500
case3,19,2000,3,0.199500
case3,19,2000,4,0.190000
case3,19,2000,5,0.208500
case3,19,2100,1,0.216667
case3,19,2100,2,0.188095
case3,19,2100,3,0.198095
case3,19,2100,4,0.189048
case3,19,2100,5,0.208095
case3,19,2200,1,0.219091
case3,19,2200,2,0.187273
case3,19,2200,3,0.197727
case3,19,2200,4,0.189545
case3,19,2200,5,0.206364
case3,19,2300,1,0.216087
case3,19,2300,2,0.186957
case3,19,2300,3,0.198261
case3,19,2300,4,0.187826
case3,19,2300,5,0.210870
case3,19,2400,1,0.217917
case3,19,2400,2,0.187083
case3,19,2400,3,0.196667
case3,19,2400,4,0.189583
case3,19,2400,5,0.208750
case3,19,2500,1,0.217600
case3,19,2500,2,0.183600
case3,19,2500,3,0.200400
case3,19,2500,4,0.191600
case3,19,2500,5,0.206800
case3,19,2600,1,0.216923
case3,19,2600,2,0.182692
case3,19,2600,3,0.200000
case3,19,2600,4,0.192692
case3,19,2600,5,0.207692
case3,19,2700,1,0.215556
case3,19,2700,2,0.183333
case3,19,2700,3,0.198519
case3,19,2700,4,0.195185
case3,19,2700,5,0.207407
case3,19,2800,1,0.213929
case3,19,2800,2,0.184286
case3,19,2800,3,0.199286
case3,19,2800,4,0.197500
case3,19,2800,5,0.205000
case3,19,2900,1,0.213103
case3,19,2900,2,0.185172
case3,19,2900,3,0.200345
case3,19,2900,4,0.197931
case3,19,2900,5,0.203448
case3,19,3000,1,0.212000
case3,19,3000,2,0.183333
case3,19,3000,3,0.201333
case3,19,3000,4,0.199000
case3,19,3000,5,0.204333
case3,19,3100,1,0.212258
case3,19,3100,2,0.182903
case3,19,3100,3,0.201935
case3,19,3100,4,0.198710
case3,19,3100,5,0.204194
case3,19,3200,1,0.214062
case3,19,3200,2,0.182500
case3,19,3200,3,0.200313
case3,19,3200,4,0.199063
case3,19,3200,5,0.204063
case3,19,3300,1,0.213939
case3,19,3300,2,0.182121
case3,19,3300,3,0.200606
case3,19,3300,4,0.197576
case3,19,3300,5,0.205758
case3,19,3400,1,0.211765
case3,19,3400,2,0.183824
case3,19,3400,3,0.202059
case3,19,3400,4,0.197941
case3,19,3400,5,0.204412
case3,19,3500,1,0.212000
case3,19,3500,2,0.182571
case3,19,3500,3,0.203143
case3,19,3500,4,0.196571
case3,19,3500,5,0.205714
case3,19,3600,1,0.211667
case3,19,3600,2,0.183333
case3,19,3600,3,0.202222
case3,19,3600,4,0.198889
case3,19,3600,5,0.203889
case3,19,3700,1,0.209730
case3,19,3700,2,0.184054
case3,19,3700,3,0.201892
case3,19,3700,4,0.200270
case3,19,3700,5,0.204054
case3,19,3800,1,0.210000
case3,19,3800,2,0.185263
case3,19,3800,3,0.201579
case3,19,3800,4,0.198684
case3,19,3800,5,0.204474
case3,19,3900,1,0.210256
case3,19,3900,2,0.184872
case3,19,3900,3,0.202308
case3,19,3900,4,0.198974
case3,19,3900,5,0.203590
case3,19,4000,1,0.208750
case3,19,4000,2,0.186000
case3,19,4000,3,0.203250
case3,19,4000,4,0.198750
case3,19,4000,5,0.203250
case3,19,4100,1,0.208537
case3,19,4100,2,0.186098
case3,19,4100,3,0.203171
case3,19,4100,4,0.198293
case3,19,4100,5,0.203902
case3,19,4200,1,0.208571
case3,19,4200,2,0.187143
case3,19,4200,3,0.201667
case3,19,4200,4,0.200714
case3,19,4200,5,0.201905
case3,19,4300,1,0.205814
case3,19,4300,2,0.187442
case3,19,4300,3,0.203256
case3,19,4300,4,0.201860
case3,19,4300,5,0.201628
case3,19,4400,1,0.204545
case3,19,4400,2,0.187273
case3,19,4400,3,0.203409
case3,19,4400,4,0.203409
case3,19,4400,5,0.201364
case3,19,4500,1,0.204000
case3,19,4500,2,0.189333
case3,19,4500,3,0.204444
case3,19,4500,4,0.202000
case3,19,4500,5,0.200222
case3,19,4600,1,0.204130
case3,19,4600,2,0.188913
case3,19,4600,3,0.203043
case3,19,4600,4,0.203913
case3,19,4600,5,0.200000
case3,19,4700,1,0.204468
case3,19,4700,2,0.188936
case3,19,4700,3,0.202553
case3,19,4700,4,0.202340
case3,19,4700,5,0.201702
case3,19,4800,1,0.204375
case3,19,4800,2,0.190625
case3,19,4800,3,0.202292
case3,19,4800,4,0.201250
case3,19,4800,5,0.201458
case3,19,4900,1,0.204082
case3,19,4900,2,0.190612
case3,19,4900,3,0.201429
case3,19,4900,4,0.201429
case3,19,4900,5,0.202449
case3,19,5000,1,0.205200
case3,19,5000,2,0.189000
case3,19,5000,3,0.200600
case3,19,5000,4,0.202000
case3,19,5000,5,0.203200
case3,19,5100,1,0.204706
case3,19,5100,2,0.189412
case3,19,5100,3,0.199216
case3,19,5100,4,0.202745
case3,19,5100,5,0.203922
case3,19,5200,1,0.205000
case3,19,5200,2,0.187885
case3,19,5200,3,0.200000
case3,19,5200,4,0.202692
case3,19,5200,5,0.204423
case3,19,5300,1,0.204340
case3,19,5300,2,0.187925
case3,19,5300,3,0.200566
case3,19,5300,4,0.203396
case3,19,5300,5,0.203774
case3,19,5400,1,0.204815
case3,19,5400,2,0.186481
case3,19,5400,3,0.200370
case3,19,5400,4,0.203704
case3,19,5400,5,0.204630
case3,19,5500,1,0.205818
case3,19,5500,2,0.186000
case3,19,5500,3,0.199091
case3,19,5500,4,0.204000
case3,19,5500,5,0.205091
case3,19,5600,1,0.204821
case3,19,5600,2,0.184643
case3,19,5600,3,0.198929
case3,19,5600,4,0.205179
case3,19,5600,5,0.206429
case3,19,5700,1,0.205263
case3,19,5700,2,0.184561
case3,19,5700,3,0.199825
case3,19,5700,4,0.204035
case3,19,5700,5,0.206316
case3,19,5800,1,0.205000
case3,19,5800,2,0.185172
case3,19,5800,3,0.199655
case3,19,5800,4,0.203103
case3,19,5800,5,0.207069
case3,19,5900,1,0.206441
case3,19,5900,2,0.185932
case3,19,5900,3,0.198475
case3,19,5900,4,0.202542
case3,19,5900,5,0.206610
case3,19,6000,1,0.205833
case3,19,6000,2,0.186500
case3,19,6000,3,0.199000
case3,19,6000,4,0.201833
case3,19,6000,5,0.206833
case3,19,6100,1,0.205738
case3,19,6100,2,0.186721
case3,19,6100,3,0.198525
case3,19,6100,4,0.202459
case3,19,6100,5,0.206557
case3,19,6200,1,0.205645
case3,19,6200,2,0.186613
case3,19,6200,3,0.198226
case3,19,6200,4,0.202581
case3,19,6200,5,0.206935
case3,19,6300,1,0.205556
case3,19,6300,2,0.186190
case3,19,6300,3,0.197778
case3,19,6300,4,0.202540
case3,19,6300,5,0.207937
case3,19,6400,1,0.204844
case3,19,6400,2,0.186562
case3,19,6400,3,0.198906
case3,19,6400,4,0.202031
case3,19,6400,5,0.207656
case3,19,6500,1,0.204615
case3,19,6500,2,0.186000
case3,19,6500,3,0.199385
case3,19,6500,4,0.202462
case3,19,6500,5,0.207538
case3,19,6600,1,0.205758
case3,19,6600,2,0.185303
case3,19,6600,3,0.198485
case3,19,6600,4,0.202727
case3,19,6600,5,0.207727
case3,19,6700,1,0.206716
case3,19,6700,2,0.185970
case3,19,6700,3,0.197761
case3,19,6700,4,0.202090
case3,19,6700,5,0.207463
case3,19,6800,1,0.206324
case3,19,6800,2,0.187059
case3,19,6800,3,0.197353
case3,19,6800,4,0.202353
case3,19,6800,5,0.206912
case3,19,6900,1,0.206377
case3,19,6900,2,0.187246
case3,19,6900,3,0.197391
case3,19,6900,4,0.202609
case3,19,6900,5,0.206377
case3,19,7000,1,0.205429
case3,19,7000,2,0.187286
case3,19,7000,3,0.197286
case3,19,7000,4,0.203000
case3,19,7000,5,0.207000
case3,19,7100,1,0.205915
case3,19,7100,2,0.186620
case3,19,7100,3,0.197746
case3,19,7100,4,0.202958
case3,19,7100,5,0.206761
case3,19,7200,1,0.206250
case3,19,7200,2,0.186806
case3,19,7200,3,0.197222
case3,19,7200,4,0.202778
case3,19,7200,5,0.206944
case3,19,7300,1,0.206027
case3,19,7300,2,0.188082
case3,19,7300,3,0.197260
case3,19,7300,4,0.202603
case3,19,7300,5,0.206027
case3,19,7400,1,0.206486
case3,19,7400,2,0.187703
case3,19,7400,3,0.197568
case3,19,7400,4,0.202568
case3,19,7400,5,0.205676
case3,19,7500,1,0.206933
case3,19,7500,2,0.188133
case3,19,7500,3,0.197600
case3,19,7500,4,0.201867
case3,19,7500,5,0.205467
case3,19,7600,1,0.206447
case3,19,7600,2,0.189211
case3,19,7600,3,0.197895
case3,19,7600,4,0.201184
case3,19,7600,5,0.205263
case3,19,7700,1,0.206883
case3,19,7700,2,0.189610
case3,19,7700,3,0.197403
case3,19,7700,4,0.201299
case3,19,7700,5,0.204805
case3,19,7800,1,0.207051
case3,19,7800,2,0.189615
case3,19,7800,3,0.197692
case3,19,7800,4,0.201026
case3,19,7800,5,0.204615
case3,19,7900,1,0.206582
case3,19,7900,2,0.190633
case3,19,7900,3,0.196203
case3,19,7900,4,0.201646
case3,19,7900,5,0.204937
case3,19,8000,1,0.206125
case3,19,8000,2,0.190625
case3,19,8000,3,0.196625
case3,19,8000,4,0.201375
case3,19,8000,5,0.205250
case3,19,8100,1,0.205556
case3,19,8100,2,0.191975
case3,19,8100,3,0.196790
case3,19,8100,4,0.200988
case3,19,8100,5,0.204691
case3,19,8200,1,0.204878
case3,19,8200,2,0.192439
case3,19,8200,3,0.197805
case3,19,8200,4,0.200366
case3,19,8200,5,0.204512
case3,19,8300,1,0.205663
case3,19,8300,2,0.192530
case3,19,8300,3,0.197831
case3,19,8300,4,0.200482
case3,19,8300,5,0.203494
case3,19,8400,1,0.205714
case3,19,8400,2,0.192619
case3,19,8400,3,0.197738
case3,19,8400,4,0.200833
case3,19,8400,5,0.203095
case3,19,8500,1,0.205412
case3,19,8500,2,0.193176
case3,19,8500,3,0.197294
case3,19,8500,4,0.201882
case3,19,8500,5,0.202235
case3,19,8600,1,0.205116
case3,19,8600,2,0.193140
case3,19,8600,3,0.197558
case3,19,8600,4,0.201744
case3,19,8600,5,0.202442
case3,19,8700,1,0.205287
case3,19,8700,2,0.192644
case3,19,8700,3,0.197816
case3,19,8700,4,0.201494
case3,19,8700,5,0.202759
case3,19,8800,1,0.205114
case3,19,8800,2,0.192841
case3,19,8800,3,0.197727
case3,19,8800,4,0.201364
case3,19,8800,5,0.202955
case3,19,8900,1,0.206292
case3,19,8900,2,0.192921
case3,19,8900,3,0.197191
case3,19,8900,4,0.200674
case3,19,8900,5,0.202921
case3,19,9000,1,0.206444
case3,19,9000,2,0.193111
case3,19,9000,3,0.197778
case3,19,9000,4,0.200111
case3,19,9000,5,0.202556
case3,19,9100,1,0.206264
case3,19,9100,2,0.193516
case3,19,9100,3,0.197473
case3,19,9100,4,0.200000
case3,19,9100,5,0.202747
case3,19,9200,1,0.205761
case3,19,9200,2,0.194130
case3,19,9200,3,0.198370
case3,19,9200,4,0.199674
case3,19,9200,5,0.202065
case3,19,9300,1,0.205484
case3,19,9300,2,0.194731
case3,19,9300,3,0.197957
case3,19,9300,4,0.199570
case3,19,9300,5,0.202258
case3,19,9400,1,0.205213
case3,19,9400,2,0.194468
case3,19,9400,3,0.198191
case3,19,9400,4,0.200213
case3,19,9400,5,0.201915
case3,19,9500,1,0.205368
case3,19,9500,2,0.194421
case3,19,9500,3,0.198000
case3,19,9500,4,0.200632
case3,19,9500,5,0.201579
case3,19,9600,1,0.205521
case3,19,9600,2,0.194271
case3,19,9600,3,0.198021
case3,19,9600,4,0.200833
case3,19,9600,5,0.201354
case3,19,9700,1,0.204845
case3,19,9700,2,0.195052
case3,19,9700,3,0.198351
case3,19,9700,4,0.201031
case3,19,9700,5,0.200722
case3,19,9800,1,0.204388
case3,19,9800,2,0.195510
case3,19,9800,3,0.198061
case3,19,9800,4,0.200918
case3,19,9800,5,0.201122
case3,19,9900,1,0.204545
case3,19,9900,2,0.195455
case3,19,9900,3,0.198081
case3,19,9900,4,0.200505
case3,19,9900,5,0.201414
case3,19,10000,1,0.204500
case3,19,10000,2,0.195900
case3,19,10000,3,0.197400
case3,19,10000,4,0.200700
case3,19,10000,5,0.201500
case3,20,100,1,0.210000
case3,20,100,2,0.190000
case3,20,100,3,0.280000
case3,20,100,4,0.150000
case3,20,100,5,0.170000
case3,20,200,1,0.210000
case3,20,200,2,0.220000
case3,20,200,3,0.235000
case3,20,200,4,0.150000
case3,20,200,5,0.185000
case3,20,300,1,0.193333
case3,20,300,2,0.213333
case3,20,300,3,0.226667
case3,20,300,4,0.183333
case3,20,300,5,0.183333
case3,20,400,1,0.190000
case3,20,400,2,0.215000
case3,20,400,3,0.237500
case3,20,400,4,0.175000
case3,20,400,5,0.182500
case3,20,500,1,0.196000
case3,20,500,2,0.220000
case3,20,500,3,0.232000
case3,20,500,4,0.162000
case3,20,500,5,0.190000
case3,20,600,1,0.195000
case3,20,600,2,0.210000
case3,20,600,3,0.240000
case3,20,600,4,0.163333
case3,20,600,5,0.191667
case3,20,700,1,0.200000
case3,20,700,2,0.204286
case3,20,700,3,0.231429
case3,20,700,4,0.177143
case3,20,700,5,0.187143
case3,20,800,1,0.200000
case3,20,800,2,0.202500
case3,20,800,3,0.226250
case3,20,800,4,0.178750
case3,20,800,5,0.192500
case3,20,900,1,0.194444
case3,20,900,2,0.211111
case3,20,900,3,0.230000
case3,20,900,4,0.171111
case3,20,900,5,0.193333
case3,20,1000,1,0.191000
case3,20,1000,2,0.208000
case3,20,1000,3,0.227000
case3,20,1000,4,0.180000
case3,20,1000,5,0.194000
case3,20,1100,1,0.189091
case3,20,1100,2,0.205455
case3,20,1100,3,0.224545
case3,20,1100,4,0.182727
case3,20,1100,5,0.198182
case3,20,1200,1,0.190833
case3,20,1200,2,0.207500
case3,20,1200,3,0.220000
case3,20,1200,4,0.184167
case3,20,1200,5,0.197500
case3,20,1300,1,0.190769
case3,20,1300,2,0.212308
case3,20,1300,3,0.216154
case3,20,1300,4,0.184615
case3,20,1300,5,0.196154
case3,20,1400,1,0.194286
case3,20,1400,2,0.211429
case3,20,1400,3,0.214286
case3,20,1400,4,0.185714
case3,20,1400,5,0.194286
case3,20,1500,1,0.194000
case3,20,1500,2,0.211333
case3,20,1500,3,0.214000
case3,20,1500,4,0.180000
case3,20,1500,5,0.200667
case3,20,1600,1,0.193750
case3,20,1600,2,0.208750
case3,20,1600,3,0.215000
case3,20,1600,4,0.182500
case3,20,1600,5,0.200000
case3,20,1700,1,0.188824
case3,20,1700,2,0.206471
case3,20,1700,3,0.220000
case3,20,1700,4,0.182353
case3,20,1700,5,0.202353
case3,20,1800,1,0.190000
case3,20,1800,2,0.201667
case3,20,1800,3,0.222778
case3,20,1800,4,0.183889
case3,20,1800,5,0.201667
case3,20,1900,1,0.194211
case3,20,1900,2,0.200000
case3,20,1900,3,0.220526
case3,20,1900,4,0.187368
case3,20,1900,5,0.197895
case3,20,2000,1,0.193500
case3,20,2000,2,0.205500
case3,20,2000,3,0.217500
case3,20,2000,4,0.184500
case3,20,2000,5,0.199000
case3,20,2100,1,0.194762
case3,20,2100,2,0.204762
case3,20,2100,3,0.213810
case3,20,2100,4,0.183333
case3,20,2100,5,0.203333
case3,20,2200,1,0.197727
case3,20,2200,2,0.205000
case3,20,2200,3,0.211818
case3,20,2200,4,0.182273
case3,20,2200,5,0.203182
case3,20,2300,1,0.194348
case3,20,2300,2,0.203913
case3,20,2300,3,0.211739
case3,20,2300,4,0.185217
case3,20,2300,5,0.204783
case3,20,2400,1,0.195417
case3,20,2400,2,0.202917
case3,20,2400,3,0.213750
case3,20,2400,4,0.182917
case3,20,2400,5,0.205000
case3,20,2500,1,0.195200
case3,20,2500,2,0.203600
case3,20,2500,3,0.212800
case3,20,2500,4,0.182000
case3,20,2500,5,0.206400
case3,20,2600,1,0.194231
case3,20,2600,2,0.202308
case3,20,2600,3,0.213462
case3,20,2600,4,0.182308
case3,20,2600,5,0.207692
case3,20,2700,1,0.195926
case3,20,2700,2,0.200000
case3,20,2700,3,0.212963
case3,20,2700,4,0.181852
case3,20,2700,5,0.209259
case3,20,2800,1,0.196786
case3,20,2800,2,0.198929
case3,20,2800,3,0.214286
case3,20,2800,4,0.181071
case3,20,2800,5,0.208929
case3,20,2900,1,0.197241
case3,20,2900,2,0.198621
case3,20,2900,3,0.215172
case3,20,2900,4,0.179655
case3,20,2900,5,0.209310
case3,20,3000,1,0.197000
case3,20,3000,2,0.199667
case3,20,3000,3,0.214333
case3,20,3000,4,0.180333
case3,20,3000,5,0.208667
case3,20,3100,1,0.197742
case3,20,3100,2,0.199677
case3,20,3100,3,0.214194
case3,20,3100,4,0.180645
case3,20,3100,5,0.207742
case3,20,3200,1,0.198437
case3,20,3200,2,0.200000
case3,20,3200,3,0.211250
case3,20,3200,4,0.182500
case3,20,3200,5,0.207813
case3,20,3300,1,0.198182
case3,20,3300,2,0.199394
case3,20,3300,3,0.210000
case3,20,3300,4,0.183939
case3,20,3300,5,0.208485
case3,20,3400,1,0.200882
case3,20,3400,2,0.199412
case3,20,3400,3,0.208824
case3,20,3400,4,0.183529
case3,20,3400,5,0.207353
case3,20,3500,1,0.199429
case3,20,3500,2,0.201714
case3,20,3500,3,0.208286
case3,20,3500,4,0.185143
case3,20,3500,5,0.205429
case3,20,3600,1,0.199722
case3,20,3600,2,0.202222
case3,20,3600,3,0.207222
case3,20,3600,4,0.186389
case3,20,3600,5,0.204444
case3,20,3700,1,0.199730
case3,20,3700,2,0.202703
case3,20,3700,3,0.207297
case3,20,3700,4,0.186486
case3,20,3700,5,0.203784
case3,20,3800,1,0.201579
case3,20,3800,2,0.203158
case3,20,3800,3,0.207895
case3,20,3800,4,0.185263
case3,20,3800,5,0.202105
case3,20,3900,1,0.201538
case3,20,3900,2,0.202821
case3,20,3900,3,0.207436
case3,20,3900,4,0.186667
case3,20,3900,5,0.201538
case3,20,4000,1,0.201000
case3,20,4000,2,0.204250
case3,20,4000,3,0.206750
case3,20,4000,4,0.187000
case3,20,4000,5,0.201000
case3,20,4100,1,0.201220
case3,20,4100,2,0.204146
case3,20,4100,3,0.208049
case3,20,4100,4,0.185610
case3,20,4100,5,0.200976
case3,20,4200,1,0.200238
case3,20,4200,2,0.203095
case3,20,4200,3,0.208095
case3,20,4200,4,0.187619
case3,20,4200,5,0.200952
case3,20,4300,1,0.199302
case3,20,4300,2,0.203721
case3,20,4300,3,0.208372
case3,20,4300,4,0.187209
case3,20,4300,5,0.201395
case3,20,4400,1,0.198409
case3,20,4400,2,0.204545
case3,20,4400,3,0.208864
case3,20,4400,4,0.187727
case3,20,4400,5,0.200455
case3,20,4500,1,0.197111
case3,20,4500,2,0.204444
case3,20,4500,3,0.208444
case3,20,4500,4,0.186667
case3,20,4500,5,0.203333
case3,20,4600,1,0.197174
case3,20,4600,2,0.203696
case3,20,4600,3,0.209130
case3,20,4600,4,0.186522
case3,20,4600,5,0.203478
case3,20,4700,1,0.197021
case3,20,4700,2,0.203617
case3,20,4700,3,0.210000
case3,20,4700,4,0.186383
case3,20,4700,5,0.202979
case3,20,4800,1,0.198333
case3,20,4800,2,0.203542
case3,20,4800,3,0.208958
case3,20,4800,4,0.186250
case3,20,4800,5,0.202917
case3,20,4900,1,0.196939
case3,20,4900,2,0.203061
case3,20,4900,3,0.209592
case3,20,4900,4,0.185510
case3,20,4900,5,0.204898
case3,20,5000,1,0.197000
case3,20,5000,2,0.203400
case3,20,5000,3,0.209600
case3,20,5000,4,0.186200
case3,20,5000,5,0.203800
case3,20,5100,1,0.197059
case3,20,5100,2,0.201961
case3,20,5100,3,0.209804
case3,20,5100,4,0.186667
case3,20,5100,5,0.204510
case3,20,5200,1,0.196923
case3,20,5200,2,0.202115
case3,20,5200,3,0.210385
case3,20,5200,4,0.186346
case3,20,5200,5,0.204231
case3,20,5300,1,0.197358
case3,20,5300,2,0.202075
case3,20,5300,3,0.210377
case3,20,5300,4,0.186415
case3,20,5300,5,0.203774
case3,20,5400,1,0.198889
case3,20,5400,2,0.202222
case3,20,5400,3,0.210370
case3,20,5400,4,0.185741
case3,20,5400,5,0.202778
case3,20,5500,1,0.199091
case3,20,5500,2,0.202000
case3,20,5500,3,0.210727
case3,20,5500,4,0.186364
case3,20,5500,5,0.201818
case3,20,5600,1,0.198750
case3,20,5600,2,0.202679
case3,20,5600,3,0.209464
case3,20,5600,4,0.187679
case3,20,5600,5,0.201429
case3,20,5700,1,0.199298
case3,20,5700,2,0.202281
case3,20,5700,3,0.208421
case3,20,5700,4,0.188070
case3,20,5700,5,0.201930
case3,20,5800,1,0.199655
case3,20,5800,2,0.202069
case3,20,5800,3,0.208103
case3,20,5800,4,0.188621
case3,20,5800,5,0.201552
case3,20,5900,1,0.199661
case3,20,5900,2,0.201525
case3,20,5900,3,0.209153
case3,20,5900,4,0.189153
case3,20,5900,5,0.200508
case3,20,6000,1,0.199333
case3,20,6000,2,0.200333
case3,20,6000,3,0.208833
case3,20,6000,4,0.190833
case3,20,6000,5,0.200667
case3,20,6100,1,0.199180
case3,20,6100,2,0.200984
case3,20,6100,3,0.208525
case3,20,6100,4,0.190820
case3,20,6100,5,0.200492
case3,20,6200,1,0.199677
case3,20,6200,2,0.200323
case3,20,6200,3,0.209032
case3,20,6200,4,0.190806
case3,20,6200,5,0.200161
case3,20,6300,1,0.199206
case3,20,6300,2,0.201905
case3,20,6300,3,0.208571
case3,20,6300,4,0.190635
case3,20,6300,5,0.199683
case3,20,6400,1,0.198750
case3,20,6400,2,0.203750
case3,20,6400,3,0.208281
case3,20,6400,4,0.190312
case3,20,6400,5,0.198906
case3,20,6500,1,0.198923
case3,20,6500,2,0.203538
case3,20,6500,3,0.208769
case3,20,6500,4,0.190000
case3,20,6500,5,0.198769
case3,20,6600,1,0.199242
case3,20,6600,2,0.203788
case3,20,6600,3,0.207727
case3,20,6600,4,0.189848
case3,20,6600,5,0.199394
case3,20,6700,1,0.199851
case3,20,6700,2,0.203881
case3,20,6700,3,0.207164
case3,20,6700,4,0.189254
case3,20,6700,5,0.199851
case3,20,6800,1,0.200147
case3,20,6800,2,0.204118
case3,20,6800,3,0.207794
case3,20,6800,4,0.188824
case3,20,6800,5,0.199118
case3,20,6900,1,0.199855
case3,20,6900,2,0.204638
case3,20,6900,3,0.207391
case3,20,6900,4,0.189420
case3,20,6900,5,0.198696
case3,20,7000,1,0.199857
case3,20,7000,2,0.205000
case3,20,7000,3,0.207857
case3,20,7000,4,0.188429
case3,20,7000,5,0.198857
case3,20,7100,1,0.199718
case3,20,7100,2,0.204507
case3,20,7100,3,0.208028
case3,20,7100,4,0.189014
case3,20,7100,5,0.198732
case3,20,7200,1,0.199167
case3,20,7200,2,0.204583
case3,20,7200,3,0.208333
case3,20,7200,4,0.189444
case3,20,7200,5,0.198472
case3,20,7300,1,0.199452
case3,20,7300,2,0.204521
case3,20,7300,3,0.207397
case3,20,7300,4,0.190274
case3,20,7300,5,0.198356
case3,20,7400,1,0.200270
case3,20,7400,2,0.204730
case3,20,7400,3,0.206892
case3,20,7400,4,0.190405
case3,20,7400,5,0.197703
case3,20,7500,1,0.200133
case3,20,7500,2,0.205733
case3,20,7500,3,0.206667
case3,20,7500,4,0.190400
case3,20,7500,5,0.197067
case3,20,7600,1,0.199342
case3,20,7600,2,0.205000
case3,20,7600,3,0.207368
case3,20,7600,4,0.190395
case3,20,7600,5,0.197895
case3,20,7700,1,0.198312
case3,20,7700,2,0.204935
case3,20,7700,3,0.207792
case3,20,7700,4,0.191299
case3,20,7700,5,0.197662
case3,20,7800,1,0.199359
case3,20,7800,2,0.203846
case3,20,7800,3,0.207821
case3,20,7800,4,0.191410
case3,20,7800,5,0.197564
case3,20,7900,1,0.198987
case3,20,7900,2,0.204177
case3,20,7900,3,0.207722
case3,20,7900,4,0.191646
case3,20,7900,5,0.197468
case3,20,8000,1,0.198875
case3,20,8000,2,0.204250
case3,20,8000,3,0.207250
case3,20,8000,4,0.191625
case3,20,8000,5,0.198000
case3,20,8100,1,0.198148
case3,20,8100,2,0.204321
case3,20,8100,3,0.207284
case3,20,8100,4,0.191111
case3,20,8100,5,0.199136
case3,20,8200,1,0.197561
case3,20,8200,2,0.204756
case3,20,8200,3,0.207561
case3,20,8200,4,0.190976
case3,20,8200,5,0.199146
case3,20,8300,1,0.197711
case3,20,8300,2,0.204578
case3,20,8300,3,0.206867
case3,20,8300,4,0.191446
case3,20,8300,5,0.199398
case3,20,8400,1,0.198095
case3,20,8400,2,0.204286
case3,20,8400,3,0.206548
case3,20,8400,4,0.191310
case3,20,8400,5,0.199762
case3,20,8500,1,0.197882
case3,20,8500,2,0.203647
case3,20,8500,3,0.205647
case3,20,8500,4,0.192000
case3,20,8500,5,0.200824
case3,20,8600,1,0.197674
case3,20,8600,2,0.203953
case3,20,8600,3,0.204884
case3,20,8600,4,0.191860
case3,20,8600,5,0.201628
case3,20,8700,1,0.197816
case3,20,8700,2,0.203678
case3,20,8700,3,0.204253
case3,20,8700,4,0.192184
case3,20,8700,5,0.202069
case3,20,8800,1,0.198409
case3,20,8800,2,0.203409
case3,20,8800,3,0.204432
case3,20,8800,4,0.191591
case3,20,8800,5,0.202159
case3,20,8900,1,0.198989
case3,20,8900,2,0.203034
case3,20,8900,3,0.204270
case3,20,8900,4,0.192022
case3,20,8900,5,0.201685
case3,20,9000,1,0.198889
case3,20,9000,2,0.203000
case3,20,9000,3,0.203778
case3,20,9000,4,0.192000
case3,20,9000,5,0.202333
case3,20,9100,1,0.199231
case3,20,9100,2,0.203297
case3,20,9100,3,0.202308
case3,20,9100,4,0.192637
case3,20,9100,5,0.202527
case3,20,9200,1,0.199674
case3,20,9200,2,0.203043
case3,20,9200,3,0.201848
case3,20,9200,4,0.192935
case3,20,9200,5,0.202500
case3,20,9300,1,0.199462
case3,20,9300,2,0.203656
case3,20,9300,3,0.201398
case3,20,9300,4,0.193011
case3,20,9300,5,0.202473
case3,20,9400,1,0.198830
case3,20,9400,2,0.203404
case3,20,9400,3,0.200957
case3,20,9400,4,0.193511
case3,20,9400,5,0.203298
case3,20,9500,1,0.199053
case3,20,9500,2,0.202737
case3,20,9500,3,0.200842
case3,20,9500,4,0.193895
case3,20,9500,5,0.203474
case3,20,9600,1,0.199375
case3,20,9600,2,0.202500
case3,20,9600,3,0.200729
case3,20,9600,4,0.194167
case3,20,9600,5,0.203229
case3,20,9700,1,0.198969
case3,20,9700,2,0.202784
case3,20,9700,3,0.200722
case3,20,9700,4,0.194536
case3,20,9700,5,0.202990
case3,20,9800,1,0.198367
case3,20,9800,2,0.202143
case3,20,9800,3,0.201122
case3,20,9800,4,0.194898
case3,20,9800,5,0.203469
case3,20,9900,1,0.198687
case3,20,9900,2,0.202525
case3,20,9900,3,0.201111
case3,20,9900,4,0.194646
case3,20,9900,5,0.203030
case3,20,10000,1,0.198300
case3,20,10000,2,0.202700
case3,20,10000,3,0.201500
case3,20,10000,4,0.194600
case3,20,10000,5,0.202900
case3,21,100,1,0.230000
case3,21,100,2,0.280000
case3,21,100,3,0.130000
case3,21,100,4,0.210000
case3,21,100,5,0.150000
case3,21,200,1,0.255000
case3,21,200,2,0.230000
case3,21,200,3,0.145000
case3,21,200,4,0.195000
case3,21,200,5,0.175000
case3,21,300,1,0.226667
case3,21,300,2,0.220000
case3,21,300,3,0.146667
case3,21,300,4,0.213333
case3,21,300,5,0.193333
case3,21,400,1,0.227500
case3,21,400,2,0.215000
case3,21,400,3,0.165000
case3,21,400,4,0.200000
case3,21,400,5,0.192500
case3,21,500,1,0.228000
case3,21,500,2,0.214000
case3,21,500,3,0.170000
case3,21,500,4,0.200000
case3,21,500,5,0.188000
case3,21,600,1,0.223333
case3,21,600,2,0.218333
case3,21,600,3,0.173333
case3,21,600,4,0.196667
case3,21,600,5,0.188333
case3,21,700,1,0.220000
case3,21,700,2,0.207143
case3,21,700,3,0.181429
case3,21,700,4,0.195714
case3,21,700,5,0.195714
case3,21,800,1,0.217500
case3,21,800,2,0.200000
case3,21,800,3,0.187500
case3,21,800,4,0.208750
case3,21,800,5,0.186250
case3,21,900,1,0.210000
case3,21,900,2,0.198889
case3,21,900,3,0.191111
case3,21,900,4,0.210000
case3,21,900,5,0.190000
case3,21,1000,1,0.220000
case3,21,1000,2,0.201000
case3,21,1000,3,0.192000
case3,21,1000,4,0.202000
case3,21,1000,5,0.185000
case3,21,1100,1,0.218182
case3,21,1100,2,0.200909
case3,21,1100,3,0.194545
case3,21,1100,4,0.206364
case3,21,1100,5,0.180000
case3,21,1200,1,0.215833
case3,21,1200,2,0.202500
case3,21,1200,3,0.197500
case3,21,1200,4,0.203333
case3,21,1200,5,0.180833
case3,21,1300,1,0.211538
case3,21,1300,2,0.200769
case3,21,1300,3,0.201538
case3,21,1300,4,0.196923
case3,21,1300,5,0.189231
case3,21,1400,1,0.211429
case3,21,1400,2,0.202143
case3,21,1400,3,0.198571
case3,21,1400,4,0.200714
case3,21,1400,5,0.187143
case3,21,1500,1,0.213333
case3,21,1500,2,0.198667
case3,21,1500,3,0.197333
case3,21,1500,4,0.200667
case3,21,1500,5,0.190000
case3,21,1600,1,0.211250
case3,21,1600,2,0.201875
case3,21,1600,3,0.196250
case3,21,1600,4,0.198750
case3,21,1600,5,0.191875
case3,21,1700,1,0.212353
case3,21,1700,2,0.197059
case3,21,1700,3,0.194706
case3,21,1700,4,0.203529
case3,21,1700,5,0.192353
case3,21,1800,1,0.215556
case3,21,1800,2,0.196667
case3,21,1800,3,0.196667
case3,21,1800,4,0.201111
case3,21,1800,5,0.190000
case3,21,1900,1,0.212105
case3,21,1900,2,0.196842
case3,21,1900,3,0.194211
case3,21,1900,4,0.202632
case3,21,1900,5,0.194211
case3,21,2000,1,0.211000
case3,21,2000,2,0.196500
case3,21,2000,3,0.196000
case3,21,2000,4,0.201500
case3,21,2000,5,0.195000
case3,21,2100,1,0.211429
case3,21,2100,2,0.193810
case3,21,2100,3,0.195238
case3,21,2100,4,0.204286
case3,21,2100,5,0.195238
case3,21,2200,1,0.209545
case3,21,2200,2,0.193182
case3,21,2200,3,0.197273
case3,21,2200,4,0.203636
case3,21,2200,5,0.196364
case3,21,2300,1,0.208261
case3,21,2300,2,0.193913
case3,21,2300,3,0.197826
case3,21,2300,4,0.203913
case3,21,2300,5,0.196087
case3,21,2400,1,0.210833
case3,21,2400,2,0.193333
case3,21,2400,3,0.197083
case3,21,2400,4,0.203750
case3,21,2400,5,0.195000
case3,21,2500,1,0.209600
case3,21,2500,2,0.193200
case3,21,2500,3,0.200000
case3,21,2500,4,0.201200
case3,21,2500,5,0.196000
case3,21,2600,1,0.206923
case3,21,2600,2,0.192308
case3,21,2600,3,0.200769
case3,21,2600,4,0.202692
case3,21,2600,5,0.197308
case3,21,2700,1,0.204074
case3,21,2700,2,0.195556
case3,21,2700,3,0.199630
case3,21,2700,4,0.200741
case3,21,2700,5,0.200000
case3,21,2800,1,0.204286
case3,21,2800,2,0.197500
case3,21,2800,3,0.200000
case3,21,2800,4,0.200714
case3,21,2800,5,0.197500
case3,21,2900,1,0.205172
case3,21,2900,2,0.197931
case3,21,2900,3,0.199655
case3,21,2900,4,0.200690
case3,21,2900,5,0.196552
case3,21,3000,1,0.206333
case3,21,3000,2,0.197667
case3,21,3000,3,0.199000
case3,21,3000,4,0.201333
case3,21,3000,5,0.195667
case3,21,3100,1,0.205161
case3,21,3100,2,0.199032
case3,21,3100,3,0.198065
case3,21,3100,4,0.200968
case3,21,3100,5,0.196774
case3,21,3200,1,0.206563
case3,21,3200,2,0.198125
case3,21,3200,3,0.197813
case3,21,3200,4,0.199687
case3,21,3200,5,0.197813
case3,21,3300,1,0.204848
case3,21,3300,2,0.198182
case3,21,3300,3,0.199394
case3,21,3300,4,0.198182
case3,21,3300,5,0.199394
case3,21,3400,1,0.203235
case3,21,3400,2,0.199412
case3,21,3400,3,0.200000
case3,21,3400,4,0.198824
case3,21,3400,5,0.198529
case3,21,3500,1,0.205429
case3,21,3500,2,0.199429
case3,21,3500,3,0.199143
case3,21,3500,4,0.197429
case3,21,3500,5,0.198571
case3,21,3600,1,0.207500
case3,21,3600,2,0.199444
case3,21,3600,3,0.198889
case3,21,3600,4,0.196944
case3,21,3600,5,0.197222
case3,21,3700,1,0.206486
case3,21,3700,2,0.198378
case3,21,3700,3,0.198919
case3,21,3700,4,0.197027
case3,21,3700,5,0.199189
case3,21,3800,1,0.206842
case3,21,3800,2,0.198158
case3,21,3800,3,0.197105
case3,21,3800,4,0.197368
case3,21,3800,5,0.200526
case3,21,3900,1,0.207436
case3,21,3900,2,0.196923
case3,21,3900,3,0.198462
case3,21,3900,4,0.196410
case3,21,3900,5,0.200769
case3,21,4000,1,0.207250
case3,21,4000,2,0.195500
case3,21,4000,3,0.199500
case3,21,4000,4,0.198000
case3,21,4000,5,0.199750
case3,21,4100,1,0.206585
case3,21,4100,2,0.195122
case3,21,4100,3,0.199268
case3,21,4100,4,0.199512
case3,21,4100,5,0.199512
case3,21,4200,1,0.205238
case3,21,4200,2,0.196667
case3,21,4200,3,0.200000
case3,21,4200,4,0.199048
case3,21,4200,5,0.199048
case3,21,4300,1,0.204884
case3,21,4300,2,0.196279
case3,21,4300,3,0.201163
case3,21,4300,4,0.199070
case3,21,4300,5,0.198605
case3,21,4400,1,0.204091
case3,21,4400,2,0.196591
case3,21,4400,3,0.202045
case3,21,4400,4,0.199773
case3,21,4400,5,0.197500
case3,21,4500,1,0.203556
case3,21,4500,2,0.197556
case3,21,4500,3,0.202889
case3,21,4500,4,0.199111
case3,21,4500,5,0.196889
case3,21,4600,1,0.203043
case3,21,4600,2,0.198478
case3,21,4600,3,0.203043
case3,21,4600,4,0.199348
case3,21,4600,5,0.196087
case3,21,4700,1,0.203830
case3,21,4700,2,0.197872
case3,21,4700,3,0.203191
case3,21,4700,4,0.198936
case3,21,4700,5,0.196170
case3,21,4800,1,0.203333
case3,21,4800,2,0.198958
case3,21,4800,3,0.202917
case3,21,4800,4,0.199167
case3,21,4800,5,0.195625
case3,21,4900,1,0.203878
case3,21,4900,2,0.198980
case3,21,4900,3,0.202653
case3,21,4900,4,0.199184
case3,21,4900,5,0.195306
case3,21,5000,1,0.204800
case3,21,5000,2,0.199200
case3,21,5000,3,0.203200
case3,21,5000,4,0.197800
case3,21,5000,5,0.195000
case3,21,5100,1,0.205490
case3,21,5100,2,0.198824
case3,21,5100,3,0.204118
case3,21,5100,4,0.197255
case3,21,5100,5,0.194314
case3,21,5200,1,0.205577
case3,21,5200,2,0.198846
case3,21,5200,3,0.205192
case3,21,5200,4,0.197500
case3,21,5200,5,0.192885
case3,21,5300,1,0.204906
case3,21,5300,2,0.199811
case3,21,5300,3,0.205849
case3,21,5300,4,0.197358
case3,21,5300,5,0.192075
case3,21,5400,1,0.205370
case3,21,5400,2,0.201111
case3,21,5400,3,0.206111
case3,21,5400,4,0.196852
case3,21,5400,5,0.190556
case3,21,5500,1,0.205818
case3,21,5500,2,0.200545
case3,21,5500,3,0.206182
case3,21,5500,4,0.197273
case3,21,5500,5,0.190182
case3,21,5600,1,0.205000
case3,21,5600,2,0.200714
case3,21,5600,3,0.205893
case3,21,5600,4,0.196964
case3,21,5600,5,0.191429
case3,21,5700,1,0.205088
case3,21,5700,2,0.200175
case3,21,5700,3,0.206140
case3,21,5700,4,0.197018
case3,21,5700,5,0.191579
case3,21,5800,1,0.205690
case3,21,5800,2,0.199310
case3,21,5800,3,0.205862
case3,21,5800,4,0.197414
case3,21,5800,5,0.191724
case3,21,5900,1,0.205424
case3,21,5900,2,0.200508
case3,21,5900,3,0.206271
case3,21,5900,4,0.196271
case3,21,5900,5,0.191525
case3,21,6000,1,0.205500
case3,21,6000,2,0.200333
case3,21,6000,3,0.207167
case3,21,6000,4,0.195667
case3,21,6000,5,0.191333
case3,21,6100,1,0.206230
case3,21,6100,2,0.198689
case3,21,6100,3,0.207213
case3,21,6100,4,0.195410
case3,21,6100,5,0.192459
case3,21,6200,1,0.205323
case3,21,6200,2,0.199516
case3,21,6200,3,0.206452
case3,21,6200,4,0.196935
case3,21,6200,5,0.191774
case3,21,6300,1,0.205397
case3,21,6300,2,0.199048
case3,21,6300,3,0.206825
case3,21,6300,4,0.197778
case3,21,6300,5,0.190952
case3,21,6400,1,0.204844
case3,21,6400,2,0.198281
case3,21,6400,3,0.207656
case3,21,6400,4,0.197969
case3,21,6400,5,0.191250
case3,21,6500,1,0.205385
case3,21,6500,2,0.199077
case3,21,6500,3,0.206923
case3,21,6500,4,0.197846
case3,21,6500,5,0.190769
case3,21,6600,1,0.204394
case3,21,6600,2,0.199697
case3,21,6600,3,0.206970
case3,21,6600,4,0.198788
case3,21,6600,5,0.190152
case3,21,6700,1,0.205373
case3,21,6700,2,0.199552
case3,21,6700,3,0.206269
case3,21,6700,4,0.198358
case3,21,6700,5,0.190448
case3,21,6800,1,0.204412
case3,21,6800,2,0.200147
case3,21,6800,3,0.205735
case3,21,6800,4,0.198971
case3,21,6800,5,0.190735
case3,21,6900,1,0.202899
case3,21,6900,2,0.202174
case3,21,6900,3,0.205507
case3,21,6900,4,0.198261
case3,21,6900,5,0.191159
case3,21,7000,1,0.204000
case3,21,7000,2,0.201857
case3,21,7000,3,0.205714
case3,21,7000,4,0.198000
case3,21,7000,5,0.190429
case3,21,7100,1,0.204225
case3,21,7100,2,0.202535
case3,21,7100,3,0.205915
case3,21,7100,4,0.198169
case3,21,7100,5,0.189155
case3,21,7200,1,0.204167
case3,21,7200,2,0.202222
case3,21,7200,3,0.205972
case3,21,7200,4,0.198056
case3,21,7200,5,0.189583
case3,21,7300,1,0.203014
case3,21,7300,2,0.202740
case3,21,7300,3,0.206438
case3,21,7300,4,0.197397
case3,21,7300,5,0.190411
case3,21,7400,1,0.202568
case3,21,7400,2,0.202703
case3,21,7400,3,0.205946
case3,21,7400,4,0.197973
case3,21,7400,5,0.190811
case3,21,7500,1,0.202000
case3,21,7500,2,0.202933
case3,21,7500,3,0.205333
case3,21,7500,4,0.198133
case3,21,7500,5,0.191600
case3,21,7600,1,0.202500
case3,21,7600,2,0.203289
case3,21,7600,3,0.205263
case3,21,7600,4,0.197500
case3,21,7600,5,0.191447
case3,21,7700,1,0.202468
case3,21,7700,2,0.204156
case3,21,7700,3,0.204545
case3,21,7700,4,0.197532
case3,21,7700,5,0.191299
case3,21,7800,1,0.202051
case3,21,7800,2,0.203718
case3,21,7800,3,0.205000
case3,21,7800,4,0.197692
case3,21,7800,5,0.191538
case3,21,7900,1,0.202405
case3,21,7900,2,0.203291
case3,21,7900,3,0.204810
case3,21,7900,4,0.197595
case3,21,7900,5,0.191899
case3,21,8000,1,0.202625
case3,21,8000,2,0.203250
case3,21,8000,3,0.204375
case3,21,8000,4,0.198500
case3,21,8000,5,0.191250
case3,21,8100,1,0.202963
case3,21,8100,2,0.203457
case3,21,8100,3,0.203827
case3,21,8100,4,0.198519
case3,21,8100,5,0.191235
case3,21,8200,1,0.203293
case3,21,8200,2,0.203049
case3,21,8200,3,0.203293
case3,21,8200,4,0.198049
case3,21,8200,5,0.192317
case3,21,8300,1,0.203373
case3,21,8300,2,0.203012
case3,21,8300,3,0.202892
case3,21,8300,4,0.198313
case3,21,8300,5,0.192410
case3,21,8400,1,0.202976
case3,21,8400,2,0.203214
case3,21,8400,3,0.202024
case3,21,8400,4,0.198810
case3,21,8400,5,0.192976
case3,21,8500,1,0.202471
case3,21,8500,2,0.204118
case3,21,8500,3,0.201765
case3,21,8500,4,0.198941
case3,21,8500,5,0.192706
case3,21,8600,1,0.203488
case3,21,8600,2,0.203605
case3,21,8600,3,0.201860
case3,21,8600,4,0.198721
case3,21,8600,5,0.192326
case3,21,8700,1,0.203448
case3,21,8700,2,0.203793
case3,21,8700,3,0.202299
case3,21,8700,4,0.198621
case3,21,8700,5,0.191839
case3,21,8800,1,0.203182
case3,21,8800,2,0.203295
case3,21,8800,3,0.202841
case3,21,8800,4,0.198636
case3,21,8800,5,0.192045
case3,21,8900,1,0.202360
case3,21,8900,2,0.204045
case3,21,8900,3,0.202247
case3,21,8900,4,0.198202
case3,21,8900,5,0.193146
case3,21,9000,1,0.202778
case3,21,9000,2,0.204111
case3,21,9000,3,0.201889
case3,21,9000,4,0.198333
case3,21,9000,5,0.192889
case3,21,9100,1,0.202637
case3,21,9100,2,0.204066
case3,21,9100,3,0.202418
case3,21,9100,4,0.198462
case3,21,9100,5,0.192418
case3,21,9200,1,0.203043
case3,21,9200,2,0.204022
case3,21,9200,3,0.201848
case3,21,9200,4,0.198696
case3,21,9200,5,0.192391
case3,21,9300,1,0.203118
case3,21,9300,2,0.203978
case3,21,9300,3,0.202688
case3,21,9300,4,0.198495
case3,21,9300,5,0.191720
case3,21,9400,1,0.202979
case3,21,9400,2,0.203404
case3,21,9400,3,0.202872
case3,21,9400,4,0.198085
case3,21,9400,5,0.192660
case3,21,9500,1,0.203895
case3,21,9500,2,0.203474
case3,21,9500,3,0.202526
case3,21,9500,4,0.197474
case3,21,9500,5,0.192632
case3,21,9600,1,0.203958
case3,21,9600,2,0.203021
case3,21,9600,3,0.202500
case3,21,9600,4,0.198021
case3,21,9600,5,0.192500
case3,21,9700,1,0.203918
case3,21,9700,2,0.203505
case3,21,9700,3,0.202474
case3,21,9700,4,0.197629
case3,21,9700,5,0.192474
case3,21,9800,1,0.203878
case3,21,9800,2,0.204388
case3,21,9800,3,0.201939
case3,21,9800,4,0.197653
case3,21,9800,5,0.192143
case3,21,9900,1,0.204444
case3,21,9900,2,0.203636
case3,21,9900,3,0.201919
case3,21,9900,4,0.197475
case3,21,9900,5,0.192525
case3,21,10000,1,0.204600
case3,21,10000,2,0.203500
case3,21,10000,3,0.202200
case3,21,10000,4,0.197200
case3,21,10000,5,0.192500
case3,22,100,1,0.220000
case3,22,100,2,0.230000
case3,22,100,3,0.230000
case3,22,100,4,0.150000
case3,22,100,5,0.170000
case3,22,200,1,0.210000
case3,22,200,2,0.210000
case3,22,200,3,0.210000
case3,22,200,4,0.150000
case3,22,200,5,0.220000
case3,22,300,1,0.193333
case3,22,300,2,0.220000
case3,22,300,3,0.203333
case3,22,300,4,0.156667
case3,22,300,5,0.226667
case3,22,400,1,0.205000
case3,22,400,2,0.215000
case3,22,400,3,0.195000
case3,22,400,4,0.157500
case3,22,400,5,0.227500
case3,22,500,1,0.196000
case3,22,500,2,0.222000
case3,22,500,3,0.190000
case3,22,500,4,0.170000
case3,22,500,5,0.222000
case3,22,600,1,0.198333
case3,22,600,2,0.223333
case3,22,600,3,0.193333
case3,22,600,4,0.165000
case3,22,600,5,0.220000
case3,22,700,1,0.204286
case3,22,700,2,0.232857
case3,22,700,3,0.182857
case3,22,700,4,0.168571
case3,22,700,5,0.211429
case3,22,800,1,0.198750
case3,22,800,2,0.223750
case3,22,800,3,0.191250
case3,22,800,4,0.173750
case3,22,800,5,0.212500
case3,22,900,1,0.198889
case3,22,900,2,0.226667
case3,22,900,3,0.186667
case3,22,900,4,0.174444
case3,22,900,5,0.213333
case3,22,1000,1,0.205000
case3,22,1000,2,0.223000
case3,22,1000,3,0.184000
case3,22,1000,4,0.176000
case3,22,1000,5,0.212000
case3,22,1100,1,0.199091
case3,22,1100,2,0.226364
case3,22,1100,3,0.186364
case3,22,1100,4,0.180000
case3,22,1100,5,0.208182
case3,22,1200,1,0.195000
case3,22,1200,2,0.230000
case3,22,1200,3,0.191667
case3,22,1200,4,0.175833
case3,22,1200,5,0.207500
case3,22,1300,1,0.200000
case3,22,1300,2,0.225385
case3,22,1300,3,0.193077
case3,22,1300,4,0.179231
case3,22,1300,5,0.202308
case3,22,1400,1,0.202143
case3,22,1400,2,0.225714
case3,22,1400,3,0.190000
case3,22,1400,4,0.180000
case3,22,1400,5,0.202143
case3,22,1500,1,0.200667
case3,22,1500,2,0.222000
case3,22,1500,3,0.190667
case3,22,1500,4,0.180000
case3,22,1500,5,0.206667
case3,22,1600,1,0.201250
case3,22,1600,2,0.216875
case3,22,1600,3,0.190000
case3,22,1600,4,0.186250
case3,22,1600,5,0.205625
case3,22,1700,1,0.207059
case3,22,1700,2,0.212353
case3,22,1700,3,0.187647
case3,22,1700,4,0.184706
case3,22,1700,5,0.208235
case3,22,1800,1,0.209444
case3,22,1800,2,0.209444
case3,22,1800,3,0.190000
case3,22,1800,4,0.183333
case3,22,1800,5,0.207778
case3,22,1900,1,0.206316
case3,22,1900,2,0.211053
case3,22,1900,3,0.193158
case3,22,1900,4,0.181579
case3,22,1900,5,0.207895
case3,22,2000,1,0.206000
case3,22,2000,2,0.210000
case3,22,2000,3,0.192000
case3,22,2000,4,0.183500
case3,22,2000,5,0.208500
case3,22,2100,1,0.205714
case3,22,2100,2,0.207619
case3,22,2100,3,0.193333
case3,22,2100,4,0.185714
case3,22,2100,5,0.207619
case3,22,2200,1,0.211818
case3,22,2200,2,0.205455
case3,22,2200,3,0.191818
case3,22,2200,4,0.185455
case3,22,2200,5,0.205455
case3,22,2300,1,0.212609
case3,22,2300,2,0.205652
case3,22,2300,3,0.192609
case3,22,2300,4,0.183913
case3,22,2300,5,0.205217
case3,22,2400,1,0.214583
case3,22,2400,2,0.204167
case3,22,2400,3,0.192083
case3,22,2400,4,0.182500
case3,22,2400,5,0.206667
case3,22,2500,1,0.215200
case3,22,2500,2,0.205200
case3,22,2500,3,0.193200
case3,22,2500,4,0.181200
case3,22,2500,5,0.205200
case3,22,2600,1,0.212308
case3,22,2600,2,0.206154
case3,22,2600,3,0.193462
case3,22,2600,4,0.183846
case3,22,2600,5,0.204231
case3,22,2700,1,0.209259
case3,22,2700,2,0.207407
case3,22,2700,3,0.195926
case3,22,2700,4,0.181852
case3,22,2700,5,0.205556
case3,22,2800,1,0.208571
case3,22,2800,2,0.207857
case3,22,2800,3,0.195000
case3,22,2800,4,0.181786
case3,22,2800,5,0.206786
case3,22,2900,1,0.207241
case3,22,2900,2,0.205862
case3,22,2900,3,0.194483
case3,22,2900,4,0.183448
case3,22,2900,5,0.208966
case3,22,3000,1,0.206000
case3,22,3000,2,0.204667
case3,22,3000,3,0.193667
case3,22,3000,4,0.185333
case3,22,3000,5,0.210333
case3,22,3100,1,0.205806
case3,22,3100,2,0.205484
case3,22,3100,3,0.193871
case3,22,3100,4,0.185484
case3,22,3100,5,0.209355
case3,22,3200,1,0.206250
case3,22,3200,2,0.206563
case3,22,3200,3,0.193125
case3,22,3200,4,0.185000
case3,22,3200,5,0.209063
case3,22,3300,1,0.206667
case3,22,3300,2,0.206970
case3,22,3300,3,0.193636
case3,22,3300,4,0.184848
case3,22,3300,5,0.207879
case3,22,3400,1,0.204706
case3,22,3400,2,0.207647
case3,22,3400,3,0.192647
case3,22,3400,4,0.187059
case3,22,3400,5,0.207941
case3,22,3500,1,0.205143
case3,22,3500,2,0.207714
case3,22,3500,3,0.192000
case3,22,3500,4,0.188286
case3,22,3500,5,0.206857
case3,22,3600,1,0.205833
case3,22,3600,2,0.207778
case3,22,3600,3,0.190278
case3,22,3600,4,0.190000
case3,22,3600,5,0.206111
case3,22,3700,1,0.205946
case3,22,3700,2,0.208919
case3,22,3700,3,0.189189
case3,22,3700,4,0.190000
case3,22,3700,5,0.205946
case3,22,3800,1,0.205000
case3,22,3800,2,0.209474
case3,22,3800,3,0.190526
case3,22,3800,4,0.190000
case3,22,3800,5,0.205000
case3,22,3900,1,0.205641
case3,22,3900,2,0.211026
case3,22,3900,3,0.190513
case3,22,3900,4,0.188718
case3,22,3900,5,0.204103
case3,22,4000,1,0.206500
case3,22,4000,2,0.210500
case3,22,4000,3,0.189000
case3,22,4000,4,0.189000
case3,22,4000,5,0.205000
case3,22,4100,1,0.205366
case3,22,4100,2,0.210732
case3,22,4100,3,0.189024
case3,22,4100,4,0.189268
case3,22,4100,5,0.205610
case3,22,4200,1,0.204762
case3,22,4200,2,0.211667
case3,22,4200,3,0.188333
case3,22,4200,4,0.191190
case3,22,4200,5,0.204048
case3,22,4300,1,0.203023
case3,22,4300,2,0.210930
case3,22,4300,3,0.190000
case3,22,4300,4,0.191628
case3,22,4300,5,0.204419
case3,22,4400,1,0.203409
case3,22,4400,2,0.211136
case3,22,4400,3,0.189773
case3,22,4400,4,0.191591
case3,22,4400,5,0.204091
case3,22,4500,1,0.203556
case3,22,4500,2,0.210000
case3,22,4500,3,0.190000
case3,22,4500,4,0.192222
case3,22,4500,5,0.204222
case3,22,4600,1,0.203478
case3,22,4600,2,0.209565
case3,22,4600,3,0.190870
case3,22,4600,4,0.191739
case3,22,4600,5,0.204348
case3,22,4700,1,0.203191
case3,22,4700,2,0.208723
case3,22,4700,3,0.192128
case3,22,4700,4,0.192553
case3,22,4700,5,0.203404
case3,22,4800,1,0.203542
case3,22,4800,2,0.208750
case3,22,4800,3,0.191042
case3,22,4800,4,0.192292
case3,22,4800,5,0.204375
case3,22,4900,1,0.204286
case3,22,4900,2,0.207551
case3,22,4900,3,0.191837
case3,22,4900,4,0.192245
case3,22,4900,5,0.204082
case3,22,5000,1,0.204600
case3,22,5000,2,0.206200
case3,22,5000,3,0.191400
case3,22,5000,4,0.192600
case3,22,5000,5,0.205200
case3,22,5100,1,0.204510
case3,22,5100,2,0.205098
case3,22,5100,3,0.189804
case3,22,5100,4,0.193725
case3,22,5100,5,0.206863
case3,22,5200,1,0.203846
case3,22,5200,2,0.203462
case3,22,5200,3,0.190192
case3,22,5200,4,0.195000
case3,22,5200,5,0.207500
case3,22,5300,1,0.203585
case3,22,5300,2,0.203774
case3,22,5300,3,0.191132
case3,22,5300,4,0.194151
case3,22,5300,5,0.207358
case3,22,5400,1,0.203889
case3,22,5400,2,0.205000
case3,22,5400,3,0.190556
case3,22,5400,4,0.192963
case3,22,5400,5,0.207593
case3,22,5500,1,0.202182
case3,22,5500,2,0.204727
case3,22,5500,3,0.192909
case3,22,5500,4,0.192545
case3,22,5500,5,0.207636
case3,22,5600,1,0.201607
case3,22,5600,2,0.204464
case3,22,5600,3,0.193393
case3,22,5600,4,0.193214
case3,22,5600,5,0.207321
case3,22,5700,1,0.201404
case3,22,5700,2,0.202982
case3,22,5700,3,0.193509
case3,22,5700,4,0.194912
case3,22,5700,5,0.207193
case3,22,5800,1,0.201207
case3,22,5800,2,0.203103
case3,22,5800,3,0.192759
case3,22,5800,4,0.196379
case3,22,5800,5,0.206552
case3,22,5900,1,0.200508
case3,22,5900,2,0.203559
case3,22,5900,3,0.193898
case3,22,5900,4,0.194915
case3,22,5900,5,0.207119
case3,22,6000,1,0.199833
case3,22,6000,2,0.204333
case3,22,6000,3,0.194333
case3,22,6000,4,0.195333
case3,22,6000,5,0.206167
case3,22,6100,1,0.199836
case3,22,6100,2,0.205246
case3,22,6100,3,0.193934
case3,22,6100,4,0.195574
case3,22,6100,5,0.205410
case3,22,6200,1,0.199677
case3,22,6200,2,0.205645
case3,22,6200,3,0.193710
case3,22,6200,4,0.195323
case3,22,6200,5,0.205645
case3,22,6300,1,0.199048
case3,22,6300,2,0.207302
case3,22,6300,3,0.194127
case3,22,6300,4,0.194444
case3,22,6300,5,0.205079
case3,22,6400,1,0.199687
case3,22,6400,2,0.205937
case3,22,6400,3,0.194219
case3,22,6400,4,0.194844
case3,22,6400,5,0.205313
case3,22,6500,1,0.200000
case3,22,6500,2,0.206462
case3,22,6500,3,0.194000
case3,22,6500,4,0.194769
case3,22,6500,5,0.204769
case3,22,6600,1,0.200000
case3,22,6600,2,0.206515
case3,22,6600,3,0.194545
case3,22,6600,4,0.194091
case3,22,6600,5,0.204848
case3,22,6700,1,0.199403
case3,22,6700,2,0.206716
case3,22,6700,3,0.194627
case3,22,6700,4,0.194030
case3,22,6700,5,0.205224
case3,22,6800,1,0.199706
case3,22,6800,2,0.206176
case3,22,6800,3,0.194853
case3,22,6800,4,0.193676
case3,22,6800,5,0.205588
case3,22,6900,1,0.199420
case3,22,6900,2,0.205507
case3,22,6900,3,0.195217
case3,22,6900,4,0.194348
case3,22,6900,5,0.205507
case3,22,7000,1,0.199143
case3,22,7000,2,0.205143
case3,22,7000,3,0.195000
case3,22,7000,4,0.194714
case3,22,7000,5,0.206000
case3,22,7100,1,0.198732
case3,22,7100,2,0.205211
case3,22,7100,3,0.195493
case3,22,7100,4,0.194366
case3,22,7100,5,0.206197
case3,22,7200,1,0.199167
case3,22,7200,2,0.204861
case3,22,7200,3,0.195417
case3,22,7200,4,0.194306
case3,22,7200,5,0.206250
case3,22,7300,1,0.199726
case3,22,7300,2,0.205205
case3,22,7300,3,0.195890
case3,22,7300,4,0.193973
case3,22,7300,5,0.205205
case3,22,7400,1,0.199324
case3,22,7400,2,0.206351
case3,22,7400,3,0.195676
case3,22,7400,4,0.193649
case3,22,7400,5,0.205000
case3,22,7500,1,0.198400
case3,22,7500,2,0.207067
case3,22,7500,3,0.195867
case3,22,7500,4,0.193733
case3,22,7500,5,0.204933
case3,22,7600,1,0.197763
case3,22,7600,2,0.206184
case3,22,7600,3,0.195789
case3,22,7600,4,0.194211
case3,22,7600,5,0.206053
case3,22,7700,1,0.197143
case3,22,7700,2,0.206364
case3,22,7700,3,0.195584
case3,22,7700,4,0.195065
case3,22,7700,5,0.205844
case3,22,7800,1,0.196923
case3,22,7800,2,0.205897
case3,22,7800,3,0.195128
case3,22,7800,4,0.195897
case3,22,7800,5,0.206154
case3,22,7900,1,0.197848
case3,22,7900,2,0.205823
case3,22,7900,3,0.194557
case3,22,7900,4,0.195949
case3,22,7900,5,0.205823
case3,22,8000,1,0.197625
case3,22,8000,2,0.205125
case3,22,8000,3,0.194875
case3,22,8000,4,0.196125
case3,22,8000,5,0.206250
case3,22,8100,1,0.198025
case3,22,8100,2,0.204938
case3,22,8100,3,0.194938
case3,22,8100,4,0.195926
case3,22,8100,5,0.206173
case3,22,8200,1,0.197683
case3,22,8200,2,0.205122
case3,22,8200,3,0.195244
case3,22,8200,4,0.196341
case3,22,8200,5,0.205610
case3,22,8300,1,0.197229
case3,22,8300,2,0.204940
case3,22,8300,3,0.195904
case3,22,8300,4,0.196747
case3,22,8300,5,0.205181
case3,22,8400,1,0.196667
case3,22,8400,2,0.205238
case3,22,8400,3,0.195714
case3,22,8400,4,0.197381
case3,22,8400,5,0.205000
case3,22,8500,1,0.196824
case3,22,8500,2,0.205412
case3,22,8500,3,0.195059
case3,22,8500,4,0.197529
case3,22,8500,5,0.205176
case3,22,8600,1,0.196977
case3,22,8600,2,0.205349
case3,22,8600,3,0.194884
case3,22,8600,4,0.197674
case3,22,8600,5,0.205116
case3,22,8700,1,0.196437
case3,22,8700,2,0.205747
case3,22,8700,3,0.194713
case3,22,8700,4,0.198161
case3,22,8700,5,0.204943
case3,22,8800,1,0.195795
case3,22,8800,2,0.206477
case3,22,8800,3,0.194659
case3,22,8800,4,0.198295
case3,22,8800,5,0.204773
case3,22,8900,1,0.194831
case3,22,8900,2,0.206292
case3,22,8900,3,0.195393
case3,22,8900,4,0.198539
case3,22,8900,5,0.204944
case3,22,9000,1,0.194889
case3,22,9000,2,0.206222
case3,22,9000,3,0.195333
case3,22,9000,4,0.198778
case3,22,9000,5,0.204778
case3,22,9100,1,0.194725
case3,22,9100,2,0.206044
case3,22,9100,3,0.195165
case3,22,9100,4,0.198352
case3,22,9100,5,0.205714
case3,22,9200,1,0.194457
case3,22,9200,2,0.205761
case3,22,9200,3,0.195978
case3,22,9200,4,0.198152
case3,22,9200,5,0.205652
case3,22,9300,1,0.194839
case3,22,9300,2,0.205591
case3,22,9300,3,0.195484
case3,22,9300,4,0.198602
case3,22,9300,5,0.205484
case3,22,9400,1,0.195213
case3,22,9400,2,0.206383
case3,22,9400,3,0.194574
case3,22,9400,4,0.198617
case3,22,9400,5,0.205213
case3,22,9500,1,0.195263
case3,22,9500,2,0.206526
case3,22,9500,3,0.194421
case3,22,9500,4,0.198421
case3,22,9500,5,0.205368
case3,22,9600,1,0.195104
case3,22,9600,2,0.206875
case3,22,9600,3,0.194479
case3,22,9600,4,0.198437
case3,22,9600,5,0.205104
case3,22,9700,1,0.195876
case3,22,9700,2,0.207216
case3,22,9700,3,0.194021
case3,22,9700,4,0.198247
case3,22,9700,5,0.204639
case3,22,9800,1,0.195918
case3,22,9800,2,0.207551
case3,22,9800,3,0.193878
case3,22,9800,4,0.197449
case3,22,9800,5,0.205204
case3,22,9900,1,0.196364
case3,22,9900,2,0.207778
case3,22,9900,3,0.193939
case3,22,9900,4,0.196768
case3,22,9900,5,0.205152
case3,22,10000,1,0.196400
case3,22,10000,2,0.207600
case3,22,10000,3,0.194100
case3,22,10000,4,0.197200
case3,22,10000,5,0.204700
case3,23,100,1,0.200000
case3,23,100,2,0.210000
case3,23,100,3,0.180000
case3,23,100,4,0.240000
case3,23,100,5,0.170000
case3,23,200,1,0.185000
case3,23,200,2,0.210000
case3,23,200,3,0.190000
case3,23,200,4,0.200000
case3,23,200,5,0.215000
case3,23,300,1,0.183333
case3,23,300,2,0.196667
case3,23,300,3,0.186667
case3,23,300,4,0.213333
case3,23,300,5,0.220000
case3,23,400,1,0.207500
case3,23,400,2,0.207500
case3,23,400,3,0.197500
case3,23,400,4,0.197500
case3,23,400,5,0.190000
case3,23,500,1,0.198000
case3,23,500,2,0.196000
case3,23,500,3,0.196000
case3,23,500,4,0.210000
case3,23,500,5,0.200000
case3,23,600,1,0.195000
case3,23,600,2,0.203333
case3,23,600,3,0.193333
case3,23,600,4,0.215000
case3,23,600,5,0.193333
case3,23,700,1,0.191429
case3,23,700,2,0.207143
case3,23,700,3,0.198571
case3,23,700,4,0.214286
case3,23,700,5,0.188571
case3,23,800,1,0.197500
case3,23,800,2,0.205000
case3,23,800,3,0.202500
case3,23,800,4,0.206250
case3,23,800,5,0.188750
case3,23,900,1,0.187778
case3,23,900,2,0.205556
case3,23,900,3,0.205556
case3,23,900,4,0.208889
case3,23,900,5,0.192222
case3,23,1000,1,0.195000
case3,23,1000,2,0.206000
case3,23,1000,3,0.202000
case3,23,1000,4,0.208000
case3,23,1000,5,0.189000
case3,23,1100,1,0.198182
case3,23,1100,2,0.202727
case3,23,1100,3,0.204545
case3,23,1100,4,0.205455
case3,23,1100,5,0.189091
case3,23,1200,1,0.196667
case3,23,1200,2,0.203333
case3,23,1200,3,0.207500
case3,23,1200,4,0.201667
case3,23,1200,5,0.190833
case3,23,1300,1,0.193077
case3,23,1300,2,0.206923
case3,23,1300,3,0.203846
case3,23,1300,4,0.200769
case3,23,1300,5,0.195385
case3,23,1400,1,0.189286
case3,23,1400,2,0.210000
case3,23,1400,3,0.204286
case3,23,1400,4,0.205000
case3,23,1400,5,0.191429
case3,23,1500,1,0.188000
case3,23,1500,2,0.213333
case3,23,1500,3,0.205333
case3,23,1500,4,0.206667
case3,23,1500,5,0.186667
case3,23,1600,1,0.182500
case3,23,1600,2,0.210625
case3,23,1600,3,0.207500
case3,23,1600,4,0.210000
case3,23,1600,5,0.189375
case3,23,1700,1,0.187059
case3,23,1700,2,0.209412
case3,23,1700,3,0.209412
case3,23,1700,4,0.205882
case3,23,1700,5,0.188235
case3,23,1800,1,0.191111
case3,23,1800,2,0.208889
case3,23,1800,3,0.207222
case3,23,1800,4,0.206667
case3,23,1800,5,0.186111
case3,23,1900,1,0.189474
case3,23,1900,2,0.204211
case3,23,1900,3,0.205789
case3,23,1900,4,0.209474
case3,23,1900,5,0.191053
case3,23,2000,1,0.189000
case3,23,2000,2,0.209500
case3,23,2000,3,0.204000
case3,23,2000,4,0.207500
case3,23,2000,5,0.190000
case3,23,2100,1,0.190476
case3,23,2100,2,0.211905
case3,23,2100,3,0.199524
case3,23,2100,4,0.207619
case3,23,2100,5,0.190476
case3,23,2200,1,0.188182
case3,23,2200,2,0.209091
case3,23,2200,3,0.202727
case3,23,2200,4,0.208182
case3,23,2200,5,0.191818
case3,23,2300,1,0.190870
case3,23,2300,2,0.206957
case3,23,2300,3,0.203043
case3,23,2300,4,0.206087
case3,23,2300,5,0.193043
case3,23,2400,1,0.192500
case3,23,2400,2,0.204167
case3,23,2400,3,0.202083
case3,23,2400,4,0.208750
case3,23,2400,5,0.192500
case3,23,2500,1,0.195200
case3,23,2500,2,0.203200
case3,23,2500,3,0.204400
case3,23,2500,4,0.208400
case3,23,2500,5,0.188800
case3,23,2600,1,0.192308
case3,23,2600,2,0.203077
case3,23,2600,3,0.204615
case3,23,2600,4,0.210000
case3,23,2600,5,0.190000
case3,23,2700,1,0.190741
case3,23,2700,2,0.202963
case3,23,2700,3,0.204444
case3,23,2700,4,0.210741
case3,23,2700,5,0.191111
case3,23,2800,1,0.192857
case3,23,2800,2,0.200000
case3,23,2800,3,0.202857
case3,23,2800,4,0.211786
case3,23,2800,5,0.192500
case3,23,2900,1,0.194828
case3,23,2900,2,0.200000
case3,23,2900,3,0.202759
case3,23,2900,4,0.212069
case3,23,2900,5,0.190345
case3,23,3000,1,0.194667
case3,23,3000,2,0.199000
case3,23,3000,3,0.203000
case3,23,3000,4,0.212667
case3,23,3000,5,0.190667
case3,23,3100,1,0.195484
case3,23,3100,2,0.200000
case3,23,3100,3,0.202258
case3,23,3100,4,0.210968
case3,23,3100,5,0.191290
case3,23,3200,1,0.197813
case3,23,3200,2,0.199063
case3,23,3200,3,0.200313
case3,23,3200,4,0.212188
case3,23,3200,5,0.190625
case3,23,3300,1,0.198182
case3,23,3300,2,0.200000
case3,23,3300,3,0.201212
case3,23,3300,4,0.210000
case3,23,3300,5,0.190606
case3,23,3400,1,0.198824
case3,23,3400,2,0.200294
case3,23,3400,3,0.202647
case3,23,3400,4,0.209118
case3,23,3400,5,0.189118
case3,23,3500,1,0.197429
case3,23,3500,2,0.200286
case3,23,3500,3,0.203714
case3,23,3500,4,0.209143
case3,23,3500,5,0.189429
case3,23,3600,1,0.197500
case3,23,3600,2,0.199167
case3,23,3600,3,0.203889
case3,23,3600,4,0.209444
case3,23,3600,5,0.190000
case3,23,3700,1,0.196216
case3,23,3700,2,0.200000
case3,23,3700,3,0.205946
case3,23,3700,4,0.207297
case3,23,3700,5,0.190541
case3,23,3800,1,0.196842
case3,23,3800,2,0.200526
case3,23,3800,3,0.205000
case3,23,3800,4,0.208684
case3,23,3800,5,0.188947
case3,23,3900,1,0.195385
case3,23,3900,2,0.201026
case3,23,3900,3,0.206410
case3,23,3900,4,0.208205
case3,23,3900,5,0.188974
case3,23,4000,1,0.196750
case3,23,4000,2,0.199750
case3,23,4000,3,0.205500
case3,23,4000,4,0.207250
case3,23,4000,5,0.190750
case3,23,4100,1,0.196341
case3,23,4100,2,0.198537
case3,23,4100,3,0.205854
case3,23,4100,4,0.208293
case3,23,4100,5,0.190976
case3,23,4200,1,0.195238
case3,23,4200,2,0.200238
case3,23,4200,3,0.204762
case3,23,4200,4,0.208095
case3,23,4200,5,0.191667
case3,23,4300,1,0.195349
case3,23,4300,2,0.199302
case3,23,4300,3,0.205581
case3,23,4300,4,0.207209
case3,23,4300,5,0.192558
case3,23,4400,1,0.194773
case3,23,4400,2,0.199318
case3,23,4400,3,0.207500
case3,23,4400,4,0.205909
case3,23,4400,5,0.192500
case3,23,4500,1,0.195111
case3,23,4500,2,0.199111
case3,23,4500,3,0.206667
case3,23,4500,4,0.205778
case3,23,4500,5,0.193333
case3,23,4600,1,0.197174
case3,23,4600,2,0.198261
case3,23,4600,3,0.205652
case3,23,4600,4,0.205435
case3,23,4600,5,0.193478
case3,23,4700,1,0.197872
case3,23,4700,2,0.198936
case3,23,4700,3,0.205532
case3,23,4700,4,0.205957
case3,23,4700,5,0.191702
case3,23,4800,1,0.197083
case3,23,4800,2,0.198750
case3,23,4800,3,0.206042
case3,23,4800,4,0.205625
case3,23,4800,5,0.192500
case3,23,4900,1,0.197959
case3,23,4900,2,0.198163
case3,23,4900,3,0.205714
case3,23,4900,4,0.206939
case3,23,4900,5,0.191224
case3,23,5000,1,0.198200
case3,23,5000,2,0.197800
case3,23,5000,3,0.205400
case3,23,5000,4,0.207800
case3,23,5000,5,0.190800
case3,23,5100,1,0.197451
case3,23,5100,2,0.198627
case3,23,5100,3,0.205294
case3,23,5100,4,0.207843
case3,23,5100,5,0.190784
case3,23,5200,1,0.196923
case3,23,5200,2,0.197885
case3,23,5200,3,0.205769
case3,23,5200,4,0.207885
case3,23,5200,5,0.191538
case3,23,5300,1,0.195849
case3,23,5300,2,0.196038
case3,23,5300,3,0.207358
case3,23,5300,4,0.208868
case3,23,5300,5,0.191887
case3,23,5400,1,0.196481
case3,23,5400,2,0.196852
case3,23,5400,3,0.207407
case3,23,5400,4,0.208148
case3,23,5400,5,0.191111
case3,23,5500,1,0.196182
case3,23,5500,2,0.197273
case3,23,5500,3,0.207455
case3,23,5500,4,0.208000
case3,23,5500,5,0.191091
case3,23,5600,1,0.197143
case3,23,5600,2,0.197679
case3,23,5600,3,0.207321
case3,23,5600,4,0.207321
case3,23,5600,5,0.190536
case3,23,5700,1,0.196316
case3,23,5700,2,0.197544
case3,23,5700,3,0.207544
case3,23,5700,4,0.207193
case3,23,5700,5,0.191404
case3,23,5800,1,0.195690
case3,23,5800,2,0.197069
case3,23,5800,3,0.208621
case3,23,5800,4,0.207241
case3,23,5800,5,0.191379
case3,23,5900,1,0.195254
case3,23,5900,2,0.197288
case3,23,5900,3,0.208475
case3,23,5900,4,0.207458
case3,23,5900,5,0.191525
case3,23,6000,1,0.195000
case3,23,6000,2,0.197833
case3,23,6000,3,0.207833
case3,23,6000,4,0.206833
case3,23,6000,5,0.192500
case3,23,6100,1,0.194098
case3,23,6100,2,0.197705
case3,23,6100,3,0.208525
case3,23,6100,4,0.206885
case3,23,6100,5,0.192787
case3,23,6200,1,0.195000
case3,23,6200,2,0.197258
case3,23,6200,3,0.208387
case3,23,6200,4,0.206129
case3,23,6200,5,0.193226
case3,23,6300,1,0.195079
case3,23,6300,2,0.195714
case3,23,6300,3,0.210476
case3,23,6300,4,0.205556
case3,23,6300,5,0.193175
case3,23,6400,1,0.195781
case3,23,6400,2,0.194688
case3,23,6400,3,0.210469
case3,23,6400,4,0.205156
case3,23,6400,5,0.193906
case3,23,6500,1,0.195692
case3,23,6500,2,0.195077
case3,23,6500,3,0.210154
case3,23,6500,4,0.205231
case3,23,6500,5,0.193846
case3,23,6600,1,0.196970
case3,23,6600,2,0.194091
case3,23,6600,3,0.209848
case3,23,6600,4,0.205303
case3,23,6600,5,0.193788
case3,23,6700,1,0.197313
case3,23,6700,2,0.194030
case3,23,6700,3,0.210597
case3,23,6700,4,0.204627
case3,23,6700,5,0.193433
case3,23,6800,1,0.196029
case3,23,6800,2,0.194559
case3,23,6800,3,0.210588
case3,23,6800,4,0.205882
case3,23,6800,5,0.192941
case3,23,6900,1,0.195652
case3,23,6900,2,0.194348
case3,23,6900,3,0.211014
case3,23,6900,4,0.205942
case3,23,6900,5,0.193043
case3,23,7000,1,0.195571
case3,23,7000,2,0.193571
case3,23,7000,3,0.211857
case3,23,7000,4,0.205143
case3,23,7000,5,0.193857
case3,23,7100,1,0.195493
case3,23,7100,2,0.194085
case3,23,7100,3,0.211127
case3,23,7100,4,0.205070
case3,23,7100,5,0.194225
case3,23,7200,1,0.194861
case3,23,7200,2,0.194306
case3,23,7200,3,0.211944
case3,23,7200,4,0.204722
case3,23,7200,5,0.194167
case3,23,7300,1,0.194932
case3,23,7300,2,0.193425
case3,23,7300,3,0.212192
case3,23,7300,4,0.203973
case3,23,7300,5,0.195479
case3,23,7400,1,0.195135
case3,23,7400,2,0.193514
case3,23,7400,3,0.211081
case3,23,7400,4,0.204595
case3,23,7400,5,0.195676
case3,23,7500,1,0.195333
case3,23,7500,2,0.193333
case3,23,7500,3,0.210533
case3,23,7500,4,0.204667
case3,23,7500,5,0.196133
case3,23,7600,1,0.195789
case3,23,7600,2,0.193289
case3,23,7600,3,0.210395
case3,23,7600,4,0.203816
case3,23,7600,5,0.196711
case3,23,7700,1,0.194675
case3,23,7700,2,0.193766
case3,23,7700,3,0.211688
case3,23,7700,4,0.203117
case3,23,7700,5,0.196753
case3,23,7800,1,0.194231
case3,23,7800,2,0.195385
case3,23,7800,3,0.212051
case3,23,7800,4,0.202436
case3,23,7800,5,0.195897
case3,23,7900,1,0.194557
case3,23,7900,2,0.195063
case3,23,7900,3,0.212405
case3,23,7900,4,0.202785
case3,23,7900,5,0.195190
case3,23,8000,1,0.195375
case3,23,8000,2,0.194875
case3,23,8000,3,0.212750
case3,23,8000,4,0.202750
case3,23,8000,5,0.194250
case3,23,8100,1,0.194691
case3,23,8100,2,0.196049
case3,23,8100,3,0.212222
case3,23,8100,4,0.203086
case3,23,8100,5,0.193951
case3,23,8200,1,0.195000
case3,23,8200,2,0.196098
case3,23,8200,3,0.212195
case3,23,8200,4,0.202805
case3,23,8200,5,0.193902
case3,23,8300,1,0.194699
case3,23,8300,2,0.196024
case3,23,8300,3,0.212169
case3,23,8300,4,0.203133
case3,23,8300,5,0.193976
case3,23,8400,1,0.194881
case3,23,8400,2,0.195952
case3,23,8400,3,0.212500
case3,23,8400,4,0.202738
case3,23,8400,5,0.193929
case3,23,8500,1,0.194588
case3,23,8500,2,0.196588
case3,23,8500,3,0.211765
case3,23,8500,4,0.203294
case3,23,8500,5,0.193765
case3,23,8600,1,0.194535
case3,23,8600,2,0.196512
case3,23,8600,3,0.211744
case3,23,8600,4,0.203372
case3,23,8600,5,0.193837
case3,23,8700,1,0.195172
case3,23,8700,2,0.196437
case3,23,8700,3,0.211379
case3,23,8700,4,0.202759
case3,23,8700,5,0.194253
case3,23,8800,1,0.196364
case3,23,8800,2,0.196250
case3,23,8800,3,0.210682
case3,23,8800,4,0.202500
case3,23,8800,5,0.194205
case3,23,8900,1,0.196629
case3,23,8900,2,0.196966
case3,23,8900,3,0.210337
case3,23,8900,4,0.201910
case3,23,8900,5,0.194157
case3,23,9000,1,0.195667
case3,23,9000,2,0.197000
case3,23,9000,3,0.210778
case3,23,9000,4,0.203000
case3,23,9000,5,0.193556
case3,23,9100,1,0.195714
case3,23,9100,2,0.196703
case3,23,9100,3,0.210989
case3,23,9100,4,0.202857
case3,23,9100,5,0.193736
case3,23,9200,1,0.195652
case3,23,9200,2,0.196413
case3,23,9200,3,0.210326
case3,23,9200,4,0.203261
case3,23,9200,5,0.194348
case3,23,9300,1,0.195591
case3,23,9300,2,0.196237
case3,23,9300,3,0.210323
case3,23,9300,4,0.202581
case3,23,9300,5,0.195269
case3,23,9400,1,0.195319
case3,23,9400,2,0.196064
case3,23,9400,3,0.210426
case3,23,9400,4,0.202660
case3,23,9400,5,0.195532
case3,23,9500,1,0.195895
case3,23,9500,2,0.196105
case3,23,9500,3,0.210526
case3,23,9500,4,0.201895
case3,23,9500,5,0.195579
case3,23,9600,1,0.196042
case3,23,9600,2,0.195625
case3,23,9600,3,0.209583
case3,23,9600,4,0.202917
case3,23,9600,5,0.195833
case3,23,9700,1,0.195979
case3,23,9700,2,0.195567
case3,23,9700,3,0.209175
case3,23,9700,4,0.203093
case3,23,9700,5,0.196186
case3,23,9800,1,0.196327
case3,23,9800,2,0.195612
case3,23,9800,3,0.208776
case3,23,9800,4,0.202551
case3,23,9800,5,0.196735
case3,23,9900,1,0.195859
case3,23,9900,2,0.196263
case3,23,9900,3,0.208283
case3,23,9900,4,0.202727
case3,23,9900,5,0.196869
case3,23,10000,1,0.196400
case3,23,10000,2,0.195800
case3,23,10000,3,0.207700
case3,23,10000,4,0.202900
case3,23,10000,5,0.197200
case3,24,100,1,0.170000
case3,24,100,2,0.160000
case3,24,100,3,0.220000
case3,24,100,4,0.220000
case3,24,100,5,0.230000
case3,24,200,1,0.130000
case3,24,200,2,0.175000
case3,24,200,3,0.285000
case3,24,200,4,0.205000
case3,24,200,5,0.205000
case3,24,300,1,0.133333
case3,24,300,2,0.190000
case3,24,300,3,0.256667
case3,24,300,4,0.226667
case3,24,300,5,0.193333
case3,24,400,1,0.152500
case3,24,400,2,0.187500
case3,24,400,3,0.255000
case3,24,400,4,0.227500
case3,24,400,5,0.177500
case3,24,500,1,0.158000
case3,24,500,2,0.182000
case3,24,500,3,0.254000
case3,24,500,4,0.218000
case3,24,500,5,0.188000
case3,24,600,1,0.163333
case3,24,600,2,0.185000
case3,24,600,3,0.241667
case3,24,600,4,0.220000
case3,24,600,5,0.190000
case3,24,700,1,0.170000
case3,24,700,2,0.194286
case3,24,700,3,0.240000
case3,24,700,4,0.212857
case3,24,700,5,0.182857
case3,24,800,1,0.173750
case3,24,800,2,0.198750
case3,24,800,3,0.235000
case3,24,800,4,0.206250
case3,24,800,5,0.186250
case3,24,900,1,0.183333
case3,24,900,2,0.201111
case3,24,900,3,0.234444
case3,24,900,4,0.200000
case3,24,900,5,0.181111
case3,24,1000,1,0.185000
case3,24,1000,2,0.205000
case3,24,1000,3,0.233000
case3,24,1000,4,0.199000
case3,24,1000,5,0.178000
case3,24,1100,1,0.187273
case3,24,1100,2,0.207273
case3,24,1100,3,0.224545
case3,24,1100,4,0.200000
case3,24,1100,5,0.180909
case3,24,1200,1,0.188333
case3,24,1200,2,0.204167
case3,24,1200,3,0.221667
case3,24,1200,4,0.200000
case3,24,1200,5,0.185833
case3,24,1300,1,0.191538
case3,24,1300,2,0.199231
case3,24,1300,3,0.217692
case3,24,1300,4,0.205385
case3,24,1300,5,0.186154
case3,24,1400,1,0.192857
case3,24,1400,2,0.202143
case3,24,1400,3,0.217143
case3,24,1400,4,0.200000
case3,24,1400,5,0.187857
case3,24,1500,1,0.194000
case3,24,1500,2,0.202667
case3,24,1500,3,0.216667
case3,24,1500,4,0.200667
case3,24,1500,5,0.186000
case3,24,1600,1,0.190625
case3,24,1600,2,0.203750
case3,24,1600,3,0.216250
case3,24,1600,4,0.202500
case3,24,1600,5,0.186875
case3,24,1700,1,0.190000
case3,24,1700,2,0.203529
case3,24,1700,3,0.217647
case3,24,1700,4,0.202353
case3,24,1700,5,0.186471
case3,24,1800,1,0.193333
case3,24,1800,2,0.199444
case3,24,1800,3,0.218889
case3,24,1800,4,0.203889
case3,24,1800,5,0.184444
case3,24,1900,1,0.195789
case3,24,1900,2,0.198947
case3,24,1900,3,0.220000
case3,24,1900,4,0.203684
case3,24,1900,5,0.181579
case3,24,2000,1,0.199000
case3,24,2000,2,0.199500
case3,24,2000,3,0.215000
case3,24,2000,4,0.204500
case3,24,2000,5,0.182000
case3,24,2100,1,0.197143
case3,24,2100,2,0.199524
case3,24,2100,3,0.213810
case3,24,2100,4,0.205238
case3,24,2100,5,0.184286
case3,24,2200,1,0.197727
case3,24,2200,2,0.197273
case3,24,2200,3,0.212727
case3,24,2200,4,0.208636
case3,24,2200,5,0.183636
case3,24,2300,1,0.199130
case3,24,2300,2,0.197826
case3,24,2300,3,0.210870
case3,24,2300,4,0.205652
case3,24,2300,5,0.186522
case3,24,2400,1,0.197083
case3,24,2400,2,0.196250
case3,24,2400,3,0.210417
case3,24,2400,4,0.207917
case3,24,2400,5,0.188333
case3,24,2500,1,0.199200
case3,24,2500,2,0.198400
case3,24,2500,3,0.208400
case3,24,2500,4,0.208000
case3,24,2500,5,0.186000
case3,24,2600,1,0.199231
case3,24,2600,2,0.197308
case3,24,2600,3,0.206154
case3,24,2600,4,0.210000
case3,24,2600,5,0.187308
case3,24,2700,1,0.198889
case3,24,2700,2,0.198889
case3,24,2700,3,0.206296
case3,24,2700,4,0.209630
case3,24,2700,5,0.186296
case3,24,2800,1,0.197500
case3,24,2800,2,0.198214
case3,24,2800,3,0.207500
case3,24,2800,4,0.209286
case3,24,2800,5,0.187500
case3,24,2900,1,0.197241
case3,24,2900,2,0.197931
case3,24,2900,3,0.206552
case3,24,2900,4,0.210345
case3,24,2900,5,0.187931
case3,24,3000,1,0.198000
case3,24,3000,2,0.197333
case3,24,3000,3,0.205667
case3,24,3000,4,0.209667
case3,24,3000,5,0.189333
case3,24,3100,1,0.198065
case3,24,3100,2,0.195161
case3,24,3100,3,0.205484
case3,24,3100,4,0.210000
case3,24,3100,5,0.191290
case3,24,3200,1,0.196250
case3,24,3200,2,0.197187
case3,24,3200,3,0.204687
case3,24,3200,4,0.210000
case3,24,3200,5,0.191875
case3,24,3300,1,0.194848
case3,24,3300,2,0.197576
case3,24,3300,3,0.204242
case3,24,3300,4,0.210606
case3,24,3300,5,0.192727
case3,24,3400,1,0.195588
case3,24,3400,2,0.197647
case3,24,3400,3,0.204118
case3,24,3400,4,0.209412
case3,24,3400,5,0.193235
case3,24,3500,1,0.196000
case3,24,3500,2,0.198857
case3,24,3500,3,0.203714
case3,24,3500,4,0.207429
case3,24,3500,5,0.194000
case3,24,3600,1,0.195278
case3,24,3600,2,0.199444
case3,24,3600,3,0.204722
case3,24,3600,4,0.207778
case3,24,3600,5,0.192778
case3,24,3700,1,0.195135
case3,24,3700,2,0.198649
case3,24,3700,3,0.204595
case3,24,3700,4,0.209459
case3,24,3700,5,0.192162
case3,24,3800,1,0.196053
case3,24,3800,2,0.199211
case3,24,3800,3,0.205526
case3,24,3800,4,0.207632
case3,24,3800,5,0.191579
case3,24,3900,1,0.197179
case3,24,3900,2,0.200769
case3,24,3900,3,0.205897
case3,24,3900,4,0.206923
case3,24,3900,5,0.189231
case3,24,4000,1,0.197250
case3,24,4000,2,0.201000
case3,24,4000,3,0.206750
case3,24,4000,4,0.205250
case3,24,4000,5,0.189750
case3,24,4100,1,0.196829
case3,24,4100,2,0.201220
case3,24,4100,3,0.206829
case3,24,4100,4,0.204634
case3,24,4100,5,0.190488
case3,24,4200,1,0.196905
case3,24,4200,2,0.201429
case3,24,4200,3,0.206905
case3,24,4200,4,0.204762
case3,24,4200,5,0.190000
case3,24,4300,1,0.195814
case3,24,4300,2,0.201860
case3,24,4300,3,0.206977
case3,24,4300,4,0.205581
case3,24,4300,5,0.189767
case3,24,4400,1,0.196364
case3,24,4400,2,0.202273
case3,24,4400,3,0.206591
case3,24,4400,4,0.204545
case3,24,4400,5,0.190227
case3,24,4500,1,0.196889
case3,24,4500,2,0.203333
case3,24,4500,3,0.205333
case3,24,4500,4,0.204000
case3,24,4500,5,0.190444
case3,24,4600,1,0.196304
case3,24,4600,2,0.204348
case3,24,4600,3,0.205217
case3,24,4600,4,0.204348
case3,24,4600,5,0.189783
case3,24,4700,1,0.195319
case3,24,4700,2,0.203830
case3,24,4700,3,0.205106
case3,24,4700,4,0.203617
case3,24,4700,5,0.192128
case3,24,4800,1,0.195625
case3,24,4800,2,0.203958
case3,24,4800,3,0.204792
case3,24,4800,4,0.202708
case3,24,4800,5,0.192917
case3,24,4900,1,0.195510
case3,24,4900,2,0.204082
case3,24,4900,3,0.205306
case3,24,4900,4,0.201837
case3,24,4900,5,0.193265
case3,24,5000,1,0.195800
case3,24,5000,2,0.203600
case3,24,5000,3,0.206600
case3,24,5000,4,0.201800
case3,24,5000,5,0.192200
case3,24,5100,1,0.196863
case3,24,5100,2,0.204314
case3,24,5100,3,0.205490
case3,24,5100,4,0.199804
case3,24,5100,5,0.193529
case3,24,5200,1,0.197115
case3,24,5200,2,0.204615
case3,24,5200,3,0.204423
case3,24,5200,4,0.200769
case3,24,5200,5,0.193077
case3,24,5300,1,0.196604
case3,24,5300,2,0.204906
case3,24,5300,3,0.204528
case3,24,5300,4,0.200377
case3,24,5300,5,0.193585
case3,24,5400,1,0.197222
case3,24,5400,2,0.204259
case3,24,5400,3,0.204444
case3,24,5400,4,0.200185
case3,24,5400,5,0.193889
case3,24,5500,1,0.197455
case3,24,5500,2,0.204000
case3,24,5500,3,0.203818
case3,24,5500,4,0.200364
case3,24,5500,5,0.194364
case3,24,5600,1,0.196429
case3,24,5600,2,0.204286
case3,24,5600,3,0.203929
case3,24,5600,4,0.200893
case3,24,5600,5,0.194464
case3,24,5700,1,0.196667
case3,24,5700,2,0.204737
case3,24,5700,3,0.204386
case3,24,5700,4,0.199825
case3,24,5700,5,0.194386
case3,24,5800,1,0.196552
case3,24,5800,2,0.204828
case3,24,5800,3,0.204483
case3,24,5800,4,0.199655
case3,24,5800,5,0.194483
case3,24,5900,1,0.196780
case3,24,5900,2,0.204237
case3,24,5900,3,0.204068
case3,24,5900,4,0.199322
case3,24,5900,5,0.195593
case3,24,6000,1,0.197000
case3,24,6000,2,0.203167
case3,24,6000,3,0.203333
case3,24,6000,4,0.201167
case3,24,6000,5,0.195333
case3,24,6100,1,0.196393
case3,24,6100,2,0.202459
case3,24,6100,3,0.205082
case3,24,6100,4,0.201148
case3,24,6100,5,0.194918
case3,24,6200,1,0.196290
case3,24,6200,2,0.203871
case3,24,6200,3,0.204194
case3,24,6200,4,0.200806
case3,24,6200,5,0.194839
case3,24,6300,1,0.197143
case3,24,6300,2,0.203968
case3,24,6300,3,0.203651
case3,24,6300,4,0.200635
case3,24,6300,5,0.194603
case3,24,6400,1,0.196875
case3,24,6400,2,0.203437
case3,24,6400,3,0.203594
case3,24,6400,4,0.200313
case3,24,6400,5,0.195781
case3,24,6500,1,0.196308
case3,24,6500,2,0.203846
case3,24,6500,3,0.204154
case3,24,6500,4,0.199538
case3,24,6500,5,0.196154
case3,24,6600,1,0.195758
case3,24,6600,2,0.204242
case3,24,6600,3,0.204394
case3,24,6600,4,0.199242
case3,24,6600,5,0.196364
case3,24,6700,1,0.195522
case3,24,6700,2,0.204478
case3,24,6700,3,0.204030
case3,24,6700,4,0.198955
case3,24,6700,5,0.197015
case3,24,6800,1,0.196324
case3,24,6800,2,0.203971
case3,24,6800,3,0.203676
case3,24,6800,4,0.198824
case3,24,6800,5,0.197206
case3,24,6900,1,0.195942
case3,24,6900,2,0.203478
case3,24,6900,3,0.204058
case3,24,6900,4,0.198696
case3,24,6900,5,0.197826
case3,24,7000,1,0.195429
case3,24,7000,2,0.204000
case3,24,7000,3,0.204429
case3,24,7000,4,0.197000
case3,24,7000,5,0.199143
case3,24,7100,1,0.195352
case3,24,7100,2,0.203380
case3,24,7100,3,0.203521
case3,24,7100,4,0.197606
case3,24,7100,5,0.200141
case3,24,7200,1,0.195972
case3,24,7200,2,0.203333
case3,24,7200,3,0.203056
case3,24,7200,4,0.197639
case3,24,7200,5,0.200000
case3,24,7300,1,0.195753
case3,24,7300,2,0.203425
case3,24,7300,3,0.203425
case3,24,7300,4,0.198219
case3,24,7300,5,0.199178
case3,24,7400,1,0.195676
case3,24,7400,2,0.202838
case3,24,7400,3,0.204189
case3,24,7400,4,0.198108
case3,24,7400,5,0.199189
case3,24,7500,1,0.196400
case3,24,7500,2,0.202933
case3,24,7500,3,0.203600
case3,24,7500,4,0.197733
case3,24,7500,5,0.199333
case3,24,7600,1,0.196184
case3,24,7600,2,0.202105
case3,24,7600,3,0.204079
case3,24,7600,4,0.197763
case3,24,7600,5,0.199868
case3,24,7700,1,0.195844
case3,24,7700,2,0.201818
case3,24,7700,3,0.204156
case3,24,7700,4,0.197532
case3,24,7700,5,0.200649
case3,24,7800,1,0.196154
case3,24,7800,2,0.202308
case3,24,7800,3,0.203462
case3,24,7800,4,0.197308
case3,24,7800,5,0.200769
case3,24,7900,1,0.196835
case3,24,7900,2,0.203038
case3,24,7900,3,0.203038
case3,24,7900,4,0.196582
case3,24,7900,5,0.200506
case3,24,8000,1,0.197875
case3,24,8000,2,0.202000
case3,24,8000,3,0.202750
case3,24,8000,4,0.195875
case3,24,8000,5,0.201500
case3,24,8100,1,0.197531
case3,24,8100,2,0.201852
case3,24,8100,3,0.202840
case3,24,8100,4,0.196667
case3,24,8100,5,0.201111
case3,24,8200,1,0.198049
case3,24,8200,2,0.201098
case3,24,8200,3,0.202683
case3,24,8200,4,0.197073
case3,24,8200,5,0.201098
case3,24,8300,1,0.198434
case3,24,8300,2,0.201446
case3,24,8300,3,0.202048
case3,24,8300,4,0.196747
case3,24,8300,5,0.201325
case3,24,8400,1,0.198452
case3,24,8400,2,0.201667
case3,24,8400,3,0.201429
case3,24,8400,4,0.196667
case3,24,8400,5,0.201786
case3,24,8500,1,0.198588
case3,24,8500,2,0.201882
case3,24,8500,3,0.201059
case3,24,8500,4,0.196706
case3,24,8500,5,0.201765
case3,24,8600,1,0.198953
case3,24,8600,2,0.201977
case3,24,8600,3,0.200233
case3,24,8600,4,0.196512
case3,24,8600,5,0.202326
case3,24,8700,1,0.198966
case3,24,8700,2,0.202414
case3,24,8700,3,0.200000
case3,24,8700,4,0.196437
case3,24,8700,5,0.202184
case3,24,8800,1,0.199205
case3,24,8800,2,0.202727
case3,24,8800,3,0.199773
case3,24,8800,4,0.195795
case3,24,8800,5,0.202500
case3,24,8900,1,0.198652
case3,24,8900,2,0.202472
case3,24,8900,3,0.200562
case3,24,8900,4,0.195843
case3,24,8900,5,0.202472
case3,24,9000,1,0.199222
case3,24,9000,2,0.202333
case3,24,9000,3,0.200222
case3,24,9000,4,0.196000
case3,24,9000,5,0.202222
case3,24,9100,1,0.198462
case3,24,9100,2,0.202637
case3,24,9100,3,0.200440
case3,24,9100,4,0.196374
case3,24,9100,5,0.202088
case3,24,9200,1,0.198804
case3,24,9200,2,0.202391
case3,24,9200,3,0.201196
case3,24,9200,4,0.195761
case3,24,9200,5,0.201848
case3,24,9300,1,0.198602
case3,24,9300,2,0.202258
case3,24,9300,3,0.201505
case3,24,9300,4,0.196022
case3,24,9300,5,0.201613
case3,24,9400,1,0.198511
case3,24,9400,2,0.201809
case3,24,9400,3,0.201064
case3,24,9400,4,0.196489
case3,24,9400,5,0.202128
case3,24,9500,1,0.197895
case3,24,9500,2,0.202211
case3,24,9500,3,0.201053
case3,24,9500,4,0.197158
case3,24,9500,5,0.201684
case3,24,9600,1,0.197708
case3,24,9600,2,0.201979
case3,24,9600,3,0.201458
case3,24,9600,4,0.197917
case3,24,9600,5,0.200937
case3,24,9700,1,0.197113
case3,24,9700,2,0.202577
case3,24,9700,3,0.201340
case3,24,9700,4,0.198144
case3,24,9700,5,0.200825
case3,24,9800,1,0.196837
case3,24,9800,2,0.202755
case3,24,9800,3,0.200714
case3,24,9800,4,0.198878
case3,24,9800,5,0.200816
case3,24,9900,1,0.196667
case3,24,9900,2,0.202525
case3,24,9900,3,0.201010
case3,24,9900,4,0.198788
case3,24,9900,5,0.201010
case3,24,10000,1,0.196300
case3,24,10000,2,0.203300
case3,24,10000,3,0.201100
case3,24,10000,4,0.198200
case3,24,10000,5,0.201100
case3,25,100,1,0.170000
case3,25,100,2,0.220000
case3,25,100,3,0.240000
case3,25,100,4,0.200000
case3,25,100,5,0.170000
case3,25,200,1,0.170000
case3,25,200,2,0.215000
case3,25,200,3,0.215000
case3,25,200,4,0.210000
case3,25,200,5,0.190000
case3,25,300,1,0.173333
case3,25,300,2,0.220000
case3,25,300,3,0.220000
case3,25,300,4,0.176667
case3,25,300,5,0.210000
case3,25,400,1,0.170000
case3,25,400,2,0.220000
case3,25,400,3,0.215000
case3,25,400,4,0.180000
case3,25,400,5,0.215000
case3,25,500,1,0.182000
case3,25,500,2,0.222000
case3,25,500,3,0.198000
case3,25,500,4,0.192000
case3,25,500,5,0.206000
case3,25,600,1,0.195000
case3,25,600,2,0.208333
case3,25,600,3,0.193333
case3,25,600,4,0.203333
case3,25,600,5,0.200000
case3,25,700,1,0.195714
case3,25,700,2,0.211429
case3,25,700,3,0.190000
case3,25,700,4,0.202857
case3,25,700,5,0.200000
case3,25,800,1,0.198750
case3,25,800,2,0.210000
case3,25,800,3,0.196250
case3,25,800,4,0.202500
case3,25,800,5,0.192500
case3,25,900,1,0.201111
case3,25,900,2,0.207778
case3,25,900,3,0.195556
case3,25,900,4,0.200000
case3,25,900,5,0.195556
case3,25,1000,1,0.198000
case3,25,1000,2,0.208000
case3,25,1000,3,0.202000
case3,25,1000,4,0.203000
case3,25,1000,5,0.189000
case3,25,1100,1,0.195455
case3,25,1100,2,0.208182
case3,25,1100,3,0.197273
case3,25,1100,4,0.209091
case3,25,1100,5,0.190000
case3,25,1200,1,0.191667
case3,25,1200,2,0.215000
case3,25,1200,3,0.198333
case3,25,1200,4,0.206667
case3,25,1200,5,0.188333
case3,25,1300,1,0.196154
case3,25,1300,2,0.210000
case3,25,1300,3,0.196923
case3,25,1300,4,0.206154
case3,25,1300,5,0.190769
case3,25,1400,1,0.195000
case3,25,1400,2,0.204286
case3,25,1400,3,0.203571
case3,25,1400,4,0.202143
case3,25,1400,5,0.195000
case3,25,1500,1,0.200000
case3,25,1500,2,0.202000
case3,25,1500,3,0.200667
case3,25,1500,4,0.204667
case3,25,1500,5,0.192667
case3,25,1600,1,0.201250
case3,25,1600,2,0.201875
case3,25,1600,3,0.207500
case3,25,1600,4,0.200000
case3,25,1600,5,0.189375
case3,25,1700,1,0.198824
case3,25,1700,2,0.201765
case3,25,1700,3,0.208824
case3,25,1700,4,0.200000
case3,25,1700,5,0.190588
case3,25,1800,1,0.197778
case3,25,1800,2,0.201111
case3,25,1800,3,0.211111
case3,25,1800,4,0.200000
case3,25,1800,5,0.190000
case3,25,1900,1,0.198947
case3,25,1900,2,0.198421
case3,25,1900,3,0.214211
case3,25,1900,4,0.197368
case3,25,1900,5,0.191053
case3,25,2000,1,0.200000
case3,25,2000,2,0.198000
case3,25,2000,3,0.212000
case3,25,2000,4,0.197000
case3,25,2000,5,0.193000
case3,25,2100,1,0.202381
case3,25,2100,2,0.199048
case3,25,2100,3,0.209524
case3,25,2100,4,0.194762
case3,25,2100,5,0.194286
case3,25,2200,1,0.206364
case3,25,2200,2,0.197273
case3,25,2200,3,0.207727
case3,25,2200,4,0.194545
case3,25,2200,5,0.194091
case3,25,2300,1,0.206087
case3,25,2300,2,0.197826
case3,25,2300,3,0.204348
case3,25,2300,4,0.197391
case3,25,2300,5,0.194348
case3,25,2400,1,0.205417
case3,25,2400,2,0.197500
case3,25,2400,3,0.202917
case3,25,2400,4,0.200000
case3,25,2400,5,0.194167
case3,25,2500,1,0.202000
case3,25,2500,2,0.203200
case3,25,2500,3,0.200400
case3,25,2500,4,0.198400
case3,25,2500,5,0.196000
case3,25,2600,1,0.201154
case3,25,2600,2,0.203077
case3,25,2600,3,0.200000
case3,25,2600,4,0.198846
case3,25,2600,5,0.196923
case3,25,2700,1,0.200000
case3,25,2700,2,0.202963
case3,25,2700,3,0.199630
case3,25,2700,4,0.201111
case3,25,2700,5,0.196296
case3,25,2800,1,0.200000
case3,25,2800,2,0.203929
case3,25,2800,3,0.200357
case3,25,2800,4,0.200000
case3,25,2800,5,0.195714
case3,25,2900,1,0.199310
case3,25,2900,2,0.203793
case3,25,2900,3,0.198621
case3,25,2900,4,0.200690
case3,25,2900,5,0.197586
case3,25,3000,1,0.199333
case3,25,3000,2,0.204667
case3,25,3000,3,0.199667
case3,25,3000,4,0.197667
case3,25,3000,5,0.198667
case3,25,3100,1,0.198065
case3,25,3100,2,0.205806
case3,25,3100,3,0.198710
case3,25,3100,4,0.198387
case3,25,3100,5,0.199032
case3,25,3200,1,0.197500
case3,25,3200,2,0.204375
case3,25,3200,3,0.198437
case3,25,3200,4,0.199375
case3,25,3200,5,0.200313
case3,25,3300,1,0.198485
case3,25,3300,2,0.205758
case3,25,3300,3,0.196061
case3,25,3300,4,0.198788
case3,25,3300,5,0.200909
case3,25,3400,1,0.197941
case3,25,3400,2,0.203529
case3,25,3400,3,0.197059
case3,25,3400,4,0.202059
case3,25,3400,5,0.199412
case3,25,3500,1,0.198286
case3,25,3500,2,0.205429
case3,25,3500,3,0.196286
case3,25,3500,4,0.200286
case3,25,3500,5,0.199714
case3,25,3600,1,0.198333
case3,25,3600,2,0.206111
case3,25,3600,3,0.195000
case3,25,3600,4,0.200556
case3,25,3600,5,0.200000
case3,25,3700,1,0.199189
case3,25,3700,2,0.205946
case3,25,3700,3,0.195946
case3,25,3700,4,0.198649
case3,25,3700,5,0.200270
case3,25,3800,1,0.200000
case3,25,3800,2,0.205263
case3,25,3800,3,0.195000
case3,25,3800,4,0.198947
case3,25,3800,5,0.200789
case3,25,3900,1,0.201795
case3,25,3900,2,0.204872
case3,25,3900,3,0.194103
case3,25,3900,4,0.199487
case3,25,3900,5,0.199744
case3,25,4000,1,0.202250
case3,25,4000,2,0.203000
case3,25,4000,3,0.196000
case3,25,4000,4,0.200750
case3,25,4000,5,0.198000
case3,25,4100,1,0.201951
case3,25,4100,2,0.204146
case3,25,4100,3,0.197073
case3,25,4100,4,0.198780
case3,25,4100,5,0.198049
case3,25,4200,1,0.202143
case3,25,4200,2,0.203095
case3,25,4200,3,0.196667
case3,25,4200,4,0.200000
case3,25,4200,5,0.198095
case3,25,4300,1,0.200930
case3,25,4300,2,0.203488
case3,25,4300,3,0.197209
case3,25,4300,4,0.199535
case3,25,4300,5,0.198837
case3,25,4400,1,0.203409
case3,25,4400,2,0.202273
case3,25,4400,3,0.198864
case3,25,4400,4,0.198409
case3,25,4400,5,0.197045
case3,25,4500,1,0.201778
case3,25,4500,2,0.202000
case3,25,4500,3,0.199111
case3,25,4500,4,0.200000
case3,25,4500,5,0.197111
case3,25,4600,1,0.202609
case3,25,4600,2,0.201739
case3,25,4600,3,0.199783
case3,25,4600,4,0.198913
case3,25,4600,5,0.196957
case3,25,4700,1,0.202128
case3,25,4700,2,0.202128
case3,25,4700,3,0.198511
case3,25,4700,4,0.198723
case3,25,4700,5,0.198511
case3,25,4800,1,0.201667
case3,25,4800,2,0.204167
case3,25,4800,3,0.197917
case3,25,4800,4,0.198333
case3,25,4800,5,0.197917
case3,25,4900,1,0.201837
case3,25,4900,2,0.204898
case3,25,4900,3,0.197959
case3,25,4900,4,0.198776
case3,25,4900,5,0.196531
case3,25,5000,1,0.200400
case3,25,5000,2,0.204600
case3,25,5000,3,0.198000
case3,25,5000,4,0.200200
case3,25,5000,5,0.196800
case3,25,5100,1,0.200784
case3,25,5100,2,0.204902
case3,25,5100,3,0.198235
case3,25,5100,4,0.200000
case3,25,5100,5,0.196078
case3,25,5200,1,0.200000
case3,25,5200,2,0.205385
case3,25,5200,3,0.199423
case3,25,5200,4,0.199615
case3,25,5200,5,0.195577
case3,25,5300,1,0.199811
case3,25,5300,2,0.206792
case3,25,5300,3,0.199057
case3,25,5300,4,0.199245
case3,25,5300,5,0.195094
case3,25,5400,1,0.200185
case3,25,5400,2,0.207222
case3,25,5400,3,0.198333
case3,25,5400,4,0.199259
case3,25,5400,5,0.195000
case3,25,5500,1,0.200000
case3,25,5500,2,0.206727
case3,25,5500,3,0.198182
case3,25,5500,4,0.199636
case3,25,5500,5,0.195455
case3,25,5600,1,0.201786
case3,25,5600,2,0.206607
case3,25,5600,3,0.198571
case3,25,5600,4,0.198929
case3,25,5600,5,0.194107
case3,25,5700,1,0.201053
case3,25,5700,2,0.207368
case3,25,5700,3,0.199298
case3,25,5700,4,0.198947
case3,25,5700,5,0.193333
case3,25,5800,1,0.202241
case3,25,5800,2,0.207069
case3,25,5800,3,0.198966
case3,25,5800,4,0.198103
case3,25,5800,5,0.193621
case3,25,5900,1,0.202373
case3,25,5900,2,0.206102
case3,25,5900,3,0.199322
case3,25,5900,4,0.198305
case3,25,5900,5,0.193898
case3,25,6000,1,0.202000
case3,25,6000,2,0.206500
case3,25,6000,3,0.199500
case3,25,6000,4,0.198500
case3,25,6000,5,0.193500
case3,25,6100,1,0.203279
case3,25,6100,2,0.205574
case3,25,6100,3,0.199344
case3,25,6100,4,0.199180
case3,25,6100,5,0.192623
case3,25,6200,1,0.203226
case3,25,6200,2,0.205323
case3,25,6200,3,0.200000
case3,25,6200,4,0.198871
case3,25,6200,5,0.192581
case3,25,6300,1,0.203492
case3,25,6300,2,0.206032
case3,25,6300,3,0.199048
case3,25,6300,4,0.199206
case3,25,6300,5,0.192222
case3,25,6400,1,0.203594
case3,25,6400,2,0.206875
case3,25,6400,3,0.199219
case3,25,6400,4,0.198281
case3,25,6400,5,0.192031
case3,25,6500,1,0.203846
case3,25,6500,2,0.206462
case3,25,6500,3,0.199385
case3,25,6500,4,0.198154
case3,25,6500,5,0.192154
case3,25,6600,1,0.203485
case3,25,6600,2,0.206667
case3,25,6600,3,0.198939
case3,25,6600,4,0.198030
case3,25,6600,5,0.192879
case3,25,6700,1,0.203284
case3,25,6700,2,0.205821
case3,25,6700,3,0.199104
case3,25,6700,4,0.198507
case3,25,6700,5,0.193284
case3,25,6800,1,0.202941
case3,25,6800,2,0.205882
case3,25,6800,3,0.199412
case3,25,6800,4,0.199412
case3,25,6800,5,0.192353
case3,25,6900,1,0.203478
case3,25,6900,2,0.206812
case3,25,6900,3,0.199275
case3,25,6900,4,0.199130
case3,25,6900,5,0.191304
case3,25,7000,1,0.203714
case3,25,7000,2,0.206857
case3,25,7000,3,0.199286
case3,25,7000,4,0.199286
case3,25,7000,5,0.190857
case3,25,7100,1,0.203239
case3,25,7100,2,0.206620
case3,25,7100,3,0.199296
case3,25,7100,4,0.199014
case3,25,7100,5,0.191831
case3,25,7200,1,0.203194
case3,25,7200,2,0.206528
case3,25,7200,3,0.199444
case3,25,7200,4,0.198333
case3,25,7200,5,0.192500
case3,25,7300,1,0.203288
case3,25,7300,2,0.206164
case3,25,7300,3,0.199452
case3,25,7300,4,0.199041
case3,25,7300,5,0.192055
case3,25,7400,1,0.202838
case3,25,7400,2,0.206892
case3,25,7400,3,0.199324
case3,25,7400,4,0.198514
case3,25,7400,5,0.192432
case3,25,7500,1,0.203200
case3,25,7500,2,0.206400
case3,25,7500,3,0.199333
case3,25,7500,4,0.198533
case3,25,7500,5,0.192533
case3,25,7600,1,0.202368
case3,25,7600,2,0.205526
case3,25,7600,3,0.198947
case3,25,7600,4,0.199342
case3,25,7600,5,0.193816
case3,25,7700,1,0.202338
case3,25,7700,2,0.205065
case3,25,7700,3,0.199221
case3,25,7700,4,0.200000
case3,25,7700,5,0.193377
case3,25,7800,1,0.201410
case3,25,7800,2,0.205641
case3,25,7800,3,0.200128
case3,25,7800,4,0.199872
case3,25,7800,5,0.192949
case3,25,7900,1,0.201899
case3,25,7900,2,0.205443
case3,25,7900,3,0.200253
case3,25,7900,4,0.199494
case3,25,7900,5,0.192911
case3,25,8000,1,0.201875
case3,25,8000,2,0.205000
case3,25,8000,3,0.200250
case3,25,8000,4,0.200375
case3,25,8000,5,0.192500
case3,25,8100,1,0.202099
case3,25,8100,2,0.204691
case3,25,8100,3,0.200988
case3,25,8100,4,0.199877
case3,25,8100,5,0.192346
case3,25,8200,1,0.201707
case3,25,8200,2,0.204634
case3,25,8200,3,0.200854
case3,25,8200,4,0.200000
case3,25,8200,5,0.192805
case3,25,8300,1,0.201566
case3,25,8300,2,0.204337
case3,25,8300,3,0.201205
case3,25,8300,4,0.199277
case3,25,8300,5,0.193614
case3,25,8400,1,0.202143
case3,25,8400,2,0.203929
case3,25,8400,3,0.201548
case3,25,8400,4,0.198929
case3,25,8400,5,0.193452
case3,25,8500,1,0.201882
case3,25,8500,2,0.204824
case3,25,8500,3,0.201647
case3,25,8500,4,0.198824
case3,25,8500,5,0.192824
case3,25,8600,1,0.201395
case3,25,8600,2,0.204651
case3,25,8600,3,0.201628
case3,25,8600,4,0.199186
case3,25,8600,5,0.193140
case3,25,8700,1,0.201149
case3,25,8700,2,0.203908
case3,25,8700,3,0.202069
case3,25,8700,4,0.199195
case3,25,8700,5,0.193678
case3,25,8800,1,0.201023
case3,25,8800,2,0.203295
case3,25,8800,3,0.201705
case3,25,8800,4,0.199205
case3,25,8800,5,0.194773
case3,25,8900,1,0.200112
case3,25,8900,2,0.203258
case3,25,8900,3,0.201461
case3,25,8900,4,0.200337
case3,25,8900,5,0.194831
case3,25,9000,1,0.199556
case3,25,9000,2,0.202889
case3,25,9000,3,0.201556
case3,25,9000,4,0.200000
case3,25,9000,5,0.196000
case3,25,9100,1,0.199121
case3,25,9100,2,0.203626
case3,25,9100,3,0.201538
case3,25,9100,4,0.200000
case3,25,9100,5,0.195714
case3,25,9200,1,0.199457
case3,25,9200,2,0.204348
case3,25,9200,3,0.200870
case3,25,9200,4,0.199891
case3,25,9200,5,0.195435
case3,25,9300,1,0.199355
case3,25,9300,2,0.204086
case3,25,9300,3,0.200753
case3,25,9300,4,0.200430
case3,25,9300,5,0.195376
case3,25,9400,1,0.199894
case3,25,9400,2,0.203830
case3,25,9400,3,0.200426
case3,25,9400,4,0.200851
case3,25,9400,5,0.195000
case3,25,9500,1,0.200000
case3,25,9500,2,0.203789
case3,25,9500,3,0.200737
case3,25,9500,4,0.200947
case3,25,9500,5,0.194526
case3,25,9600,1,0.200313
case3,25,9600,2,0.203333
case3,25,9600,3,0.200625
case3,25,9600,4,0.201042
case3,25,9600,5,0.194688
case3,25,9700,1,0.200825
case3,25,9700,2,0.203711
case3,25,9700,3,0.200103
case3,25,9700,4,0.200825
case3,25,9700,5,0.194536
case3,25,9800,1,0.201224
case3,25,9800,2,0.204184
case3,25,9800,3,0.199694
case3,25,9800,4,0.200306
case3,25,9800,5,0.194592
case3,25,9900,1,0.200909
case3,25,9900,2,0.204444
case3,25,9900,3,0.199899
case3,25,9900,4,0.199697
case3,25,9900,5,0.195051
case3,25,10000,1,0.200800
case3,25,10000,2,0.204200
case3,25,10000,3,0.199800
case3,25,10000,4,0.199900
case3,25,10000,5,0.195300
case3,26,100,1,0.210000
case3,26,100,2,0.170000
case3,26,100,3,0.210000
case3,26,100,4,0.220000
case3,26,100,5,0.190000
case3,26,200,1,0.190000
case3,26,200,2,0.175000
case3,26,200,3,0.255000
case3,26,200,4,0.195000
case3,26,200,5,0.185000
case3,26,300,1,0.196667
case3,26,300,2,0.206667
case3,26,300,3,0.233333
case3,26,300,4,0.196667
case3,26,300,5,0.166667
case3,26,400,1,0.180000
case3,26,400,2,0.215000
case3,26,400,3,0.232500
case3,26,400,4,0.202500
case3,26,400,5,0.170000
case3,26,500,1,0.194000
case3,26,500,2,0.226000
case3,26,500,3,0.224000
case3,26,500,4,0.188000
case3,26,500,5,0.168000
case3,26,600,1,0.193333
case3,26,600,2,0.223333
case3,26,600,3,0.231667
case3,26,600,4,0.178333
case3,26,600,5,0.173333
case3,26,700,1,0.205714
case3,26,700,2,0.212857
case3,26,700,3,0.231429
case3,26,700,4,0.172857
case3,26,700,5,0.177143
case3,26,800,1,0.203750
case3,26,800,2,0.216250
case3,26,800,3,0.223750
case3,26,800,4,0.173750
case3,26,800,5,0.182500
case3,26,900,1,0.201111
case3,26,900,2,0.222222
case3,26,900,3,0.216667
case3,26,900,4,0.176667
case3,26,900,5,0.183333
case3,26,1000,1,0.214000
case3,26,1000,2,0.220000
case3,26,1000,3,0.207000
case3,26,1000,4,0.183000
case3,26,1000,5,0.176000
case3,26,1100,1,0.212727
case3,26,1100,2,0.215455
case3,26,1100,3,0.204545
case3,26,1100,4,0.189091
case3,26,1100,5,0.178182
case3,26,1200,1,0.210833
case3,26,1200,2,0.219167
case3,26,1200,3,0.199167
case3,26,1200,4,0.189167
case3,26,1200,5,0.181667
case3,26,1300,1,0.210769
case3,26,1300,2,0.223077
case3,26,1300,3,0.196923
case3,26,1300,4,0.190000
case3,26,1300,5,0.179231
case3,26,1400,1,0.212857
case3,26,1400,2,0.222857
case3,26,1400,3,0.195000
case3,26,1400,4,0.188571
case3,26,1400,5,0.180714
case3,26,1500,1,0.211333
case3,26,1500,2,0.219333
case3,26,1500,3,0.194667
case3,26,1500,4,0.191333
case3,26,1500,5,0.183333
case3,26,1600,1,0.212500
case3,26,1600,2,0.216875
case3,26,1600,3,0.193750
case3,26,1600,4,0.192500
case3,26,1600,5,0.184375
case3,26,1700,1,0.211765
case3,26,1700,2,0.214118
case3,26,1700,3,0.192941
case3,26,1700,4,0.192353
case3,26,1700,5,0.188824
case3,26,1800,1,0.211111
case3,26,1800,2,0.216111
case3,26,1800,3,0.191111
case3,26,1800,4,0.191667
case3,26,1800,5,0.190000
case3,26,1900,1,0.205263
case3,26,1900,2,0.216842
case3,26,1900,3,0.192632
case3,26,1900,4,0.189474
case3,26,1900,5,0.195789
case3,26,2000,1,0.204500
case3,26,2000,2,0.220500
case3,26,2000,3,0.188000
case3,26,2000,4,0.190000
case3,26,2000,5,0.197000
case3,26,2100,1,0.205714
case3,26,2100,2,0.217143
case3,26,2100,3,0.188571
case3,26,2100,4,0.190000
case3,26,2100,5,0.198571
case3,26,2200,1,0.201818
case3,26,2200,2,0.217273
case3,26,2200,3,0.191818
case3,26,2200,4,0.191818
case3,26,2200,5,0.197273
case3,26,2300,1,0.201739
case3,26,2300,2,0.215217
case3,26,2300,3,0.192174
case3,26,2300,4,0.193043
case3,26,2300,5,0.197826
case3,26,2400,1,0.202083
case3,26,2400,2,0.213333
case3,26,2400,3,0.190417
case3,26,2400,4,0.194167
case3,26,2400,5,0.200000
case3,26,2500,1,0.202000
case3,26,2500,2,0.214000
case3,26,2500,3,0.187600
case3,26,2500,4,0.198000
case3,26,2500,5,0.198400
case3,26,2600,1,0.200385
case3,26,2600,2,0.211923
case3,26,2600,3,0.192308
case3,26,2600,4,0.196538
case3,26,2600,5,0.198846
case3,26,2700,1,0.200370
case3,26,2700,2,0.207407
case3,26,2700,3,0.195926
case3,26,2700,4,0.195556
case3,26,2700,5,0.200741
case3,26,2800,1,0.200000
case3,26,2800,2,0.206071
case3,26,2800,3,0.196429
case3,26,2800,4,0.193929
case3,26,2800,5,0.203571
case3,26,2900,1,0.197586
case3,26,2900,2,0.207241
case3,26,2900,3,0.197586
case3,26,2900,4,0.194828
case3,26,2900,5,0.202759
case3,26,3000,1,0.196000
case3,26,3000,2,0.210000
case3,26,3000,3,0.196667
case3,26,3000,4,0.193000
case3,26,3000,5,0.204333
case3,26,3100,1,0.197419
case3,26,3100,2,0.206452
case3,26,3100,3,0.196452
case3,26,3100,4,0.193871
case3,26,3100,5,0.205806
case3,26,3200,1,0.197813
case3,26,3200,2,0.206250
case3,26,3200,3,0.195625
case3,26,3200,4,0.194375
case3,26,3200,5,0.205937
case3,26,3300,1,0.196667
case3,26,3300,2,0.206061
case3,26,3300,3,0.195758
case3,26,3300,4,0.195455
case3,26,3300,5,0.206061
case3,26,3400,1,0.199118
case3,26,3400,2,0.204118
case3,26,3400,3,0.195000
case3,26,3400,4,0.197059
case3,26,3400,5,0.204706
case3,26,3500,1,0.198857
case3,26,3500,2,0.206000
case3,26,3500,3,0.194000
case3,26,3500,4,0.196571
case3,26,3500,5,0.204571
case3,26,3600,1,0.199167
case3,26,3600,2,0.203889
case3,26,3600,3,0.193611
case3,26,3600,4,0.196389
case3,26,3600,5,0.206944
case3,26,3700,1,0.197838
case3,26,3700,2,0.205135
case3,26,3700,3,0.193784
case3,26,3700,4,0.195946
case3,26,3700,5,0.207297
case3,26,3800,1,0.198947
case3,26,3800,2,0.203684
case3,26,3800,3,0.193947
case3,26,3800,4,0.196842
case3,26,3800,5,0.206579
case3,26,3900,1,0.199744
case3,26,3900,2,0.204872
case3,26,3900,3,0.192821
case3,26,3900,4,0.197179
case3,26,3900,5,0.205385
case3,26,4000,1,0.198500
case3,26,4000,2,0.204750
case3,26,4000,3,0.193250
case3,26,4000,4,0.197000
case3,26,4000,5,0.206500
case3,26,4100,1,0.198537
case3,26,4100,2,0.203659
case3,26,4100,3,0.193415
case3,26,4100,4,0.197073
case3,26,4100,5,0.207317
case3,26,4200,1,0.197857
case3,26,4200,2,0.204286
case3,26,4200,3,0.194286
case3,26,4200,4,0.196667
case3,26,4200,5,0.206905
case3,26,4300,1,0.197907
case3,26,4300,2,0.202791
case3,26,4300,3,0.194884
case3,26,4300,4,0.197209
case3,26,4300,5,0.207209
case3,26,4400,1,0.198182
case3,26,4400,2,0.201136
case3,26,4400,3,0.195227
case3,26,4400,4,0.197955
case3,26,4400,5,0.207500
case3,26,4500,1,0.197333
case3,26,4500,2,0.200444
case3,26,4500,3,0.196222
case3,26,4500,4,0.198667
case3,26,4500,5,0.207333
case3,26,4600,1,0.197174
case3,26,4600,2,0.199565
case3,26,4600,3,0.197391
case3,26,4600,4,0.198043
case3,26,4600,5,0.207826
case3,26,4700,1,0.198511
case3,26,4700,2,0.198723
case3,26,4700,3,0.198298
case3,26,4700,4,0.197447
case3,26,4700,5,0.207021
case3,26,4800,1,0.197500
case3,26,4800,2,0.199583
case3,26,4800,3,0.198333
case3,26,4800,4,0.197917
case3,26,4800,5,0.206667
case3,26,4900,1,0.195918
case3,26,4900,2,0.200612
case3,26,4900,3,0.197551
case3,26,4900,4,0.198776
case3,26,4900,5,0.207143
case3,26,5000,1,0.195600
case3,26,5000,2,0.199600
case3,26,5000,3,0.197200
case3,26,5000,4,0.199400
case3,26,5000,5,0.208200
case3,26,5100,1,0.196275
case3,26,5100,2,0.198824
case3,26,5100,3,0.197647
case3,26,5100,4,0.199412
case3,26,5100,5,0.207843
case3,26,5200,1,0.195385
case3,26,5200,2,0.197885
case3,26,5200,3,0.198654
case3,26,5200,4,0.199231
case3,26,5200,5,0.208846
case3,26,5300,1,0.196038
case3,26,5300,2,0.197358
case3,26,5300,3,0.198491
case3,26,5300,4,0.198491
case3,26,5300,5,0.209623
case3,26,5400,1,0.196296
case3,26,5400,2,0.196667
case3,26,5400,3,0.198519
case3,26,5400,4,0.197407
case3,26,5400,5,0.211111
case3,26,5500,1,0.197273
case3,26,5500,2,0.197455
case3,26,5500,3,0.198545
case3,26,5500,4,0.196364
case3,26,5500,5,0.210364
case3,26,5600,1,0.197500
case3,26,5600,2,0.196964
case3,26,5600,3,0.198214
case3,26,5600,4,0.196786
case3,26,5600,5,0.210536
case3,26,5700,1,0.195965
case3,26,5700,2,0.198596
case3,26,5700,3,0.197895
case3,26,5700,4,0.197193
case3,26,5700,5,0.210351
case3,26,5800,1,0.195517
case3,26,5800,2,0.198276
case3,26,5800,3,0.197759
case3,26,5800,4,0.197069
case3,26,5800,5,0.211379
case3,26,5900,1,0.195932
case3,26,5900,2,0.197627
case3,26,5900,3,0.197797
case3,26,5900,4,0.197458
case3,26,5900,5,0.211186
case3,26,6000,1,0.196667
case3,26,6000,2,0.197667
case3,26,6000,3,0.197500
case3,26,6000,4,0.198000
case3,26,6000,5,0.210167
case3,26,6100,1,0.196885
case3,26,6100,2,0.197377
case3,26,6100,3,0.197541
case3,26,6100,4,0.197869
case3,26,6100,5,0.210328
case3,26,6200,1,0.196452
case3,26,6200,2,0.197581
case3,26,6200,3,0.196935
case3,26,6200,4,0.197581
case3,26,6200,5,0.211452
case3,26,6300,1,0.195397
case3,26,6300,2,0.197937
case3,26,6300,3,0.197460
case3,26,6300,4,0.198889
case3,26,6300,5,0.210317
case3,26,6400,1,0.195312
case3,26,6400,2,0.198125
case3,26,6400,3,0.198125
case3,26,6400,4,0.198125
case3,26,6400,5,0.210313
case3,26,6500,1,0.195692
case3,26,6500,2,0.198923
case3,26,6500,3,0.197077
case3,26,6500,4,0.198462
case3,26,6500,5,0.209846
case3,26,6600,1,0.195303
case3,26,6600,2,0.199091
case3,26,6600,3,0.197121
case3,26,6600,4,0.198788
case3,26,6600,5,0.209697
case3,26,6700,1,0.195821
case3,26,6700,2,0.199701
case3,26,6700,3,0.197313
case3,26,6700,4,0.198657
case3,26,6700,5,0.208507
case3,26,6800,1,0.196618
case3,26,6800,2,0.199853
case3,26,6800,3,0.197059
case3,26,6800,4,0.198676
case3,26,6800,5,0.207794
case3,26,6900,1,0.196087
case3,26,6900,2,0.201014
case3,26,6900,3,0.196087
case3,26,6900,4,0.199710
case3,26,6900,5,0.207101
case3,26,7000,1,0.196429
case3,26,7000,2,0.200000
case3,26,7000,3,0.196286
case3,26,7000,4,0.199286
case3,26,7000,5,0.208000
case3,26,7100,1,0.196338
case3,26,7100,2,0.199859
case3,26,7100,3,0.196056
case3,26,7100,4,0.199014
case3,26,7100,5,0.208732
case3,26,7200,1,0.196944
case3,26,7200,2,0.200417
case3,26,7200,3,0.195278
case3,26,7200,4,0.198472
case3,26,7200,5,0.208889
case3,26,7300,1,0.196438
case3,26,7300,2,0.200137
case3,26,7300,3,0.196301
case3,26,7300,4,0.199041
case3,26,7300,5,0.208082
case3,26,7400,1,0.195811
case3,26,7400,2,0.199324
case3,26,7400,3,0.197162
case3,26,7400,4,0.198919
case3,26,7400,5,0.208784
case3,26,7500,1,0.196133
case3,26,7500,2,0.198667
case3,26,7500,3,0.196800
case3,26,7500,4,0.198800
case3,26,7500,5,0.209600
case3,26,7600,1,0.196316
case3,26,7600,2,0.198289
case3,26,7600,3,0.196447
case3,26,7600,4,0.199474
case3,26,7600,5,0.209474
case3,26,7700,1,0.196104
case3,26,7700,2,0.198052
case3,26,7700,3,0.197143
case3,26,7700,4,0.200130
case3,26,7700,5,0.208571
case3,26,7800,1,0.195256
case3,26,7800,2,0.198333
case3,26,7800,3,0.198333
case3,26,7800,4,0.199872
case3,26,7800,5,0.208205
case3,26,7900,1,0.195063
case3,26,7900,2,0.199494
case3,26,7900,3,0.197595
case3,26,7900,4,0.200253
case3,26,7900,5,0.207595
case3,26,8000,1,0.195250
case3,26,8000,2,0.199500
case3,26,8000,3,0.197375
case3,26,8000,4,0.200125
case3,26,8000,5,0.207750
case3,26,8100,1,0.196790
case3,26,8100,2,0.198519
case3,26,8100,3,0.197778
case3,26,8100,4,0.199753
case3,26,8100,5,0.207160
case3,26,8200,1,0.197195
case3,26,8200,2,0.197561
case3,26,8200,3,0.198293
case3,26,8200,4,0.199146
case3,26,8200,5,0.207805
case3,26,8300,1,0.196867
case3,26,8300,2,0.197108
case3,26,8300,3,0.198434
case3,26,8300,4,0.199518
case3,26,8300,5,0.208072
case3,26,8400,1,0.196786
case3,26,8400,2,0.197381
case3,26,8400,3,0.198571
case3,26,8400,4,0.199167
case3,26,8400,5,0.208095
case3,26,8500,1,0.196824
case3,26,8500,2,0.197647
case3,26,8500,3,0.198706
case3,26,8500,4,0.199765
case3,26,8500,5,0.207059
case3,26,8600,1,0.196860
case3,26,8600,2,0.197674
case3,26,8600,3,0.198605
case3,26,8600,4,0.198953
case3,26,8600,5,0.207907
case3,26,8700,1,0.196552
case3,26,8700,2,0.198276
case3,26,8700,3,0.198161
case3,26,8700,4,0.199310
case3,26,8700,5,0.207701
case3,26,8800,1,0.196932
case3,26,8800,2,0.198182
case3,26,8800,3,0.198523
case3,26,8800,4,0.199205
case3,26,8800,5,0.207159
case3,26,8900,1,0.196629
case3,26,8900,2,0.197640
case3,26,8900,3,0.199101
case3,26,8900,4,0.198989
case3,26,8900,5,0.207640
case3,26,9000,1,0.197444
case3,26,9000,2,0.197444
case3,26,9000,3,0.199000
case3,26,9000,4,0.198556
case3,26,9000,5,0.207556
case3,26,9100,1,0.196923
case3,26,9100,2,0.197802
case3,26,9100,3,0.198791
case3,26,9100,4,0.199011
case3,26,9100,5,0.207473
case3,26,9200,1,0.197283
case3,26,9200,2,0.197065
case3,26,9200,3,0.198913
case3,26,9200,4,0.198587
case3,26,9200,5,0.208152
case3,26,9300,1,0.196989
case3,26,9300,2,0.196667
case3,26,9300,3,0.198495
case3,26,9300,4,0.198925
case3,26,9300,5,0.208925
case3,26,9400,1,0.196702
case3,26,9400,2,0.196170
case3,26,9400,3,0.197872
case3,26,9400,4,0.199574
case3,26,9400,5,0.209681
case3,26,9500,1,0.197158
case3,26,9500,2,0.195368
case3,26,9500,3,0.197368
case3,26,9500,4,0.200526
case3,26,9500,5,0.209579
case3,26,9600,1,0.196979
case3,26,9600,2,0.195625
case3,26,9600,3,0.197187
case3,26,9600,4,0.200625
case3,26,9600,5,0.209583
case3,26,9700,1,0.197113
case3,26,9700,2,0.195567
case3,26,9700,3,0.196598
case3,26,9700,4,0.200722
case3,26,9700,5,0.210000
case3,26,9800,1,0.197245
case3,26,9800,2,0.195714
case3,26,9800,3,0.196327
case3,26,9800,4,0.200714
case3,26,9800,5,0.210000
case3,26,9900,1,0.197273
case3,26,9900,2,0.196162
case3,26,9900,3,0.196768
case3,26,9900,4,0.200505
case3,26,9900,5,0.209293
case3,26,10000,1,0.197200
case3,26,10000,2,0.196000
case3,26,10000,3,0.197200
case3,26,10000,4,0.200000
case3,26,10000,5,0.209600
case3,27,100,1,0.180000
case3,27,100,2,0.230000
case3,27,100,3,0.220000
case3,27,100,4,0.110000
case3,27,100,5,0.260000
case3,27,200,1,0.220000
case3,27,200,2,0.180000
case3,27,200,3,0.230000
case3,27,200,4,0.150000
case3,27,200,5,0.220000
case3,27,300,1,0.223333
case3,27,300,2,0.196667
case3,27,300,3,0.236667
case3,27,300,4,0.130000
case3,27,300,5,0.213333
case3,27,400,1,0.222500
case3,27,400,2,0.200000
case3,27,400,3,0.237500
case3,27,400,4,0.125000
case3,27,400,5,0.215000
case3,27,500,1,0.236000
case3,27,500,2,0.190000
case3,27,500,3,0.234000
case3,27,500,4,0.140000
case3,27,500,5,0.200000
case3,27,600,1,0.230000
case3,27,600,2,0.186667
case3,27,600,3,0.233333
case3,27,600,4,0.158333
case3,27,600,5,0.191667
case3,27,700,1,0.227143
case3,27,700,2,0.187143
case3,27,700,3,0.224286
case3,27,700,4,0.170000
case3,27,700,5,0.191429
case3,27,800,1,0.221250
case3,27,800,2,0.180000
case3,27,800,3,0.228750
case3,27,800,4,0.180000
case3,27,800,5,0.190000
case3,27,900,1,0.215556
case3,27,900,2,0.182222
case3,27,900,3,0.226667
case3,27,900,4,0.178889
case3,27,900,5,0.196667
case3,27,1000,1,0.214000
case3,27,1000,2,0.189000
case3,27,1000,3,0.231000
case3,27,1000,4,0.174000
case3,27,1000,5,0.192000
case3,27,1100,1,0.204545
case3,27,1100,2,0.200909
case3,27,1100,3,0.223636
case3,27,1100,4,0.178182
case3,27,1100,5,0.192727
case3,27,1200,1,0.206667
case3,27,1200,2,0.201667
case3,27,1200,3,0.222500
case3,27,1200,4,0.180000
case3,27,1200,5,0.189167
case3,27,1300,1,0.203077
case3,27,1300,2,0.199231
case3,27,1300,3,0.220000
case3,27,1300,4,0.185385
case3,27,1300,5,0.192308
case3,27,1400,1,0.207143
case3,27,1400,2,0.200000
case3,27,1400,3,0.214286
case3,27,1400,4,0.182857
case3,27,1400,5,0.195714
case3,27,1500,1,0.204667
case3,27,1500,2,0.196667
case3,27,1500,3,0.214667
case3,27,1500,4,0.184667
case3,27,1500,5,0.199333
case3,27,1600,1,0.208750
case3,27,1600,2,0.196875
case3,27,1600,3,0.208125
case3,27,1600,4,0.183750
case3,27,1600,5,0.202500
case3,27,1700,1,0.204706
case3,27,1700,2,0.196471
case3,27,1700,3,0.210588
case3,27,1700,4,0.185882
case3,27,1700,5,0.202353
case3,27,1800,1,0.204444
case3,27,1800,2,0.198889
case3,27,1800,3,0.207222
case3,27,1800,4,0.189444
case3,27,1800,5,0.200000
case3,27,1900,1,0.201053
case3,27,1900,2,0.202105
case3,27,1900,3,0.208421
case3,27,1900,4,0.188421
case3,27,1900,5,0.200000
case3,27,2000,1,0.196500
case3,27,2000,2,0.206000
case3,27,2000,3,0.207000
case3,27,2000,4,0.192000
case3,27,2000,5,0.198500
case3,27,2100,1,0.194286
case3,27,2100,2,0.206667
case3,27,2100,3,0.206190
case3,27,2100,4,0.196190
case3,27,2100,5,0.196667
case3,27,2200,1,0.195000
case3,27,2200,2,0.204091
case3,27,2200,3,0.206818
case3,27,2200,4,0.197273
case3,27,2200,5,0.196818
case3,27,2300,1,0.196087
case3,27,2300,2,0.204783
case3,27,2300,3,0.203478
case3,27,2300,4,0.196957
case3,27,2300,5,0.198696
case3,27,2400,1,0.194167
case3,27,2400,2,0.205833
case3,27,2400,3,0.205000
case3,27,2400,4,0.194583
case3,27,2400,5,0.200417
case3,27,2500,1,0.194400
case3,27,2500,2,0.206400
case3,27,2500,3,0.203600
case3,27,2500,4,0.194800
case3,27,2500,5,0.200800
case3,27,2600,1,0.195385
case3,27,2600,2,0.206154
case3,27,2600,3,0.201923
case3,27,2600,4,0.195385
case3,27,2600,5,0.201154
case3,27,2700,1,0.194074
case3,27,2700,2,0.208148
case3,27,2700,3,0.199630
case3,27,2700,4,0.197037
case3,27,2700,5,0.201111
case3,27,2800,1,0.197143
case3,27,2800,2,0.206786
case3,27,2800,3,0.197857
case3,27,2800,4,0.198929
case3,27,2800,5,0.199286
case3,27,2900,1,0.197931
case3,27,2900,2,0.205862
case3,27,2900,3,0.199655
case3,27,2900,4,0.198276
case3,27,2900,5,0.198276
case3,27,3000,1,0.196667
case3,27,3000,2,0.205667
case3,27,3000,3,0.200000
case3,27,3000,4,0.198000
case3,27,3000,5,0.199667
case3,27,3100,1,0.195806
case3,27,3100,2,0.203871
case3,27,3100,3,0.201935
case3,27,3100,4,0.198387
case3,27,3100,5,0.200000
case3,27,3200,1,0.196250
case3,27,3200,2,0.202187
case3,27,3200,3,0.203125
case3,27,3200,4,0.199063
case3,27,3200,5,0.199375
case3,27,3300,1,0.195152
case3,27,3300,2,0.203636
case3,27,3300,3,0.203939
case3,27,3300,4,0.198182
case3,27,3300,5,0.199091
case3,27,3400,1,0.195000
case3,27,3400,2,0.203529
case3,27,3400,3,0.202647
case3,27,3400,4,0.198529
case3,27,3400,5,0.200294
case3,27,3500,1,0.196857
case3,27,3500,2,0.202857
case3,27,3500,3,0.203714
case3,27,3500,4,0.198286
case3,27,3500,5,0.198286
case3,27,3600,1,0.196111
case3,27,3600,2,0.204444
case3,27,3600,3,0.202778
case3,27,3600,4,0.197778
case3,27,3600,5,0.198889
case3,27,3700,1,0.197027
case3,27,3700,2,0.204054
case3,27,3700,3,0.201081
case3,27,3700,4,0.198919
case3,27,3700,5,0.198919
case3,27,3800,1,0.198421
case3,27,3800,2,0.203947
case3,27,3800,3,0.200526
case3,27,3800,4,0.199737
case3,27,3800,5,0.197368
case3,27,3900,1,0.199487
case3,27,3900,2,0.202821
case3,27,3900,3,0.202564
case3,27,3900,4,0.198205
case3,27,3900,5,0.196923
case3,27,4000,1,0.199250
case3,27,4000,2,0.203500
case3,27,4000,3,0.202500
case3,27,4000,4,0.196750
case3,27,4000,5,0.198000
case3,27,4100,1,0.199268
case3,27,4100,2,0.204878
case3,27,4100,3,0.200488
case3,27,4100,4,0.198537
case3,27,4100,5,0.196829
case3,27,4200,1,0.200714
case3,27,4200,2,0.204048
case3,27,4200,3,0.199048
case3,27,4200,4,0.199048
case3,27,4200,5,0.197143
case3,27,4300,1,0.199767
case3,27,4300,2,0.204651
case3,27,4300,3,0.198605
case3,27,4300,4,0.200698
case3,27,4300,5,0.196279
case3,27,4400,1,0.200000
case3,27,4400,2,0.203409
case3,27,4400,3,0.198409
case3,27,4400,4,0.201136
case3,27,4400,5,0.197045
case3,27,4500,1,0.199778
case3,27,4500,2,0.203556
case3,27,4500,3,0.197778
case3,27,4500,4,0.201778
case3,27,4500,5,0.197111
case3,27,4600,1,0.198913
case3,27,4600,2,0.203913
case3,27,4600,3,0.197391
case3,27,4600,4,0.202391
case3,27,4600,5,0.197391
case3,27,4700,1,0.197872
case3,27,4700,2,0.205106
case3,27,4700,3,0.196809
case3,27,4700,4,0.202128
case3,27,4700,5,0.198085
case3,27,4800,1,0.198333
case3,27,4800,2,0.205000
case3,27,4800,3,0.196458
case3,27,4800,4,0.201458
case3,27,4800,5,0.198750
case3,27,4900,1,0.197143
case3,27,4900,2,0.204898
case3,27,4900,3,0.197143
case3,27,4900,4,0.201633
case3,27,4900,5,0.199184
case3,27,5000,1,0.196000
case3,27,5000,2,0.205200
case3,27,5000,3,0.198000
case3,27,5000,4,0.201400
case3,27,5000,5,0.199400
case3,27,5100,1,0.195490
case3,27,5100,2,0.205294
case3,27,5100,3,0.198627
case3,27,5100,4,0.202353
case3,27,5100,5,0.198235
case3,27,5200,1,0.195000
case3,27,5200,2,0.204038
case3,27,5200,3,0.199808
case3,27,5200,4,0.203846
case3,27,5200,5,0.197308
case3,27,5300,1,0.195283
case3,27,5300,2,0.205660
case3,27,5300,3,0.200377
case3,27,5300,4,0.201887
case3,27,5300,5,0.196792
case3,27,5400,1,0.195000
case3,27,5400,2,0.205741
case3,27,5400,3,0.200185
case3,27,5400,4,0.201852
case3,27,5400,5,0.197222
case3,27,5500,1,0.194545
case3,27,5500,2,0.206364
case3,27,5500,3,0.199273
case3,27,5500,4,0.201818
case3,27,5500,5,0.198000
case3,27,5600,1,0.195357
case3,27,5600,2,0.206071
case3,27,5600,3,0.200714
case3,27,5600,4,0.200714
case3,27,5600,5,0.197143
case3,27,5700,1,0.196140
case3,27,5700,2,0.205439
case3,27,5700,3,0.201579
case3,27,5700,4,0.201228
case3,27,5700,5,0.195614
case3,27,5800,1,0.197069
case3,27,5800,2,0.205000
case3,27,5800,3,0.202586
case3,27,5800,4,0.200690
case3,27,5800,5,0.194655
case3,27,5900,1,0.196780
case3,27,5900,2,0.205254
case3,27,5900,3,0.201864
case3,27,5900,4,0.201864
case3,27,5900,5,0.194237
case3,27,6000,1,0.196000
case3,27,6000,2,0.205500
case3,27,6000,3,0.201333
case3,27,6000,4,0.202167
case3,27,6000,5,0.195000
case3,27,6100,1,0.195082
case3,27,6100,2,0.205410
case3,27,6100,3,0.201967
case3,27,6100,4,0.201967
case3,27,6100,5,0.195574
case3,27,6200,1,0.195484
case3,27,6200,2,0.205000
case3,27,6200,3,0.201613
case3,27,6200,4,0.201613
case3,27,6200,5,0.196290
case3,27,6300,1,0.194921
case3,27,6300,2,0.205079
case3,27,6300,3,0.202063
case3,27,6300,4,0.202381
case3,27,6300,5,0.195556
case3,27,6400,1,0.195312
case3,27,6400,2,0.204063
case3,27,6400,3,0.201875
case3,27,6400,4,0.203594
case3,27,6400,5,0.195156
case3,27,6500,1,0.195231
case3,27,6500,2,0.203692
case3,27,6500,3,0.202769
case3,27,6500,4,0.203385
case3,27,6500,5,0.194923
case3,27,6600,1,0.194848
case3,27,6600,2,0.203636
case3,27,6600,3,0.203333
case3,27,6600,4,0.203788
case3,27,6600,5,0.194394
case3,27,6700,1,0.195373
case3,27,6700,2,0.203433
case3,27,6700,3,0.204179
case3,27,6700,4,0.202985
case3,27,6700,5,0.194030
case3,27,6800,1,0.195147
case3,27,6800,2,0.204118
case3,27,6800,3,0.204412
case3,27,6800,4,0.202647
case3,27,6800,5,0.193676
case3,27,6900,1,0.196957
case3,27,6900,2,0.203333
case3,27,6900,3,0.203623
case3,27,6900,4,0.203768
case3,27,6900,5,0.192319
case3,27,7000,1,0.196714
case3,27,7000,2,0.202857
case3,27,7000,3,0.204857
case3,27,7000,4,0.203571
case3,27,7000,5,0.192000
case3,27,7100,1,0.196620
case3,27,7100,2,0.202676
case3,27,7100,3,0.205352
case3,27,7100,4,0.203944
case3,27,7100,5,0.191408
case3,27,7200,1,0.196250
case3,27,7200,2,0.203611
case3,27,7200,3,0.205139
case3,27,7200,4,0.203611
case3,27,7200,5,0.191389
case3,27,7300,1,0.195753
case3,27,7300,2,0.203699
case3,27,7300,3,0.205205
case3,27,7300,4,0.203973
case3,27,7300,5,0.191370
case3,27,7400,1,0.196081
case3,27,7400,2,0.203784
case3,27,7400,3,0.205676
case3,27,7400,4,0.203649
case3,27,7400,5,0.190811
case3,27,7500,1,0.195600
case3,27,7500,2,0.203733
case3,27,7500,3,0.206000
case3,27,7500,4,0.203333
case3,27,7500,5,0.191333
case3,27,7600,1,0.195395
case3,27,7600,2,0.203684
case3,27,7600,3,0.205921
case3,27,7600,4,0.202895
case3,27,7600,5,0.192105
case3,27,7700,1,0.195974
case3,27,7700,2,0.203506
case3,27,7700,3,0.205974
case3,27,7700,4,0.202727
case3,27,7700,5,0.191818
case3,27,7800,1,0.195769
case3,27,7800,2,0.202949
case3,27,7800,3,0.205513
case3,27,7800,4,0.203205
case3,27,7800,5,0.192564
case3,27,7900,1,0.196203
case3,27,7900,2,0.202405
case3,27,7900,3,0.204937
case3,27,7900,4,0.203038
case3,27,7900,5,0.193418
case3,27,8000,1,0.196875
case3,27,8000,2,0.202000
case3,27,8000,3,0.204875
case3,27,8000,4,0.203000
case3,27,8000,5,0.193250
case3,27,8100,1,0.196420
case3,27,8100,2,0.201852
case3,27,8100,3,0.205679
case3,27,8100,4,0.202469
case3,27,8100,5,0.193580
case3,27,8200,1,0.196220
case3,27,8200,2,0.200976
case3,27,8200,3,0.206220
case3,27,8200,4,0.203049
case3,27,8200,5,0.193537
case3,27,8300,1,0.196506
case3,27,8300,2,0.201205
case3,27,8300,3,0.206386
case3,27,8300,4,0.203133
case3,27,8300,5,0.192771
case3,27,8400,1,0.197024
case3,27,8400,2,0.200833
case3,27,8400,3,0.206667
case3,27,8400,4,0.203214
case3,27,8400,5,0.192262
case3,27,8500,1,0.197176
case3,27,8500,2,0.200588
case3,27,8500,3,0.206353
case3,27,8500,4,0.202353
case3,27,8500,5,0.193529
case3,27,8600,1,0.196744
case3,27,8600,2,0.200465
case3,27,8600,3,0.207093
case3,27,8600,4,0.202209
case3,27,8600,5,0.193488
case3,27,8700,1,0.196667
case3,27,8700,2,0.200460
case3,27,8700,3,0.207356
case3,27,8700,4,0.201954
case3,27,8700,5,0.193563
case3,27,8800,1,0.196136
case3,27,8800,2,0.200795
case3,27,8800,3,0.207500
case3,27,8800,4,0.202614
case3,27,8800,5,0.192955
case3,27,8900,1,0.196742
case3,27,8900,2,0.200000
case3,27,8900,3,0.207528
case3,27,8900,4,0.201910
case3,27,8900,5,0.193820
case3,27,9000,1,0.196889
case3,27,9000,2,0.199889
case3,27,9000,3,0.207000
case3,27,9000,4,0.202778
case3,27,9000,5,0.193444
case3,27,9100,1,0.197473
case3,27,9100,2,0.200110
case3,27,9100,3,0.207253
case3,27,9100,4,0.201978
case3,27,9100,5,0.193187
case3,27,9200,1,0.197391
case3,27,9200,2,0.200326
case3,27,9200,3,0.206304
case3,27,9200,4,0.202283
case3,27,9200,5,0.193696
case3,27,9300,1,0.197419
case3,27,9300,2,0.200323
case3,27,9300,3,0.206237
case3,27,9300,4,0.202151
case3,27,9300,5,0.193871
case3,27,9400,1,0.197766
case3,27,9400,2,0.200426
case3,27,9400,3,0.206277
case3,27,9400,4,0.201915
case3,27,9400,5,0.193617
case3,27,9500,1,0.197789
case3,27,9500,2,0.200947
case3,27,9500,3,0.206421
case3,27,9500,4,0.200947
case3,27,9500,5,0.193895
case3,27,9600,1,0.197917
case3,27,9600,2,0.200521
case3,27,9600,3,0.206354
case3,27,9600,4,0.201146
case3,27,9600,5,0.194062
case3,27,9700,1,0.197526
case3,27,9700,2,0.200309
case3,27,9700,3,0.206186
case3,27,9700,4,0.201753
case3,27,9700,5,0.194227
case3,27,9800,1,0.197551
case3,27,9800,2,0.200102
case3,27,9800,3,0.206531
case3,27,9800,4,0.201224
case3,27,9800,5,0.194592
case3,27,9900,1,0.198081
case3,27,9900,2,0.199899
case3,27,9900,3,0.206465
case3,27,9900,4,0.200909
case3,27,9900,5,0.194646
case3,27,10000,1,0.197600
case3,27,10000,2,0.200600
case3,27,10000,3,0.206100
case3,27,10000,4,0.200500
case3,27,10000,5,0.195200
case3,28,100,1,0.190000
case3,28,100,2,0.200000
case3,28,100,3,0.200000
case3,28,100,4,0.240000
case3,28,100,5,0.170000
case3,28,200,1,0.165000
case3,28,200,2,0.205000
case3,28,200,3,0.215000
case3,28,200,4,0.205000
case3,28,200,5,0.210000
case3,28,300,1,0.163333
case3,28,300,2,0.203333
case3,28,300,3,0.203333
case3,28,300,4,0.230000
case3,28,300,5,0.200000
case3,28,400,1,0.177500
case3,28,400,2,0.205000
case3,28,400,3,0.202500
case3,28,400,4,0.220000
case3,28,400,5,0.195000
case3,28,500,1,0.192000
case3,28,500,2,0.212000
case3,28,500,3,0.188000
case3,28,500,4,0.210000
case3,28,500,5,0.198000
case3,28,600,1,0.196667
case3,28,600,2,0.215000
case3,28,600,3,0.188333
case3,28,600,4,0.203333
case3,28,600,5,0.196667
case3,28,700,1,0.197143
case3,28,700,2,0.217143
case3,28,700,3,0.184286
case3,28,700,4,0.204286
case3,28,700,5,0.197143
case3,28,800,1,0.190000
case3,28,800,2,0.212500
case3,28,800,3,0.183750
case3,28,800,4,0.206250
case3,28,800,5,0.207500
case3,28,900,1,0.191111
case3,28,900,2,0.217778
case3,28,900,3,0.184444
case3,28,900,4,0.207778
case3,28,900,5,0.198889
case3,28,1000,1,0.202000
case3,28,1000,2,0.211000
case3,28,1000,3,0.184000
case3,28,1000,4,0.207000
case3,28,1000,5,0.196000
case3,28,1100,1,0.200909
case3,28,1100,2,0.210909
case3,28,1100,3,0.183636
case3,28,1100,4,0.204545
case3,28,1100,5,0.200000
case3,28,1200,1,0.200000
case3,28,1200,2,0.213333
case3,28,1200,3,0.183333
case3,28,1200,4,0.203333
case3,28,1200,5,0.200000
case3,28,1300,1,0.196154
case3,28,1300,2,0.213846
case3,28,1300,3,0.186923
case3,28,1300,4,0.205385
case3,28,1300,5,0.197692
case3,28,1400,1,0.197857
case3,28,1400,2,0.212857
case3,28,1400,3,0.187143
case3,28,1400,4,0.203571
case3,28,1400,5,0.198571
case3,28,1500,1,0.196667
case3,28,1500,2,0.214000
case3,28,1500,3,0.186000
case3,28,1500,4,0.204000
case3,28,1500,5,0.199333
case3,28,1600,1,0.197500
case3,28,1600,2,0.213125
case3,28,1600,3,0.181875
case3,28,1600,4,0.203750
case3,28,1600,5,0.203750
case3,28,1700,1,0.198824
case3,28,1700,2,0.212353
case3,28,1700,3,0.183529
case3,28,1700,4,0.205882
case3,28,1700,5,0.199412
case3,28,1800,1,0.198889
case3,28,1800,2,0.211111
case3,28,1800,3,0.180000
case3,28,1800,4,0.210556
case3,28,1800,5,0.199444
case3,28,1900,1,0.203158
case3,28,1900,2,0.208947
case3,28,1900,3,0.178947
case3,28,1900,4,0.212105
case3,28,1900,5,0.196842
case3,28,2000,1,0.202500
case3,28,2000,2,0.205500
case3,28,2000,3,0.182000
case3,28,2000,4,0.213000
case3,28,2000,5,0.197000
case3,28,2100,1,0.204286
case3,28,2100,2,0.208571
case3,28,2100,3,0.178571
case3,28,2100,4,0.212381
case3,28,2100,5,0.196190
case3,28,2200,1,0.204545
case3,28,2200,2,0.207273
case3,28,2200,3,0.178182
case3,28,2200,4,0.214091
case3,28,2200,5,0.195909
case3,28,2300,1,0.203478
case3,28,2300,2,0.206957
case3,28,2300,3,0.179565
case3,28,2300,4,0.215652
case3,28,2300,5,0.194348
case3,28,2400,1,0.202500
case3,28,2400,2,0.207500
case3,28,2400,3,0.184167
case3,28,2400,4,0.212500
case3,28,2400,5,0.193333
case3,28,2500,1,0.200800
case3,28,2500,2,0.210000
case3,28,2500,3,0.184000
case3,28,2500,4,0.212000
case3,28,2500,5,0.193200
case3,28,2600,1,0.203077
case3,28,2600,2,0.208077
case3,28,2600,3,0.183462
case3,28,2600,4,0.211923
case3,28,2600,5,0.193462
case3,28,2700,1,0.201481
case3,28,2700,2,0.207037
case3,28,2700,3,0.185556
case3,28,2700,4,0.212222
case3,28,2700,5,0.193704
case3,28,2800,1,0.203214
case3,28,2800,2,0.207500
case3,28,2800,3,0.186071
case3,28,2800,4,0.211071
case3,28,2800,5,0.192143
case3,28,2900,1,0.202414
case3,28,2900,2,0.208966
case3,28,2900,3,0.186897
case3,28,2900,4,0.210345
case3,28,2900,5,0.191379
case3,28,3000,1,0.202667
case3,28,3000,2,0.209667
case3,28,3000,3,0.189000
case3,28,3000,4,0.209000
case3,28,3000,5,0.189667
case3,28,3100,1,0.202258
case3,28,3100,2,0.210968
case3,28,3100,3,0.188710
case3,28,3100,4,0.208710
case3,28,3100,5,0.189355
case3,28,3200,1,0.200000
case3,28,3200,2,0.211875
case3,28,3200,3,0.187812
case3,28,3200,4,0.208125
case3,28,3200,5,0.192188
case3,28,3300,1,0.201212
case3,28,3300,2,0.209091
case3,28,3300,3,0.188485
case3,28,3300,4,0.207879
case3,28,3300,5,0.193333
case3,28,3400,1,0.201471
case3,28,3400,2,0.207647
case3,28,3400,3,0.187647
case3,28,3400,4,0.209412
case3,28,3400,5,0.193824
case3,28,3500,1,0.202286
case3,28,3500,2,0.207714
case3,28,3500,3,0.186571
case3,28,3500,4,0.210000
case3,28,3500,5,0.193429
case3,28,3600,1,0.201667
case3,28,3600,2,0.208333
case3,28,3600,3,0.185278
case3,28,3600,4,0.209444
case3,28,3600,5,0.195278
case3,28,3700,1,0.202432
case3,28,3700,2,0.208378
case3,28,3700,3,0.185946
case3,28,3700,4,0.209189
case3,28,3700,5,0.194054
case3,28,3800,1,0.203947
case3,28,3800,2,0.207368
case3,28,3800,3,0.186316
case3,28,3800,4,0.207895
case3,28,3800,5,0.194474
case3,28,3900,1,0.204103
case3,28,3900,2,0.208718
case3,28,3900,3,0.184615
case3,28,3900,4,0.208205
case3,28,3900,5,0.194359
case3,28,4000,1,0.203750
case3,28,4000,2,0.208750
case3,28,4000,3,0.184750
case3,28,4000,4,0.207250
case3,28,4000,5,0.195500
case3,28,4100,1,0.203415
case3,28,4100,2,0.208537
case3,28,4100,3,0.186585
case3,28,4100,4,0.206341
case3,28,4100,5,0.195122
case3,28,4200,1,0.204762
case3,28,4200,2,0.208810
case3,28,4200,3,0.186905
case3,28,4200,4,0.205952
case3,28,4200,5,0.193571
case3,28,4300,1,0.204651
case3,28,4300,2,0.208140
case3,28,4300,3,0.186744
case3,28,4300,4,0.206279
case3,28,4300,5,0.194186
case3,28,4400,1,0.206136
case3,28,4400,2,0.208864
case3,28,4400,3,0.185909
case3,28,4400,4,0.205227
case3,28,4400,5,0.193864
case3,28,4500,1,0.206000
case3,28,4500,2,0.208222
case3,28,4500,3,0.186222
case3,28,4500,4,0.205333
case3,28,4500,5,0.194222
case3,28,4600,1,0.205870
case3,28,4600,2,0.206957
case3,28,4600,3,0.187609
case3,28,4600,4,0.205217
case3,28,4600,5,0.194348
case3,28,4700,1,0.206809
case3,28,4700,2,0.205957
case3,28,4700,3,0.187447
case3,28,4700,4,0.206383
case3,28,4700,5,0.193404
case3,28,4800,1,0.206458
case3,28,4800,2,0.206458
case3,28,4800,3,0.188750
case3,28,4800,4,0.204583
case3,28,4800,5,0.193750
case3,28,4900,1,0.207143
case3,28,4900,2,0.204898
case3,28,4900,3,0.189184
case3,28,4900,4,0.205510
case3,28,4900,5,0.193265
case3,28,5000,1,0.207000
case3,28,5000,2,0.203800
case3,28,5000,3,0.189000
case3,28,5000,4,0.206000
case3,28,5000,5,0.194200
case3,28,5100,1,0.207451
case3,28,5100,2,0.202745
case3,28,5100,3,0.190196
case3,28,5100,4,0.206471
case3,28,5100,5,0.193137
case3,28,5200,1,0.206538
case3,28,5200,2,0.203846
case3,28,5200,3,0.189808
case3,28,5200,4,0.205385
case3,28,5200,5,0.194423
case3,28,5300,1,0.205849
case3,28,5300,2,0.203962
case3,28,5300,3,0.190566
case3,28,5300,4,0.204717
case3,28,5300,5,0.194906
case3,28,5400,1,0.206667
case3,28,5400,2,0.203889
case3,28,5400,3,0.189630
case3,28,5400,4,0.205741
case3,28,5400,5,0.194074
case3,28,5500,1,0.206545
case3,28,5500,2,0.205273
case3,28,5500,3,0.190364
case3,28,5500,4,0.204545
case3,28,5500,5,0.193273
case3,28,5600,1,0.208036
case3,28,5600,2,0.204821
case3,28,5600,3,0.191250
case3,28,5600,4,0.204107
case3,28,5600,5,0.191786
case3,28,5700,1,0.208421
case3,28,5700,2,0.205439
case3,28,5700,3,0.190175
case3,28,5700,4,0.203509
case3,28,5700,5,0.192456
case3,28,5800,1,0.208103
case3,28,5800,2,0.205517
case3,28,5800,3,0.190000
case3,28,5800,4,0.203793
case3,28,5800,5,0.192586
case3,28,5900,1,0.208814
case3,28,5900,2,0.204746
case3,28,5900,3,0.189492
case3,28,5900,4,0.204237
case3,28,5900,5,0.192712
case3,28,6000,1,0.208667
case3,28,6000,2,0.205333
case3,28,6000,3,0.189833
case3,28,6000,4,0.203833
case3,28,6000,5,0.192333
case3,28,6100,1,0.208033
case3,28,6100,2,0.205082
case3,28,6100,3,0.190820
case3,28,6100,4,0.204098
case3,28,6100,5,0.191967
case3,28,6200,1,0.208065
case3,28,6200,2,0.205000
case3,28,6200,3,0.190161
case3,28,6200,4,0.204839
case3,28,6200,5,0.191935
case3,28,6300,1,0.207937
case3,28,6300,2,0.205079
case3,28,6300,3,0.191111
case3,28,6300,4,0.203651
case3,28,6300,5,0.192222
case3,28,6400,1,0.207656
case3,28,6400,2,0.204219
case3,28,6400,3,0.192031
case3,28,6400,4,0.203594
case3,28,6400,5,0.192500
case3,28,6500,1,0.206923
case3,28,6500,2,0.202923
case3,28,6500,3,0.193077
case3,28,6500,4,0.204154
case3,28,6500,5,0.192923
case3,28,6600,1,0.207273
case3,28,6600,2,0.202121
case3,28,6600,3,0.193485
case3,28,6600,4,0.203939
case3,28,6600,5,0.193182
case3,28,6700,1,0.207164
case3,28,6700,2,0.201493
case3,28,6700,3,0.194328
case3,28,6700,4,0.204030
case3,28,6700,5,0.192985
case3,28,6800,1,0.207059
case3,28,6800,2,0.201471
case3,28,6800,3,0.194265
case3,28,6800,4,0.203382
case3,28,6800,5,0.193824
case3,28,6900,1,0.205797
case3,28,6900,2,0.200725
case3,28,6900,3,0.194783
case3,28,6900,4,0.204638
case3,28,6900,5,0.194058
case3,28,7000,1,0.205429
case3,28,7000,2,0.199000
case3,28,7000,3,0.195143
case3,28,7000,4,0.205429
case3,28,7000,5,0.195000
case3,28,7100,1,0.205634
case3,28,7100,2,0.199296
case3,28,7100,3,0.194789
case3,28,7100,4,0.204648
case3,28,7100,5,0.195634
case3,28,7200,1,0.205000
case3,28,7200,2,0.198750
case3,28,7200,3,0.195417
case3,28,7200,4,0.205139
case3,28,7200,5,0.195694
case3,28,7300,1,0.204521
case3,28,7300,2,0.199726
case3,28,7300,3,0.195753
case3,28,7300,4,0.204384
case3,28,7300,5,0.195616
case3,28,7400,1,0.204730
case3,28,7400,2,0.199595
case3,28,7400,3,0.195541
case3,28,7400,4,0.204595
case3,28,7400,5,0.195541
case3,28,7500,1,0.205067
case3,28,7500,2,0.198933
case3,28,7500,3,0.196000
case3,28,7500,4,0.205200
case3,28,7500,5,0.194800
case3,28,7600,1,0.205395
case3,28,7600,2,0.199342
case3,28,7600,3,0.195789
case3,28,7600,4,0.205132
case3,28,7600,5,0.194342
case3,28,7700,1,0.205714
case3,28,7700,2,0.199870
case3,28,7700,3,0.195195
case3,28,7700,4,0.204935
case3,28,7700,5,0.194286
case3,28,7800,1,0.206026
case3,28,7800,2,0.200000
case3,28,7800,3,0.195513
case3,28,7800,4,0.205128
case3,28,7800,5,0.193333
case3,28,7900,1,0.206203
case3,28,7900,2,0.199114
case3,28,7900,3,0.195570
case3,28,7900,4,0.205063
case3,28,7900,5,0.194051
case3,28,8000,1,0.206250
case3,28,8000,2,0.199625
case3,28,8000,3,0.194875
case3,28,8000,4,0.205500
case3,28,8000,5,0.193750
case3,28,8100,1,0.206049
case3,28,8100,2,0.199630
case3,28,8100,3,0.194198
case3,28,8100,4,0.205802
case3,28,8100,5,0.194321
case3,28,8200,1,0.206341
case3,28,8200,2,0.199512
case3,28,8200,3,0.193780
case3,28,8200,4,0.205854
case3,28,8200,5,0.194512
case3,28,8300,1,0.205663
case3,28,8300,2,0.200000
case3,28,8300,3,0.194578
case3,28,8300,4,0.206145
case3,28,8300,5,0.193614
case3,28,8400,1,0.205476
case3,28,8400,2,0.199643
case3,28,8400,3,0.195119
case3,28,8400,4,0.206548
case3,28,8400,5,0.193214
case3,28,8500,1,0.205059
case3,28,8500,2,0.198941
case3,28,8500,3,0.195294
case3,28,8500,4,0.206941
case3,28,8500,5,0.193765
case3,28,8600,1,0.204884
case3,28,8600,2,0.198721
case3,28,8600,3,0.196047
case3,28,8600,4,0.207093
case3,28,8600,5,0.193256
case3,28,8700,1,0.204713
case3,28,8700,2,0.199425
case3,28,8700,3,0.195632
case3,28,8700,4,0.207011
case3,28,8700,5,0.193218
case3,28,8800,1,0.204773
case3,28,8800,2,0.199886
case3,28,8800,3,0.195795
case3,28,8800,4,0.206591
case3,28,8800,5,0.192955
case3,28,8900,1,0.204157
case3,28,8900,2,0.199438
case3,28,8900,3,0.196966
case3,28,8900,4,0.206742
case3,28,8900,5,0.192697
case3,28,9000,1,0.204778
case3,28,9000,2,0.199667
case3,28,9000,3,0.196778
case3,28,9000,4,0.206444
case3,28,9000,5,0.192333
case3,28,9100,1,0.204176
case3,28,9100,2,0.199780
case3,28,9100,3,0.197033
case3,28,9100,4,0.206264
case3,28,9100,5,0.192747
case3,28,9200,1,0.203913
case3,28,9200,2,0.199565
case3,28,9200,3,0.196848
case3,28,9200,4,0.205761
case3,28,9200,5,0.193913
case3,28,9300,1,0.203548
case3,28,9300,2,0.199892
case3,28,9300,3,0.196667
case3,28,9300,4,0.205376
case3,28,9300,5,0.194516
case3,28,9400,1,0.204043
case3,28,9400,2,0.199149
case3,28,9400,3,0.196915
case3,28,9400,4,0.205532
case3,28,9400,5,0.194362
case3,28,9500,1,0.203579
case3,28,9500,2,0.198842
case3,28,9500,3,0.197895
case3,28,9500,4,0.205474
case3,28,9500,5,0.194211
case3,28,9600,1,0.203958
case3,28,9600,2,0.198958
case3,28,9600,3,0.197813
case3,28,9600,4,0.205208
case3,28,9600,5,0.194062
case3,28,9700,1,0.203814
case3,28,9700,2,0.199175
case3,28,9700,3,0.197526
case3,28,9700,4,0.205361
case3,28,9700,5,0.194124
case3,28,9800,1,0.203776
case3,28,9800,2,0.199388
case3,28,9800,3,0.197857
case3,28,9800,4,0.204286
case3,28,9800,5,0.194694
case3,28,9900,1,0.203333
case3,28,9900,2,0.199394
case3,28,9900,3,0.198384
case3,28,9900,4,0.204141
case3,28,9900,5,0.194747
case3,28,10000,1,0.203700
case3,28,10000,2,0.199500
case3,28,10000,3,0.198500
case3,28,10000,4,0.204200
case3,28,10000,5,0.194100
case3,29,100,1,0.230000
case3,29,100,2,0.210000
case3,29,100,3,0.190000
case3,29,100,4,0.170000
case3,29,100,5,0.200000
case3,29,200,1,0.220000
case3,29,200,2,0.200000
case3,29,200,3,0.160000
case3,29,200,4,0.190000
case3,29,200,5,0.230000
case3,29,300,1,0.190000
case3,29,300,2,0.193333
case3,29,300,3,0.166667
case3,29,300,4,0.220000
case3,29,300,5,0.230000
case3,29,400,1,0.187500
case3,29,400,2,0.207500
case3,29,400,3,0.177500
case3,29,400,4,0.215000
case3,29,400,5,0.212500
case3,29,500,1,0.192000
case3,29,500,2,0.204000
case3,29,500,3,0.188000
case3,29,500,4,0.214000
case3,29,500,5,0.202000
case3,29,600,1,0.190000
case3,29,600,2,0.208333
case3,29,600,3,0.181667
case3,29,600,4,0.211667
case3,29,600,5,0.208333
case3,29,700,1,0.187143
case3,29,700,2,0.211429
case3,29,700,3,0.184286
case3,29,700,4,0.210000
case3,29,700,5,0.207143
case3,29,800,1,0.183750
case3,29,800,2,0.203750
case3,29,800,3,0.191250
case3,29,800,4,0.208750
case3,29,800,5,0.212500
case3,29,900,1,0.190000
case3,29,900,2,0.200000
case3,29,900,3,0.191111
case3,29,900,4,0.212222
case3,29,900,5,0.206667
case3,29,1000,1,0.193000
case3,29,1000,2,0.200000
case3,29,1000,3,0.189000
case3,29,1000,4,0.210000
case3,29,1000,5,0.208000
case3,29,1100,1,0.193636
case3,29,1100,2,0.199091
case3,29,1100,3,0.192727
case3,29,1100,4,0.206364
case3,29,1100,5,0.208182
case3,29,1200,1,0.193333
case3,29,1200,2,0.195833
case3,29,1200,3,0.195000
case3,29,1200,4,0.205833
case3,29,1200,5,0.210000
case3,29,1300,1,0.191538
case3,29,1300,2,0.203077
case3,29,1300,3,0.192308
case3,29,1300,4,0.203846
case3,29,1300,5,0.209231
case3,29,1400,1,0.191429
case3,29,1400,2,0.205714
case3,29,1400,3,0.197857
case3,29,1400,4,0.199286
case3,29,1400,5,0.205714
case3,29,1500,1,0.191333
case3,29,1500,2,0.206667
case3,29,1500,3,0.197333
case3,29,1500,4,0.201333
case3,29,1500,5,0.203333
case3,29,1600,1,0.187500
case3,29,1600,2,0.208125
case3,29,1600,3,0.198750
case3,29,1600,4,0.199375
case3,29,1600,5,0.206250
case3,29,1700,1,0.185294
case3,29,1700,2,0.207647
case3,29,1700,3,0.200000
case3,29,1700,4,0.198235
case3,29,1700,5,0.208824
case3,29,1800,1,0.185000
case3,29,1800,2,0.206667
case3,29,1800,3,0.202222
case3,29,1800,4,0.199444
case3,29,1800,5,0.206667
case3,29,1900,1,0.183684
case3,29,1900,2,0.205789
case3,29,1900,3,0.204211
case3,29,1900,4,0.200000
case3,29,1900,5,0.206316
case3,29,2000,1,0.184500
case3,29,2000,2,0.205500
case3,29,2000,3,0.206000
case3,29,2000,4,0.198500
case3,29,2000,5,0.205500
case3,29,2100,1,0.181905
case3,29,2100,2,0.204286
case3,29,2100,3,0.209048
case3,29,2100,4,0.199524
case3,29,2100,5,0.205238
case3,29,2200,1,0.181364
case3,29,2200,2,0.202273
case3,29,2200,3,0.210909
case3,29,2200,4,0.200455
case3,29,2200,5,0.205000
case3,29,2300,1,0.183913
case3,29,2300,2,0.202174
case3,29,2300,3,0.211304
case3,29,2300,4,0.198261
case3,29,2300,5,0.204348
case3,29,2400,1,0.187083
case3,29,2400,2,0.200833
case3,29,2400,3,0.213750
case3,29,2400,4,0.197083
case3,29,2400,5,0.201250
case3,29,2500,1,0.187600
case3,29,2500,2,0.198800
case3,29,2500,3,0.212000
case3,29,2500,4,0.198400
case3,29,2500,5,0.203200
case3,29,2600,1,0.186923
case3,29,2600,2,0.198077
case3,29,2600,3,0.212308
case3,29,2600,4,0.200385
case3,29,2600,5,0.202308
case3,29,2700,1,0.189630
case3,29,2700,2,0.196667
case3,29,2700,3,0.214074
case3,29,2700,4,0.198519
case3,29,2700,5,0.201111
case3,29,2800,1,0.191429
case3,29,2800,2,0.196429
case3,29,2800,3,0.213214
case3,29,2800,4,0.197500
case3,29,2800,5,0.201429
case3,29,2900,1,0.192069
case3,29,2900,2,0.195862
case3,29,2900,3,0.212069
case3,29,2900,4,0.199310
case3,29,2900,5,0.200690
case3,29,3000,1,0.192333
case3,29,3000,2,0.193667
case3,29,3000,3,0.214667
case3,29,3000,4,0.201000
case3,29,3000,5,0.198333
case3,29,3100,1,0.192581
case3,29,3100,2,0.193871
case3,29,3100,3,0.212581
case3,29,3100,4,0.200645
case3,29,3100,5,0.200323
case3,29,3200,1,0.191875
case3,29,3200,2,0.196563
case3,29,3200,3,0.211875
case3,29,3200,4,0.200313
case3,29,3200,5,0.199375
case3,29,3300,1,0.193333
case3,29,3300,2,0.196364
case3,29,3300,3,0.210909
case3,29,3300,4,0.198788
case3,29,3300,5,0.200606
case3,29,3400,1,0.193235
case3,29,3400,2,0.195588
case3,29,3400,3,0.211176
case3,29,3400,4,0.198529
case3,29,3400,5,0.201471
case3,29,3500,1,0.194000
case3,29,3500,2,0.196000
case3,29,3500,3,0.212286
case3,29,3500,4,0.197429
case3,29,3500,5,0.200286
case3,29,3600,1,0.194722
case3,29,3600,2,0.195000
case3,29,3600,3,0.212222
case3,29,3600,4,0.197500
case3,29,3600,5,0.200556
case3,29,3700,1,0.193784
case3,29,3700,2,0.194324
case3,29,3700,3,0.212973
case3,29,3700,4,0.198649
case3,29,3700,5,0.200270
case3,29,3800,1,0.194474
case3,29,3800,2,0.194474
case3,29,3800,3,0.212632
case3,29,3800,4,0.198158
case3,29,3800,5,0.200263
case3,29,3900,1,0.194103
case3,29,3900,2,0.194359
case3,29,3900,3,0.211282
case3,29,3900,4,0.198462
case3,29,3900,5,0.201795
case3,29,4000,1,0.195250
case3,29,4000,2,0.195250
case3,29,4000,3,0.209750
case3,29,4000,4,0.198000
case3,29,4000,5,0.201750
case3,29,4100,1,0.194146
case3,29,4100,2,0.195366
case3,29,4100,3,0.209024
case3,29,4100,4,0.199268
case3,29,4100,5,0.202195
case3,29,4200,1,0.191905
case3,29,4200,2,0.196667
case3,29,4200,3,0.210000
case3,29,4200,4,0.198333
case3,29,4200,5,0.203095
case3,29,4300,1,0.193256
case3,29,4300,2,0.196279
case3,29,4300,3,0.210233
case3,29,4300,4,0.197442
case3,29,4300,5,0.202791
case3,29,4400,1,0.193636
case3,29,4400,2,0.195000
case3,29,4400,3,0.212500
case3,29,4400,4,0.195909
case3,29,4400,5,0.202955
case3,29,4500,1,0.193333
case3,29,4500,2,0.196222
case3,29,4500,3,0.212000
case3,29,4500,4,0.195778
case3,29,4500,5,0.202667
case3,29,4600,1,0.193043
case3,29,4600,2,0.197826
case3,29,4600,3,0.211087
case3,29,4600,4,0.194783
case3,29,4600,5,0.203261
case3,29,4700,1,0.192553
case3,29,4700,2,0.197872
case3,29,4700,3,0.211064
case3,29,4700,4,0.195319
case3,29,4700,5,0.203191
case3,29,4800,1,0.191875
case3,29,4800,2,0.198750
case3,29,4800,3,0.211042
case3,29,4800,4,0.195208
case3,29,4800,5,0.203125
case3,29,4900,1,0.192449
case3,29,4900,2,0.197551
case3,29,4900,3,0.211020
case3,29,4900,4,0.195102
case3,29,4900,5,0.203878
case3,29,5000,1,0.193200
case3,29,5000,2,0.196400
case3,29,5000,3,0.210600
case3,29,5000,4,0.196200
case3,29,5000,5,0.203600
case3,29,5100,1,0.193529
case3,29,5100,2,0.196863
case3,29,5100,3,0.210392
case3,29,5100,4,0.196471
case3,29,5100,5,0.202745
case3,29,5200,1,0.195577
case3,29,5200,2,0.196154
case3,29,5200,3,0.210385
case3,29,5200,4,0.196154
case3,29,5200,5,0.201731
case3,29,5300,1,0.194717
case3,29,5300,2,0.197925
case3,29,5300,3,0.211132
case3,29,5300,4,0.195660
case3,29,5300,5,0.200566
case3,29,5400,1,0.194259
case3,29,5400,2,0.197778
case3,29,5400,3,0.211111
case3,29,5400,4,0.195556
case3,29,5400,5,0.201296
case3,29,5500,1,0.192545
case3,29,5500,2,0.198727
case3,29,5500,3,0.210727
case3,29,5500,4,0.196182
case3,29,5500,5,0.201818
case3,29,5600,1,0.190893
case3,29,5600,2,0.198929
case3,29,5600,3,0.210000
case3,29,5600,4,0.197857
case3,29,5600,5,0.202321
case3,29,5700,1,0.190702
case3,29,5700,2,0.199123
case3,29,5700,3,0.209649
case3,29,5700,4,0.198070
case3,29,5700,5,0.202456
case3,29,5800,1,0.191552
case3,29,5800,2,0.198103
case3,29,5800,3,0.208621
case3,29,5800,4,0.197241
case3,29,5800,5,0.204483
case3,29,5900,1,0.192034
case3,29,5900,2,0.198644
case3,29,5900,3,0.208305
case3,29,5900,4,0.196780
case3,29,5900,5,0.204237
case3,29,6000,1,0.192333
case3,29,6000,2,0.197833
case3,29,6000,3,0.208500
case3,29,6000,4,0.197833
case3,29,6000,5,0.203500
case3,29,6100,1,0.193443
case3,29,6100,2,0.197705
case3,29,6100,3,0.208033
case3,29,6100,4,0.197049
case3,29,6100,5,0.203770
case3,29,6200,1,0.193065
case3,29,6200,2,0.198548
case3,29,6200,3,0.207742
case3,29,6200,4,0.197419
case3,29,6200,5,0.203226
case3,29,6300,1,0.193651
case3,29,6300,2,0.198095
case3,29,6300,3,0.206984
case3,29,6300,4,0.197143
case3,29,6300,5,0.204127
case3,29,6400,1,0.192812
case3,29,6400,2,0.198594
case3,29,6400,3,0.206875
case3,29,6400,4,0.197031
case3,29,6400,5,0.204687
case3,29,6500,1,0.193846
case3,29,6500,2,0.198462
case3,29,6500,3,0.207077
case3,29,6500,4,0.196615
case3,29,6500,5,0.204000
case3,29,6600,1,0.193788
case3,29,6600,2,0.198939
case3,29,6600,3,0.206364
case3,29,6600,4,0.197424
case3,29,6600,5,0.203485
case3,29,6700,1,0.193881
case3,29,6700,2,0.198657
case3,29,6700,3,0.205224
case3,29,6700,4,0.197761
case3,29,6700,5,0.204478
case3,29,6800,1,0.194412
case3,29,6800,2,0.198088
case3,29,6800,3,0.204853
case3,29,6800,4,0.198235
case3,29,6800,5,0.204412
case3,29,6900,1,0.194783
case3,29,6900,2,0.197681
case3,29,6900,3,0.204638
case3,29,6900,4,0.198841
case3,29,6900,5,0.204058
case3,29,7000,1,0.194857
case3,29,7000,2,0.197857
case3,29,7000,3,0.204000
case3,29,7000,4,0.199714
case3,29,7000,5,0.203571
case3,29,7100,1,0.193662
case3,29,7100,2,0.198169
case3,29,7100,3,0.204648
case3,29,7100,4,0.200000
case3,29,7100,5,0.203521
case3,29,7200,1,0.194306
case3,29,7200,2,0.198194
case3,29,7200,3,0.204167
case3,29,7200,4,0.199583
case3,29,7200,5,0.203750
case3,29,7300,1,0.193699
case3,29,7300,2,0.198630
case3,29,7300,3,0.203425
case3,29,7300,4,0.200137
case3,29,7300,5,0.204110
case3,29,7400,1,0.193649
case3,29,7400,2,0.198649
case3,29,7400,3,0.202568
case3,29,7400,4,0.201081
case3,29,7400,5,0.204054
case3,29,7500,1,0.194667
case3,29,7500,2,0.197867
case3,29,7500,3,0.201867
case3,29,7500,4,0.201467
case3,29,7500,5,0.204133
case3,29,7600,1,0.194079
case3,29,7600,2,0.198421
case3,29,7600,3,0.201842
case3,29,7600,4,0.201447
case3,29,7600,5,0.204211
case3,29,7700,1,0.194805
case3,29,7700,2,0.198052
case3,29,7700,3,0.201818
case3,29,7700,4,0.200779
case3,29,7700,5,0.204545
case3,29,7800,1,0.196154
case3,29,7800,2,0.198077
case3,29,7800,3,0.201154
case3,29,7800,4,0.200769
case3,29,7800,5,0.203846
case3,29,7900,1,0.196709
case3,29,7900,2,0.197848
case3,29,7900,3,0.200633
case3,29,7900,4,0.200886
case3,29,7900,5,0.203924
case3,29,8000,1,0.197625
case3,29,8000,2,0.197625
case3,29,8000,3,0.200875
case3,29,8000,4,0.200875
case3,29,8000,5,0.203000
case3,29,8100,1,0.198642
case3,29,8100,2,0.197654
case3,29,8100,3,0.200370
case3,29,8100,4,0.201111
case3,29,8100,5,0.202222
case3,29,8200,1,0.199512
case3,29,8200,2,0.197317
case3,29,8200,3,0.200488
case3,29,8200,4,0.201220
case3,29,8200,5,0.201463
case3,29,8300,1,0.198916
case3,29,8300,2,0.196627
case3,29,8300,3,0.201084
case3,29,8300,4,0.201446
case3,29,8300,5,0.201928
case3,29,8400,1,0.199167
case3,29,8400,2,0.196429
case3,29,8400,3,0.201190
case3,29,8400,4,0.201310
case3,29,8400,5,0.201905
case3,29,8500,1,0.199059
case3,29,8500,2,0.196235
case3,29,8500,3,0.201294
case3,29,8500,4,0.202118
case3,29,8500,5,0.201294
case3,29,8600,1,0.199186
case3,29,8600,2,0.196279
case3,29,8600,3,0.201279
case3,29,8600,4,0.202093
case3,29,8600,5,0.201163
case3,29,8700,1,0.198621
case3,29,8700,2,0.196782
case3,29,8700,3,0.201264
case3,29,8700,4,0.202069
case3,29,8700,5,0.201264
case3,29,8800,1,0.199091
case3,29,8800,2,0.196250
case3,29,8800,3,0.201477
case3,29,8800,4,0.202159
case3,29,8800,5,0.201023
case3,29,8900,1,0.199101
case3,29,8900,2,0.196292
case3,29,8900,3,0.200562
case3,29,8900,4,0.202697
case3,29,8900,5,0.201348
case3,29,9000,1,0.198778
case3,29,9000,2,0.195778
case3,29,9000,3,0.201222
case3,29,9000,4,0.202444
case3,29,9000,5,0.201778
case3,29,9100,1,0.198681
case3,29,9100,2,0.196374
case3,29,9100,3,0.200549
case3,29,9100,4,0.202527
case3,29,9100,5,0.201868
case3,29,9200,1,0.197826
case3,29,9200,2,0.196957
case3,29,9200,3,0.201087
case3,29,9200,4,0.202283
case3,29,9200,5,0.201848
case3,29,9300,1,0.198065
case3,29,9300,2,0.197312
case3,29,9300,3,0.200968
case3,29,9300,4,0.202043
case3,29,9300,5,0.201613
case3,29,9400,1,0.197021
case3,29,9400,2,0.196702
case3,29,9400,3,0.200851
case3,29,9400,4,0.202979
case3,29,9400,5,0.202447
case3,29,9500,1,0.197158
case3,29,9500,2,0.196842
case3,29,9500,3,0.200316
case3,29,9500,4,0.202737
case3,29,9500,5,0.202947
case3,29,9600,1,0.196979
case3,29,9600,2,0.196667
case3,29,9600,3,0.200313
case3,29,9600,4,0.203437
case3,29,9600,5,0.202604
case3,29,9700,1,0.196907
case3,29,9700,2,0.196907
case3,29,9700,3,0.200309
case3,29,9700,4,0.203505
case3,29,9700,5,0.202371
case3,29,9800,1,0.197041
case3,29,9800,2,0.196735
case3,29,9800,3,0.200306
case3,29,9800,4,0.203061
case3,29,9800,5,0.202857
case3,29,9900,1,0.196869
case3,29,9900,2,0.196263
case3,29,9900,3,0.200707
case3,29,9900,4,0.203030
case3,29,9900,5,0.203131
case3,29,10000,1,0.196500
case3,29,10000,2,0.196900
case3,29,10000,3,0.200600
case3,29,10000,4,0.203100
case3,29,10000,5,0.202900
case3,30,100,1,0.120000
case3,30,100,2,0.290000
case3,30,100,3,0.220000
case3,30,100,4,0.190000
case3,30,100,5,0.180000
case3,30,200,1,0.195000
case3,30,200,2,0.215000
case3,30,200,3,0.210000
case3,30,200,4,0.180000
case3,30,200,5,0.200000
case3,30,300,1,0.196667
case3,30,300,2,0.200000
case3,30,300,3,0.190000
case3,30,300,4,0.193333
case3,30,300,5,0.220000
case3,30,400,1,0.210000
case3,30,400,2,0.205000
case3,30,400,3,0.185000
case3,30,400,4,0.190000
case3,30,400,5,0.210000
case3,30,500,1,0.206000
case3,30,500,2,0.202000
case3,30,500,3,0.188000
case3,30,500,4,0.192000
case3,30,500,5,0.212000
case3,30,600,1,0.203333
case3,30,600,2,0.205000
case3,30,600,3,0.188333
case3,30,600,4,0.196667
case3,30,600,5,0.206667
case3,30,700,1,0.204286
case3,30,700,2,0.207143
case3,30,700,3,0.188571
case3,30,700,4,0.194286
case3,30,700,5,0.205714
case3,30,800,1,0.206250
case3,30,800,2,0.205000
case3,30,800,3,0.190000
case3,30,800,4,0.197500
case3,30,800,5,0.201250
case3,30,900,1,0.206667
case3,30,900,2,0.210000
case3,30,900,3,0.182222
case3,30,900,4,0.197778
case3,30,900,5,0.203333
case3,30,1000,1,0.205000
case3,30,1000,2,0.210000
case3,30,1000,3,0.194000
case3,30,1000,4,0.193000
case3,30,1000,5,0.198000
case3,30,1100,1,0.200000
case3,30,1100,2,0.214545
case3,30,1100,3,0.192727
case3,30,1100,4,0.193636
case3,30,1100,5,0.199091
case3,30,1200,1,0.197500
case3,30,1200,2,0.217500
case3,30,1200,3,0.190833
case3,30,1200,4,0.192500
case3,30,1200,5,0.201667
case3,30,1300,1,0.196923
case3,30,1300,2,0.219231
case3,30,1300,3,0.184615
case3,30,1300,4,0.194615
case3,30,1300,5,0.204615
case3,30,1400,1,0.200714
case3,30,1400,2,0.217143
case3,30,1400,3,0.182143
case3,30,1400,4,0.199286
case3,30,1400,5,0.200714
case3,30,1500,1,0.203333
case3,30,1500,2,0.216000
case3,30,1500,3,0.178000
case3,30,1500,4,0.200000
case3,30,1500,5,0.202667
case3,30,1600,1,0.198750
case3,30,1600,2,0.213750
case3,30,1600,3,0.178125
case3,30,1600,4,0.201250
case3,30,1600,5,0.208125
case3,30,1700,1,0.200000
case3,30,1700,2,0.217059
case3,30,1700,3,0.178235
case3,30,1700,4,0.201176
case3,30,1700,5,0.203529
case3,30,1800,1,0.198333
case3,30,1800,2,0.212222
case3,30,1800,3,0.182778
case3,30,1800,4,0.203889
case3,30,1800,5,0.202778
case3,30,1900,1,0.197895
case3,30,1900,2,0.210526
case3,30,1900,3,0.186316
case3,30,1900,4,0.202632
case3,30,1900,5,0.202632
case3,30,2000,1,0.200500
case3,30,2000,2,0.208000
case3,30,2000,3,0.187500
case3,30,2000,4,0.203000
case3,30,2000,5,0.201000
case3,30,2100,1,0.200952
case3,30,2100,2,0.211905
case3,30,2100,3,0.183810
case3,30,2100,4,0.202857
case3,30,2100,5,0.200476
case3,30,2200,1,0.198182
case3,30,2200,2,0.209091
case3,30,2200,3,0.187273
case3,30,2200,4,0.204545
case3,30,2200,5,0.200909
case3,30,2300,1,0.199130
case3,30,2300,2,0.210435
case3,30,2300,3,0.186957
case3,30,2300,4,0.202609
case3,30,2300,5,0.200870
case3,30,2400,1,0.195833
case3,30,2400,2,0.209167
case3,30,2400,3,0.189583
case3,30,2400,4,0.201667
case3,30,2400,5,0.203750
case3,30,2500,1,0.196800
case3,30,2500,2,0.207600
case3,30,2500,3,0.190800
case3,30,2500,4,0.202400
case3,30,2500,5,0.202400
case3,30,2600,1,0.201923
case3,30,2600,2,0.206923
case3,30,2600,3,0.191154
case3,30,2600,4,0.200385
case3,30,2600,5,0.199615
case3,30,2700,1,0.200000
case3,30,2700,2,0.208889
case3,30,2700,3,0.190741
case3,30,2700,4,0.200741
case3,30,2700,5,0.199630
case3,30,2800,1,0.198929
case3,30,2800,2,0.209286
case3,30,2800,3,0.190000
case3,30,2800,4,0.201786
case3,30,2800,5,0.200000
case3,30,2900,1,0.200345
case3,30,2900,2,0.208276
case3,30,2900,3,0.189655
case3,30,2900,4,0.202414
case3,30,2900,5,0.199310
case3,30,3000,1,0.199667
case3,30,3000,2,0.206000
case3,30,3000,3,0.191000
case3,30,3000,4,0.202667
case3,30,3000,5,0.200667
case3,30,3100,1,0.201613
case3,30,3100,2,0.207742
case3,30,3100,3,0.189032
case3,30,3100,4,0.200645
case3,30,3100,5,0.200968
case3,30,3200,1,0.201875
case3,30,3200,2,0.206250
case3,30,3200,3,0.189375
case3,30,3200,4,0.201563
case3,30,3200,5,0.200937
case3,30,3300,1,0.201515
case3,30,3300,2,0.206970
case3,30,3300,3,0.187273
case3,30,3300,4,0.202424
case3,30,3300,5,0.201818
case3,30,3400,1,0.200294
case3,30,3400,2,0.206765
case3,30,3400,3,0.187941
case3,30,3400,4,0.203529
case3,30,3400,5,0.201471
case3,30,3500,1,0.199714
case3,30,3500,2,0.207429
case3,30,3500,3,0.188286
case3,30,3500,4,0.202857
case3,30,3500,5,0.201714
case3,30,3600,1,0.198889
case3,30,3600,2,0.206667
case3,30,3600,3,0.188056
case3,30,3600,4,0.202778
case3,30,3600,5,0.203611
case3,30,3700,1,0.199189
case3,30,3700,2,0.205676
case3,30,3700,3,0.190270
case3,30,3700,4,0.201351
case3,30,3700,5,0.203514
case3,30,3800,1,0.198421
case3,30,3800,2,0.206316
case3,30,3800,3,0.191579
case3,30,3800,4,0.200000
case3,30,3800,5,0.203684
case3,30,3900,1,0.198718
case3,30,3900,2,0.205385
case3,30,3900,3,0.191538
case3,30,3900,4,0.199744
case3,30,3900,5,0.204615
case3,30,4000,1,0.199750
case3,30,4000,2,0.205000
case3,30,4000,3,0.190750
case3,30,4000,4,0.199500
case3,30,4000,5,0.205000
case3,30,4100,1,0.199756
case3,30,4100,2,0.204878
case3,30,4100,3,0.190488
case3,30,4100,4,0.200488
case3,30,4100,5,0.204390
case3,30,4200,1,0.201667
case3,30,4200,2,0.203571
case3,30,4200,3,0.189762
case3,30,4200,4,0.201190
case3,30,4200,5,0.203810
case3,30,4300,1,0.201163
case3,30,4300,2,0.204419
case3,30,4300,3,0.191395
case3,30,4300,4,0.199767
case3,30,4300,5,0.203256
case3,30,4400,1,0.201591
case3,30,4400,2,0.205455
case3,30,4400,3,0.190682
case3,30,4400,4,0.200455
case3,30,4400,5,0.201818
case3,30,4500,1,0.202667
case3,30,4500,2,0.205111
case3,30,4500,3,0.191556
case3,30,4500,4,0.199778
case3,30,4500,5,0.200889
case3,30,4600,1,0.202826
case3,30,4600,2,0.206087
case3,30,4600,3,0.192391
case3,30,4600,4,0.199348
case3,30,4600,5,0.199348
case3,30,4700,1,0.201702
case3,30,4700,2,0.205532
case3,30,4700,3,0.194255
case3,30,4700,4,0.200213
case3,30,4700,5,0.198298
case3,30,4800,1,0.201875
case3,30,4800,2,0.205000
case3,30,4800,3,0.193750
case3,30,4800,4,0.200208
case3,30,4800,5,0.199167
case3,30,4900,1,0.202449
case3,30,4900,2,0.203265
case3,30,4900,3,0.194490
case3,30,4900,4,0.200000
case3,30,4900,5,0.199796
case3,30,5000,1,0.202200
case3,30,5000,2,0.203600
case3,30,5000,3,0.193400
case3,30,5000,4,0.200800
case3,30,5000,5,0.200000
case3,30,5100,1,0.201176
case3,30,5100,2,0.203137
case3,30,5100,3,0.193529
case3,30,5100,4,0.201373
case3,30,5100,5,0.200784
case3,30,5200,1,0.202115
case3,30,5200,2,0.202308
case3,30,5200,3,0.194808
case3,30,5200,4,0.200962
case3,30,5200,5,0.199808
case3,30,5300,1,0.202075
case3,30,5300,2,0.201887
case3,30,5300,3,0.194906
case3,30,5300,4,0.199811
case3,30,5300,5,0.201321
case3,30,5400,1,0.204259
case3,30,5400,2,0.200741
case3,30,5400,3,0.195185
case3,30,5400,4,0.199259
case3,30,5400,5,0.200556
case3,30,5500,1,0.204909
case3,30,5500,2,0.201091
case3,30,5500,3,0.194727
case3,30,5500,4,0.198182
case3,30,5500,5,0.201091
case3,30,5600,1,0.203571
case3,30,5600,2,0.202143
case3,30,5600,3,0.195357
case3,30,5600,4,0.197143
case3,30,5600,5,0.201786
case3,30,5700,1,0.202807
case3,30,5700,2,0.202982
case3,30,5700,3,0.194737
case3,30,5700,4,0.197193
case3,30,5700,5,0.202281
case3,30,5800,1,0.203448
case3,30,5800,2,0.201897
case3,30,5800,3,0.194655
case3,30,5800,4,0.197069
case3,30,5800,5,0.202931
case3,30,5900,1,0.204576
case3,30,5900,2,0.201525
case3,30,5900,3,0.194915
case3,30,5900,4,0.197458
case3,30,5900,5,0.201525
case3,30,6000,1,0.205000
case3,30,6000,2,0.201667
case3,30,6000,3,0.196500
case3,30,6000,4,0.196167
case3,30,6000,5,0.200667
case3,30,6100,1,0.204754
case3,30,6100,2,0.202787
case3,30,6100,3,0.196885
case3,30,6100,4,0.195738
case3,30,6100,5,0.199836
case3,30,6200,1,0.203710
case3,30,6200,2,0.202581
case3,30,6200,3,0.196935
case3,30,6200,4,0.197097
case3,30,6200,5,0.199677
case3,30,6300,1,0.203016
case3,30,6300,2,0.201905
case3,30,6300,3,0.197937
case3,30,6300,4,0.197302
case3,30,6300,5,0.199841
case3,30,6400,1,0.203906
case3,30,6400,2,0.200781
case3,30,6400,3,0.197187
case3,30,6400,4,0.197969
case3,30,6400,5,0.200156
case3,30,6500,1,0.204308
case3,30,6500,2,0.201231
case3,30,6500,3,0.197538
case3,30,6500,4,0.197692
case3,30,6500,5,0.199231
case3,30,6600,1,0.205303
case3,30,6600,2,0.199848
case3,30,6600,3,0.198485
case3,30,6600,4,0.196818
case3,30,6600,5,0.199545
case3,30,6700,1,0.205522
case3,30,6700,2,0.199851
case3,30,6700,3,0.198806
case3,30,6700,4,0.196418
case3,30,6700,5,0.199403
case3,30,6800,1,0.205147
case3,30,6800,2,0.200147
case3,30,6800,3,0.199265
case3,30,6800,4,0.196324
case3,30,6800,5,0.199118
case3,30,6900,1,0.205072
case3,30,6900,2,0.200000
case3,30,6900,3,0.199565
case3,30,6900,4,0.196957
case3,30,6900,5,0.198406
case3,30,7000,1,0.205143
case3,30,7000,2,0.200143
case3,30,7000,3,0.199286
case3,30,7000,4,0.196857
case3,30,7000,5,0.198571
case3,30,7100,1,0.203944
case3,30,7100,2,0.200986
case3,30,7100,3,0.199155
case3,30,7100,4,0.197324
case3,30,7100,5,0.198592
case3,30,7200,1,0.203472
case3,30,7200,2,0.200417
case3,30,7200,3,0.199167
case3,30,7200,4,0.197361
case3,30,7200,5,0.199583
case3,30,7300,1,0.203288
case3,30,7300,2,0.200548
case3,30,7300,3,0.198767
case3,30,7300,4,0.198082
case3,30,7300,5,0.199315
case3,30,7400,1,0.203243
case3,30,7400,2,0.200946
case3,30,7400,3,0.198378
case3,30,7400,4,0.197297
case3,30,7400,5,0.200135
case3,30,7500,1,0.203200
case3,30,7500,2,0.201467
case3,30,7500,3,0.197867
case3,30,7500,4,0.197067
case3,30,7500,5,0.200400
case3,30,7600,1,0.203816
case3,30,7600,2,0.201316
case3,30,7600,3,0.197632
case3,30,7600,4,0.196579
case3,30,7600,5,0.200658
case3,30,7700,1,0.203247
case3,30,7700,2,0.201429
case3,30,7700,3,0.197273
case3,30,7700,4,0.196753
case3,30,7700,5,0.201299
case3,30,7800,1,0.202949
case3,30,7800,2,0.201154
case3,30,7800,3,0.197564
case3,30,7800,4,0.196923
case3,30,7800,5,0.201410
case3,30,7900,1,0.203291
case3,30,7900,2,0.201519
case3,30,7900,3,0.197848
case3,30,7900,4,0.196709
case3,30,7900,5,0.200633
case3,30,8000,1,0.202750
case3,30,8000,2,0.201125
case3,30,8000,3,0.198125
case3,30,8000,4,0.196625
case3,30,8000,5,0.201375
case3,30,8100,1,0.202716
case3,30,8100,2,0.201728
case3,30,8100,3,0.197654
case3,30,8100,4,0.196667
case3,30,8100,5,0.201235
case3,30,8200,1,0.203415
case3,30,8200,2,0.201707
case3,30,8200,3,0.197561
case3,30,8200,4,0.197073
case3,30,8200,5,0.200244
case3,30,8300,1,0.203614
case3,30,8300,2,0.202892
case3,30,8300,3,0.197229
case3,30,8300,4,0.196386
case3,30,8300,5,0.199880
case3,30,8400,1,0.204048
case3,30,8400,2,0.202857
case3,30,8400,3,0.197024
case3,30,8400,4,0.195476
case3,30,8400,5,0.200595
case3,30,8500,1,0.204588
case3,30,8500,2,0.202471
case3,30,8500,3,0.196706
case3,30,8500,4,0.195412
case3,30,8500,5,0.200824
case3,30,8600,1,0.203953
case3,30,8600,2,0.203140
case3,30,8600,3,0.196744
case3,30,8600,4,0.195349
case3,30,8600,5,0.200814
case3,30,8700,1,0.203448
case3,30,8700,2,0.203333
case3,30,8700,3,0.197356
case3,30,8700,4,0.195517
case3,30,8700,5,0.200345
case3,30,8800,1,0.203068
case3,30,8800,2,0.203864
case3,30,8800,3,0.197273
case3,30,8800,4,0.195227
case3,30,8800,5,0.200568
case3,30,8900,1,0.203933
case3,30,8900,2,0.203371
case3,30,8900,3,0.196517
case3,30,8900,4,0.194719
case3,30,8900,5,0.201461
case3,30,9000,1,0.203778
case3,30,9000,2,0.203333
case3,30,9000,3,0.195556
case3,30,9000,4,0.195556
case3,30,9000,5,0.201778
case3,30,9100,1,0.203736
case3,30,9100,2,0.202967
case3,30,9100,3,0.195495
case3,30,9100,4,0.196154
case3,30,9100,5,0.201648
case3,30,9200,1,0.203913
case3,30,9200,2,0.202609
case3,30,9200,3,0.195326
case3,30,9200,4,0.196413
case3,30,9200,5,0.201739
case3,30,9300,1,0.203978
case3,30,9300,2,0.202366
case3,30,9300,3,0.195161
case3,30,9300,4,0.196882
case3,30,9300,5,0.201613
case3,30,9400,1,0.204787
case3,30,9400,2,0.202128
case3,30,9400,3,0.195000
case3,30,9400,4,0.196489
case3,30,9400,5,0.201596
case3,30,9500,1,0.205579
case3,30,9500,2,0.202000
case3,30,9500,3,0.194526
case3,30,9500,4,0.195789
case3,30,9500,5,0.202105
case3,30,9600,1,0.206250
case3,30,9600,2,0.201458
case3,30,9600,3,0.194583
case3,30,9600,4,0.195729
case3,30,9600,5,0.201979
case3,30,9700,1,0.206392
case3,30,9700,2,0.201340
case3,30,9700,3,0.194124
case3,30,9700,4,0.195670
case3,30,9700,5,0.202474
case3,30,9800,1,0.206429
case3,30,9800,2,0.201122
case3,30,9800,3,0.193571
case3,30,9800,4,0.195816
case3,30,9800,5,0.203061
case3,30,9900,1,0.206465
case3,30,9900,2,0.200606
case3,30,9900,3,0.194242
case3,30,9900,4,0.196364
case3,30,9900,5,0.202323
case3,30,10000,1,0.206200
case3,30,10000,2,0.200100
case3,30,10000,3,0.194600
case3,30,10000,4,0.196100
case3,30,10000,5,0.203000
case4,1,100,1,0.040000
case4,1,100,2,0.150000
case4,1,100,3,0.150000
case4,1,100,4,0.290000
case4,1,100,5,0.370000
case4,1,200,1,0.045000
case4,1,200,2,0.160000
case4,1,200,3,0.185000
case4,1,200,4,0.270000
case4,1,200,5,0.340000
case4,1,300,1,0.056667
case4,1,300,2,0.146667
case4,1,300,3,0.200000
case4,1,300,4,0.270000
case4,1,300,5,0.326667
case4,1,400,1,0.047500
case4,1,400,2,0.142500
case4,1,400,3,0.205000
case4,1,400,4,0.275000
case4,1,400,5,0.330000
case4,1,500,1,0.054000
case4,1,500,2,0.140000
case4,1,500,3,0.194000
case4,1,500,4,0.292000
case4,1,500,5,0.320000
case4,1,600,1,0.065000
case4,1,600,2,0.133333
case4,1,600,3,0.191667
case4,1,600,4,0.285000
case4,1,600,5,0.325000
case4,1,700,1,0.061429
case4,1,700,2,0.131429
case4,1,700,3,0.207143
case4,1,700,4,0.282857
case4,1,700,5,0.317143
case4,1,800,1,0.060000
case4,1,800,2,0.127500
case4,1,800,3,0.210000
case4,1,800,4,0.281250
case4,1,800,5,0.321250
case4,1,900,1,0.057778
case4,1,900,2,0.131111
case4,1,900,3,0.206667
case4,1,900,4,0.276667
case4,1,900,5,0.327778
case4,1,1000,1,0.059000
case4,1,1000,2,0.127000
case4,1,1000,3,0.205000
case4,1,1000,4,0.278000
case4,1,1000,5,0.331000
case4,1,1100,1,0.058182
case4,1,1100,2,0.134545
case4,1,1100,3,0.201818
case4,1,1100,4,0.270000
case4,1,1100,5,0.335455
case4,1,1200,1,0.058333
case4,1,1200,2,0.130833
case4,1,1200,3,0.202500
case4,1,1200,4,0.268333
case4,1,1200,5,0.340000
case4,1,1300,1,0.058462
case4,1,1300,2,0.130000
case4,1,1300,3,0.205385
case4,1,1300,4,0.266923
case4,1,1300,5,0.339231
case4,1,1400,1,0.060714
case4,1,1400,2,0.129286
case4,1,1400,3,0.204286
case4,1,1400,4,0.267857
case4,1,1400,5,0.337857
case4,1,1500,1,0.060000
case4,1,1500,2,0.129333
case4,1,1500,3,0.202667
case4,1,1500,4,0.267333
case4,1,1500,5,0.340667
case4,1,1600,1,0.062500
case4,1,1600,2,0.126250
case4,1,1600,3,0.205000
case4,1,1600,4,0.266875
case4,1,1600,5,0.339375
case4,1,1700,1,0.062941
case4,1,1700,2,0.129412
case4,1,1700,3,0.198235
case4,1,1700,4,0.267647
case4,1,1700,5,0.341765
case4,1,1800,1,0.065556
case4,1,1800,2,0.130000
case4,1,1800,3,0.201111
case4,1,1800,4,0.264444
case4,1,1800,5,0.338889
case4,1,1900,1,0.064737
case4,1,1900,2,0.131053
case4,1,1900,3,0.200000
case4,1,1900,4,0.268947
case4,1,1900,5,0.335263
case4,1,2000,1,0.064500
case4,1,2000,2,0.131500
case4,1,2000,3,0.198500
case4,1,2000,4,0.270500
case4,1,2000,5,0.335000
case4,1,2100,1,0.063333
case4,1,2100,2,0.133810
case4,1,2100,3,0.196190
case4,1,2100,4,0.271905
case4,1,2100,5,0.334762
case4,1,2200,1,0.064091
case4,1,2200,2,0.135000
case4,1,2200,3,0.192273
case4,1,2200,4,0.272273
case4,1,2200,5,0.336364
case4,1,2300,1,0.062609
case4,1,2300,2,0.137391
case4,1,2300,3,0.194348
case4,1,2300,4,0.272174
case4,1,2300,5,0.333478
case4,1,2400,1,0.063333
case4,1,2400,2,0.137083
case4,1,2400,3,0.194583
case4,1,2400,4,0.271250
case4,1,2400,5,0.333750
case4,1,2500,1,0.064400
case4,1,2500,2,0.136800
case4,1,2500,3,0.192400
case4,1,2500,4,0.270800
case4,1,2500,5,0.335600
case4,1,2600,1,0.064231
case4,1,2600,2,0.136923
case4,1,2600,3,0.190385
case4,1,2600,4,0.273462
case4,1,2600,5,0.335000
case4,1,2700,1,0.065556
case4,1,2700,2,0.135926
case4,1,2700,3,0.190000
case4,1,2700,4,0.275926
case4,1,2700,5,0.332593
case4,1,2800,1,0.063214
case4,1,2800,2,0.136071
case4,1,2800,3,0.190714
case4,1,2800,4,0.276786
case4,1,2800,5,0.333214
case4,1,2900,1,0.064828
case4,1,2900,2,0.135172
case4,1,2900,3,0.190000
case4,1,2900,4,0.276897
case4,1,2900,5,0.333103
case4,1,3000,1,0.065667
case4,1,3000,2,0.135667
case4,1,3000,3,0.189667
case4,1,3000,4,0.274667
case4,1,3000,5,0.334333
case4,1,3100,1,0.065161
case4,1,3100,2,0.135484
case4,1,3100,3,0.191290
case4,1,3100,4,0.274839
case4,1,3100,5,0.333226
case4,1,3200,1,0.065625
case4,1,3200,2,0.133750
case4,1,3200,3,0.191562
case4,1,3200,4,0.272813
case4,1,3200,5,0.336250
case4,1,3300,1,0.065758
case4,1,3300,2,0.133333
case4,1,3300,3,0.190000
case4,1,3300,4,0.274545
case4,1,3300,5,0.336364
case4,1,3400,1,0.065588
case4,1,3400,2,0.133824
case4,1,3400,3,0.187941
case4,1,3400,4,0.279118
case4,1,3400,5,0.333529
case4,1,3500,1,0.066000
case4,1,3500,2,0.134286
case4,1,3500,3,0.189429
case4,1,3500,4,0.278857
case4,1,3500,5,0.331429
case4,1,3600,1,0.065000
case4,1,3600,2,0.133889
case4,1,3600,3,0.189722
case4,1,3600,4,0.279722
case4,1,3600,5,0.331667
case4,1,3700,1,0.064595
case4,1,3700,2,0.133243
case4,1,3700,3,0.191081
case4,1,3700,4,0.278919
case4,1,3700,5,0.332162
case4,1,3800,1,0.064737
case4,1,3800,2,0.133421
case4,1,3800,3,0.192105
case4,1,3800,4,0.278158
case4,1,3800,5,0.331579
case4,1,3900,1,0.064103
case4,1,3900,2,0.133077
case4,1,3900,3,0.192308
case4,1,3900,4,0.278718
case4,1,3900,5,0.331795
case4,1,4000,1,0.064500
case4,1,4000,2,0.132250
case4,1,4000,3,0.191750
case4,1,4000,4,0.280250
case4,1,4000,5,0.331250
case4,1,4100,1,0.064146
case4,1,4100,2,0.132439
case4,1,4100,3,0.193171
case4,1,4100,4,0.278293
case4,1,4100,5,0.331951
case4,1,4200,1,0.064286
case4,1,4200,2,0.131905
case4,1,4200,3,0.191429
case4,1,4200,4,0.278095
case4,1,4200,5,0.334286
case4,1,4300,1,0.064884
case4,1,4300,2,0.132093
case4,1,4300,3,0.190930
case4,1,4300,4,0.277209
case4,1,4300,5,0.334884
case4,1,4400,1,0.065682
case4,1,4400,2,0.130455
case4,1,4400,3,0.192045
case4,1,4400,4,0.277500
case4,1,4400,5,0.334318
case4,1,4500,1,0.065333
case4,1,4500,2,0.131333
case4,1,4500,3,0.193111
case4,1,4500,4,0.275778
case4,1,4500,5,0.334444
case4,1,4600,1,0.065435
case4,1,4600,2,0.133478
case4,1,4600,3,0.192174
case4,1,4600,4,0.274565
case4,1,4600,5,0.334348
case4,1,4700,1,0.064681
case4,1,4700,2,0.132340
case4,1,4700,3,0.192766
case4,1,4700,4,0.275532
case4,1,4700,5,0.334681
case4,1,4800,1,0.064583
case4,1,4800,2,0.131667
case4,1,4800,3,0.193333
case4,1,4800,4,0.274375
case4,1,4800,5,0.336042
case4,1,4900,1,0.064898
case4,1,4900,2,0.131020
case4,1,4900,3,0.192245
case4,1,4900,4,0.274694
case4,1,4900,5,0.337143
case4,1,5000,1,0.063800
case4,1,5000,2,0.131800
case4,1,5000,3,0.193600
case4,1,5000,4,0.273800
case4,1,5000,5,0.337000
case4,1,5100,1,0.063529
case4,1,5100,2,0.132353
case4,1,5100,3,0.194118
case4,1,5100,4,0.273725
case4,1,5100,5,0.336275
case4,1,5200,1,0.063846
case4,1,5200,2,0.131731
case4,1,5200,3,0.193077
case4,1,5200,4,0.274808
case4,1,5200,5,0.336538
case4,1,5300,1,0.064528
case4,1,5300,2,0.131132
case4,1,5300,3,0.193396
case4,1,5300,4,0.274906
case4,1,5300,5,0.336038
case4,1,5400,1,0.065185
case4,1,5400,2,0.130556
case4,1,5400,3,0.194074
case4,1,5400,4,0.274259
case4,1,5400,5,0.335926
case4,1,5500,1,0.064909
case4,1,5500,2,0.131273
case4,1,5500,3,0.194727
case4,1,5500,4,0.273636
case4,1,5500,5,0.335455
case4,1,5600,1,0.065179
case4,1,5600,2,0.131429
case4,1,5600,3,0.195714
case4,1,5600,4,0.272143
case4,1,5600,5,0.335536
case4,1,5700,1,0.065088
case4,1,5700,2,0.131754
case4,1,5700,3,0.195439
case4,1,5700,4,0.271930
case4,1,5700,5,0.335789
case4,1,5800,1,0.064828
case4,1,5800,2,0.131552
case4,1,5800,3,0.196034
case4,1,5800,4,0.271897
case4,1,5800,5,0.335690
case4,1,5900,1,0.065085
case4,1,5900,2,0.131695
case4,1,5900,3,0.197966
case4,1,5900,4,0.271017
case4,1,5900,5,0.334237
case4,1,6000,1,0.065167
case4,1,6000,2,0.131833
case4,1,6000,3,0.197333
case4,1,6000,4,0.272333
case4,1,6000,5,0.333333
case4,1,6100,1,0.065246
case4,1,6100,2,0.131311
case4,1,6100,3,0.197213
case4,1,6100,4,0.273607
case4,1,6100,5,0.332623
case4,1,6200,1,0.064516
case4,1,6200,2,0.133226
case4,1,6200,3,0.195645
case4,1,6200,4,0.273065
case4,1,6200,5,0.333548
case4,1,6300,1,0.064286
case4,1,6300,2,0.133175
case4,1,6300,3,0.195556
case4,1,6300,4,0.273968
case4,1,6300,5,0.333016
case4,1,6400,1,0.064219
case4,1,6400,2,0.133125
case4,1,6400,3,0.195312
case4,1,6400,4,0.273750
case4,1,6400,5,0.333594
case4,1,6500,1,0.063846
case4,1,6500,2,0.134000
case4,1,6500,3,0.194308
case4,1,6500,4,0.275077
case4,1,6500,5,0.332769
case4,1,6600,1,0.063182
case4,1,6600,2,0.133939
case4,1,6600,3,0.194242
case4,1,6600,4,0.275758
case4,1,6600,5,0.332879
case4,1,6700,1,0.064328
case4,1,6700,2,0.132687
case4,1,6700,3,0.195075
case4,1,6700,4,0.275373
case4,1,6700,5,0.332537
case4,1,6800,1,0.064412
case4,1,6800,2,0.132059
case4,1,6800,3,0.194853
case4,1,6800,4,0.275294
case4,1,6800,5,0.333382
case4,1,6900,1,0.065072
case4,1,6900,2,0.132174
case4,1,6900,3,0.194203
case4,1,6900,4,0.274638
case4,1,6900,5,0.333913
case4,1,7000,1,0.064714
case4,1,7000,2,0.133143
case4,1,7000,3,0.194000
case4,1,7000,4,0.274857
case4,1,7000,5,0.333286
case4,1,7100,1,0.064648
case4,1,7100,2,0.131972
case4,1,7100,3,0.194930
case4,1,7100,4,0.275070
case4,1,7100,5,0.333380
case4,1,7200,1,0.064861
case4,1,7200,2,0.132222
case4,1,7200,3,0.195000
case4,1,7200,4,0.274583
case4,1,7200,5,0.333333
case4,1,7300,1,0.064795
case4,1,7300,2,0.131507
case4,1,7300,3,0.195616
case4,1,7300,4,0.274521
case4,1,7300,5,0.333562
case4,1,7400,1,0.064865
case4,1,7400,2,0.131757
case4,1,7400,3,0.195405
case4,1,7400,4,0.274324
case4,1,7400,5,0.333649
case4,1,7500,1,0.065467
case4,1,7500,2,0.131867
case4,1,7500,3,0.194667
case4,1,7500,4,0.273600
case4,1,7500,5,0.334400
case4,1,7600,1,0.065526
case4,1,7600,2,0.131842
case4,1,7600,3,0.194211
case4,1,7600,4,0.273158
case4,1,7600,5,0.335263
case4,1,7700,1,0.065714
case4,1,7700,2,0.132597
case4,1,7700,3,0.193896
case4,1,7700,4,0.272468
case4,1,7700,5,0.335325
case4,1,7800,1,0.065385
case4,1,7800,2,0.132692
case4,1,7800,3,0.193718
case4,1,7800,4,0.272692
case4,1,7800,5,0.335513
case4,1,7900,1,0.065696
case4,1,7900,2,0.132658
case4,1,7900,3,0.193038
case4,1,7900,4,0.273038
case4,1,7900,5,0.335570
case4,1,8000,1,0.065875
case4,1,8000,2,0.132125
case4,1,8000,3,0.193375
case4,1,8000,4,0.273000
case4,1,8000,5,0.335625
case4,1,8100,1,0.066049
case4,1,8100,2,0.131852
case4,1,8100,3,0.193457
case4,1,8100,4,0.272840
case4,1,8100,5,0.335802
case4,1,8200,1,0.066220
case4,1,8200,2,0.132683
case4,1,8200,3,0.192805
case4,1,8200,4,0.272683
case4,1,8200,5,0.335610
case4,1,8300,1,0.066386
case4,1,8300,2,0.132410
case4,1,8300,3,0.193494
case4,1,8300,4,0.273133
case4,1,8300,5,0.334578
case4,1,8400,1,0.066786
case4,1,8400,2,0.132381
case4,1,8400,3,0.193452
case4,1,8400,4,0.272619
case4,1,8400,5,0.334762
case4,1,8500,1,0.066353
case4,1,8500,2,0.132235
case4,1,8500,3,0.193294
case4,1,8500,4,0.273647
case4,1,8500,5,0.334471
case4,1,8600,1,0.066512
case4,1,8600,2,0.133140
case4,1,8600,3,0.192791
case4,1,8600,4,0.273721
case4,1,8600,5,0.333837
case4,1,8700,1,0.066552
case4,1,8700,2,0.132644
case4,1,8700,3,0.192989
case4,1,8700,4,0.274023
case4,1,8700,5,0.333793
case4,1,8800,1,0.066364
case4,1,8800,2,0.133068
case4,1,8800,3,0.193068
case4,1,8800,4,0.273068
case4,1,8800,5,0.334432
case4,1,8900,1,0.066180
case4,1,8900,2,0.133483
case4,1,8900,3,0.193708
case4,1,8900,4,0.272360
case4,1,8900,5,0.334270
case4,1,9000,1,0.066111
case4,1,9000,2,0.133111
case4,1,9000,3,0.193444
case4,1,9000,4,0.272667
case4,1,9000,5,0.334667
case4,1,9100,1,0.065934
case4,1,9100,2,0.133407
case4,1,9100,3,0.193736
case4,1,9100,4,0.271978
case4,1,9100,5,0.334945
case4,1,9200,1,0.066087
case4,1,9200,2,0.133587
case4,1,9200,3,0.193043
case4,1,9200,4,0.271739
case4,1,9200,5,0.335543
case4,1,9300,1,0.065914
case4,1,9300,2,0.132796
case4,1,9300,3,0.193871
case4,1,9300,4,0.271075
case4,1,9300,5,0.336344
case4,1,9400,1,0.065532
case4,1,9400,2,0.132766
case4,1,9400,3,0.193723
case4,1,9400,4,0.270638
case4,1,9400,5,0.337340
case4,1,9500,1,0.065579
case4,1,9500,2,0.132211
case4,1,9500,3,0.194316
case4,1,9500,4,0.270211
case4,1,9500,5,0.337684
case4,1,9600,1,0.065417
case4,1,9600,2,0.131562
case4,1,9600,3,0.194479
case4,1,9600,4,0.270833
case4,1,9600,5,0.337708
case4,1,9700,1,0.065052
case4,1,9700,2,0.131856
case4,1,9700,3,0.194330
case4,1,9700,4,0.270825
case4,1,9700,5,0.337938
case4,1,9800,1,0.064796
case4,1,9800,2,0.131939
case4,1,9800,3,0.194388
case4,1,9800,4,0.270204
case4,1,9800,5,0.338673
case4,1,9900,1,0.065455
case4,1,9900,2,0.131717
case4,1,9900,3,0.194242
case4,1,9900,4,0.270101
case4,1,9900,5,0.338485
case4,1,10000,1,0.065500
case4,1,10000,2,0.131300
case4,1,10000,3,0.194200
case4,1,10000,4,0.269500
case4,1,10000,5,0.339500
case4,2,100,1,0.050000
case4,2,100,2,0.130000
case4,2,100,3,0.180000
case4,2,100,4,0.280000
case4,2,100,5,0.360000
case4,2,200,1,0.065000
case4,2,200,2,0.115000
case4,2,200,3,0.185000
case4,2,200,4,0.255000
case4,2,200,5,0.380000
case4,2,300,1,0.056667
case4,2,300,2,0.086667
case4,2,300,3,0.210000
case4,2,300,4,0.270000
case4,2,300,5,0.376667
case4,2,400,1,0.055000
case4,2,400,2,0.082500
case4,2,400,3,0.207500
case4,2,400,4,0.275000
case4,2,400,5,0.380000
case4,2,500,1,0.064000
case4,2,500,2,0.088000
case4,2,500,3,0.212000
case4,2,500,4,0.264000
case4,2,500,5,0.372000
case4,2,600,1,0.063333
case4,2,600,2,0.093333
case4,2,600,3,0.210000
case4,2,600,4,0.270000
case4,2,600,5,0.363333
case4,2,700,1,0.057143
case4,2,700,2,0.100000
case4,2,700,3,0.210000
case4,2,700,4,0.272857
case4,2,700,5,0.360000
case4,2,800,1,0.055000
case4,2,800,2,0.101250
case4,2,800,3,0.210000
case4,2,800,4,0.275000
case4,2,800,5,0.358750
case4,2,900,1,0.055556
case4,2,900,2,0.105556
case4,2,900,3,0.206667
case4,2,900,4,0.277778
case4,2,900,5,0.354444
case4,2,1000,1,0.057000
case4,2,1000,2,0.109000
case4,2,1000,3,0.210000
case4,2,1000,4,0.279000
case4,2,1000,5,0.345000
case4,2,1100,1,0.060000
case4,2,1100,2,0.112727
case4,2,1100,3,0.206364
case4,2,1100,4,0.280000
case4,2,1100,5,0.340909
case4,2,1200,1,0.058333
case4,2,1200,2,0.114167
case4,2,1200,3,0.212500
case4,2,1200,4,0.280833
case4,2,1200,5,0.334167
case4,2,1300,1,0.055385
case4,2,1300,2,0.115385
case4,2,1300,3,0.211538
case4,2,1300,4,0.284615
case4,2,1300,5,0.333077
case4,2,1400,1,0.055000
case4,2,1400,2,0.115000
case4,2,1400,3,0.210714
case4,2,1400,4,0.283571
case4,2,1400,5,0.335714
case4,2,1500,1,0.054667
case4,2,1500,2,0.116000
case4,2,1500,3,0.206667
case4,2,1500,4,0.288667
case4,2,1500,5,0.334000
case4,2,1600,1,0.056250
case4,2,1600,2,0.116250
case4,2,1600,3,0.213125
case4,2,1600,4,0.286250
case4,2,1600,5,0.328125
case4,2,1700,1,0.058824
case4,2,1700,2,0.119412
case4,2,1700,3,0.211765
case4,2,1700,4,0.280588
case4,2,1700,5,0.329412
case4,2,1800,1,0.059444
case4,2,1800,2,0.119444
case4,2,1800,3,0.212778
case4,2,1800,4,0.279444
case4,2,1800,5,0.328889
case4,2,1900,1,0.059474
case4,2,1900,2,0.125263
case4,2,1900,3,0.210000
case4,2,1900,4,0.278947
case4,2,1900,5,0.326316
case4,2,2000,1,0.060000
case4,2,2000,2,0.123500
case4,2,2000,3,0.208500
case4,2,2000,4,0.275000
case4,2,2000,5,0.333000
case4,2,2100,1,0.060952
case4,2,2100,2,0.125714
case4,2,2100,3,0.210000
case4,2,2100,4,0.273333
case4,2,2100,5,0.330000
case4,2,2200,1,0.060909
case4,2,2200,2,0.125909
case4,2,2200,3,0.213182
case4,2,2200,4,0.269545
case4,2,2200,5,0.330455
case4,2,2300,1,0.060000
case4,2,2300,2,0.125652
case4,2,2300,3,0.213913
case4,2,2300,4,0.268696
case4,2,2300,5,0.331739
case4,2,2400,1,0.060000
case4,2,2400,2,0.123333
case4,2,2400,3,0.213750
case4,2,2400,4,0.267500
case4,2,2400,5,0.335417
case4,2,2500,1,0.059600
case4,2,2500,2,0.121600
case4,2,2500,3,0.210800
case4,2,2500,4,0.268800
case4,2,2500,5,0.339200
case4,2,2600,1,0.059615
case4,2,2600,2,0.121154
case4,2,2600,3,0.209231
case4,2,2600,4,0.269615
case4,2,2600,5,0.340385
case4,2,2700,1,0.061852
case4,2,2700,2,0.120000
case4,2,2700,3,0.207037
case4,2,2700,4,0.268519
case4,2,2700,5,0.342593
case4,2,2800,1,0.062143
case4,2,2800,2,0.121071
case4,2,2800,3,0.206071
case4,2,2800,4,0.267857
case4,2,2800,5,0.342857
case4,2,2900,1,0.064828
case4,2,2900,2,0.120345
case4,2,2900,3,0.207241
case4,2,2900,4,0.267586
case4,2,2900,5,0.340000
case4,2,3000,1,0.065333
case4,2,3000,2,0.118333
case4,2,3000,3,0.207667
case4,2,3000,4,0.268333
case4,2,3000,5,0.340333
case4,2,3100,1,0.065161
case4,2,3100,2,0.119677
case4,2,3100,3,0.205806
case4,2,3100,4,0.269355
case4,2,3100,5,0.340000
case4,2,3200,1,0.064687
case4,2,3200,2,0.121563
case4,2,3200,3,0.206250
case4,2,3200,4,0.268125
case4,2,3200,5,0.339375
case4,2,3300,1,0.064848
case4,2,3300,2,0.122424
case4,2,3300,3,0.208182
case4,2,3300,4,0.266970
case4,2,3300,5,0.337576
case4,2,3400,1,0.064118
case4,2,3400,2,0.123824
case4,2,3400,3,0.209118
case4,2,3400,4,0.265882
case4,2,3400,5,0.337059
case4,2,3500,1,0.063714
case4,2,3500,2,0.125143
case4,2,3500,3,0.207714
case4,2,3500,4,0.263714
case4,2,3500,5,0.339714
case4,2,3600,1,0.063889
case4,2,3600,2,0.125278
case4,2,3600,3,0.208056
case4,2,3600,4,0.261389
case4,2,3600,5,0.341389
case4,2,3700,1,0.064324
case4,2,3700,2,0.126216
case4,2,3700,3,0.206757
case4,2,3700,4,0.262703
case4,2,3700,5,0.340000
case4,2,3800,1,0.064474
case4,2,3800,2,0.125789
case4,2,3800,3,0.206579
case4,2,3800,4,0.261579
case4,2,3800,5,0.341579
case4,2,3900,1,0.063846
case4,2,3900,2,0.125641
case4,2,3900,3,0.206923
case4,2,3900,4,0.263590
case4,2,3900,5,0.340000
case4,2,4000,1,0.063750
case4,2,4000,2,0.125000
case4,2,4000,3,0.206250
case4,2,4000,4,0.263500
case4,2,4000,5,0.341500
case4,2,4100,1,0.063171
case4,2,4100,2,0.124878
case4,2,4100,3,0.205610
case4,2,4100,4,0.262927
case4,2,4100,5,0.343415
case4,2,4200,1,0.063571
case4,2,4200,2,0.125238
case4,2,4200,3,0.206190
case4,2,4200,4,0.261429
case4,2,4200,5,0.343571
case4,2,4300,1,0.063953
case4,2,4300,2,0.125349
case4,2,4300,3,0.206744
case4,2,4300,4,0.261860
case4,2,4300,5,0.342093
case4,2,4400,1,0.064773
case4,2,4400,2,0.125000
case4,2,4400,3,0.205227
case4,2,4400,4,0.262045
case4,2,4400,5,0.342955
case4,2,4500,1,0.066000
case4,2,4500,2,0.126000
case4,2,4500,3,0.204667
case4,2,4500,4,0.263111
case4,2,4500,5,0.340222
case4,2,4600,1,0.065652
case4,2,4600,2,0.126739
case4,2,4600,3,0.205000
case4,2,4600,4,0.262609
case4,2,4600,5,0.340000
case4,2,4700,1,0.064894
case4,2,4700,2,0.126170
case4,2,4700,3,0.204894
case4,2,4700,4,0.263191
case4,2,4700,5,0.340851
case4,2,4800,1,0.063958
case4,2,4800,2,0.127292
case4,2,4800,3,0.204792
case4,2,4800,4,0.263333
case4,2,4800,5,0.340625
case4,2,4900,1,0.064286
case4,2,4900,2,0.127755
case4,2,4900,3,0.204490
case4,2,4900,4,0.264490
case4,2,4900,5,0.338980
case4,2,5000,1,0.064600
case4,2,5000,2,0.128200
case4,2,5000,3,0.203800
case4,2,5000,4,0.264200
case4,2,5000,5,0.339200
case4,2,5100,1,0.064314
case4,2,5100,2,0.127451
case4,2,5100,3,0.204118
case4,2,5100,4,0.265490
case4,2,5100,5,0.338627
case4,2,5200,1,0.064808
case4,2,5200,2,0.127500
case4,2,5200,3,0.203462
case4,2,5200,4,0.266346
case4,2,5200,5,0.337885
case4,2,5300,1,0.064151
case4,2,5300,2,0.127736
case4,2,5300,3,0.202830
case4,2,5300,4,0.267736
case4,2,5300,5,0.337547
case4,2,5400,1,0.064259
case4,2,5400,2,0.128333
case4,2,5400,3,0.203704
case4,2,5400,4,0.267593
case4,2,5400,5,0.336111
case4,2,5500,1,0.063636
case4,2,5500,2,0.128909
case4,2,5500,3,0.204000
case4,2,5500,4,0.267273
case4,2,5500,5,0.336182
case4,2,5600,1,0.063929
case4,2,5600,2,0.128036
case4,2,5600,3,0.205179
case4,2,5600,4,0.267143
case4,2,5600,5,0.335714
case4,2,5700,1,0.063860
case4,2,5700,2,0.127368
case4,2,5700,3,0.205965
case4,2,5700,4,0.266667
case4,2,5700,5,0.336140
case4,2,5800,1,0.063793
case4,2,5800,2,0.127586
case4,2,5800,3,0.206034
case4,2,5800,4,0.266379
case4,2,5800,5,0.336207
case4,2,5900,1,0.064068
case4,2,5900,2,0.127627
case4,2,5900,3,0.205763
case4,2,5900,4,0.267288
case4,2,5900,5,0.335254
case4,2,6000,1,0.064000
case4,2,6000,2,0.126333
case4,2,6000,3,0.206500
case4,2,6000,4,0.267667
case4,2,6000,5,0.335500
case4,2,6100,1,0.063443
case4,2,6100,2,0.126066
case4,2,6100,3,0.207705
case4,2,6100,4,0.268033
case4,2,6100,5,0.334754
case4,2,6200,1,0.063548
case4,2,6200,2,0.127097
case4,2,6200,3,0.206774
case4,2,6200,4,0.267903
case4,2,6200,5,0.334677
case4,2,6300,1,0.063492
case4,2,6300,2,0.126825
case4,2,6300,3,0.206190
case4,2,6300,4,0.268413
case4,2,6300,5,0.335079
case4,2,6400,1,0.064062
case4,2,6400,2,0.127031
case4,2,6400,3,0.205781
case4,2,6400,4,0.268750
case4,2,6400,5,0.334375
case4,2,6500,1,0.064308
case4,2,6500,2,0.126923
case4,2,6500,3,0.205231
case4,2,6500,4,0.270462
case4,2,6500,5,0.333077
case4,2,6600,1,0.063939
case4,2,6600,2,0.126970
case4,2,6600,3,0.205000
case4,2,6600,4,0.270152
case4,2,6600,5,0.333939
case4,2,6700,1,0.063731
case4,2,6700,2,0.128060
case4,2,6700,3,0.203881
case4,2,6700,4,0.270746
case4,2,6700,5,0.333582
case4,2,6800,1,0.063824
case4,2,6800,2,0.127794
case4,2,6800,3,0.203676
case4,2,6800,4,0.271029
case4,2,6800,5,0.333676
case4,2,6900,1,0.063768
case4,2,6900,2,0.127681
case4,2,6900,3,0.204638
case4,2,6900,4,0.270000
case4,2,6900,5,0.333913
case4,2,7000,1,0.063714
case4,2,7000,2,0.128000
case4,2,7000,3,0.204429
case4,2,7000,4,0.270857
case4,2,7000,5,0.333000
case4,2,7100,1,0.064085
case4,2,7100,2,0.128310
case4,2,7100,3,0.204648
case4,2,7100,4,0.270563
case4,2,7100,5,0.332394
case4,2,7200,1,0.064306
case4,2,7200,2,0.128056
case4,2,7200,3,0.204861
case4,2,7200,4,0.270972
case4,2,7200,5,0.331806
case4,2,7300,1,0.064247
case4,2,7300,2,0.128219
case4,2,7300,3,0.205205
case4,2,7300,4,0.271918
case4,2,7300,5,0.330411
case4,2,7400,1,0.064054
case4,2,7400,2,0.128243
case4,2,7400,3,0.205541
case4,2,7400,4,0.272027
case4,2,7400,5,0.330135
case4,2,7500,1,0.063867
case4,2,7500,2,0.128533
case4,2,7500,3,0.206000
case4,2,7500,4,0.272000
case4,2,7500,5,0.329600
case4,2,7600,1,0.063553
case4,2,7600,2,0.129474
case4,2,7600,3,0.206974
case4,2,7600,4,0.271711
case4,2,7600,5,0.328289
case4,2,7700,1,0.062987
case4,2,7700,2,0.129870
case4,2,7700,3,0.207792
case4,2,7700,4,0.271558
case4,2,7700,5,0.327792
case4,2,7800,1,0.063077
case4,2,7800,2,0.129487
case4,2,7800,3,0.207564
case4,2,7800,4,0.271795
case4,2,7800,5,0.328077
case4,2,7900,1,0.063291
case4,2,7900,2,0.130253
case4,2,7900,3,0.206329
case4,2,7900,4,0.271139
case4,2,7900,5,0.328987
case4,2,8000,1,0.063250
case4,2,8000,2,0.130250
case4,2,8000,3,0.205375
case4,2,8000,4,0.270875
case4,2,8000,5,0.330250
case4,2,8100,1,0.063333
case4,2,8100,2,0.130864
case4,2,8100,3,0.205185
case4,2,8100,4,0.270370
case4,2,8100,5,0.330247
case4,2,8200,1,0.063049
case4,2,8200,2,0.131341
case4,2,8200,3,0.205732
case4,2,8200,4,0.270122
case4,2,8200,5,0.329756
case4,2,8300,1,0.062410
case4,2,8300,2,0.131325
case4,2,8300,3,0.205422
case4,2,8300,4,0.270120
case4,2,8300,5,0.330723
case4,2,8400,1,0.062262
case4,2,8400,2,0.131786
case4,2,8400,3,0.206429
case4,2,8400,4,0.269286
case4,2,8400,5,0.330238
case4,2,8500,1,0.062471
case4,2,8500,2,0.131882
case4,2,8500,3,0.206353
case4,2,8500,4,0.269412
case4,2,8500,5,0.329882
case4,2,8600,1,0.062907
case4,2,8600,2,0.132326
case4,2,8600,3,0.206047
case4,2,8600,4,0.269186
case4,2,8600,5,0.329535
case4,2,8700,1,0.063103
case4,2,8700,2,0.132414
case4,2,8700,3,0.205632
case4,2,8700,4,0.269310
case4,2,8700,5,0.329540
case4,2,8800,1,0.062955
case4,2,8800,2,0.132500
case4,2,8800,3,0.205227
case4,2,8800,4,0.269205
case4,2,8800,5,0.330114
case4,2,8900,1,0.062697
case4,2,8900,2,0.132809
case4,2,8900,3,0.205843
case4,2,8900,4,0.268539
case4,2,8900,5,0.330112
case4,2,9000,1,0.063222
case4,2,9000,2,0.132556
case4,2,9000,3,0.205667
case4,2,9000,4,0.268333
case4,2,9000,5,0.330222
case4,2,9100,1,0.062857
case4,2,9100,2,0.132637
case4,2,9100,3,0.206374
case4,2,9100,4,0.268352
case4,2,9100,5,0.329780
case4,2,9200,1,0.063043
case4,2,9200,2,0.132826
case4,2,9200,3,0.206413
case4,2,9200,4,0.268370
case4,2,9200,5,0.329348
case4,2,9300,1,0.062688
case4,2,9300,2,0.132688
case4,2,9300,3,0.206452
case4,2,9300,4,0.268710
case4,2,9300,5,0.329462
case4,2,9400,1,0.062447
case4,2,9400,2,0.132340
case4,2,9400,3,0.206702
case4,2,9400,4,0.268830
case4,2,9400,5,0.329681
case4,2,9500,1,0.062211
case4,2,9500,2,0.132105
case4,2,9500,3,0.206842
case4,2,9500,4,0.268842
case4,2,9500,5,0.330000
case4,2,9600,1,0.061875
case4,2,9600,2,0.132188
case4,2,9600,3,0.206563
case4,2,9600,4,0.268437
case4,2,9600,5,0.330937
case4,2,9700,1,0.062062
case4,2,9700,2,0.131649
case4,2,9700,3,0.205979
case4,2,9700,4,0.268866
case4,2,9700,5,0.331443
case4,2,9800,1,0.062041
case4,2,9800,2,0.131837
case4,2,9800,3,0.205204
case4,2,9800,4,0.268571
case4,2,9800,5,0.332347
case4,2,9900,1,0.062222
case4,2,9900,2,0.131111
case4,2,9900,3,0.205657
case4,2,9900,4,0.268889
case4,2,9900,5,0.332121
case4,2,10000,1,0.062700
case4,2,10000,2,0.131000
case4,2,10000,3,0.205700
case4,2,10000,4,0.269000
case4,2,10000,5,0.331600
case4,3,100,1,0.120000
case4,3,100,2,0.170000
case4,3,100,3,0.230000
case4,3,100,4,0.240000
case4,3,100,5,0.240000
case4,3,200,1,0.095000
case4,3,200,2,0.150000
case4,3,200,3,0.220000
case4,3,200,4,0.275000
case4,3,200,5,0.260000
case4,3,300,1,0.080000
case4,3,300,2,0.143333
case4,3,300,3,0.190000
case4,3,300,4,0.270000
case4,3,300,5,0.316667
case4,3,400,1,0.080000
case4,3,400,2,0.145000
case4,3,400,3,0.195000
case4,3,400,4,0.267500
case4,3,400,5,0.312500
case4,3,500,1,0.084000
case4,3,500,2,0.144000
case4,3,500,3,0.186000
case4,3,500,4,0.258000
case4,3,500,5,0.328000
case4,3,600,1,0.080000
case4,3,600,2,0.130000
case4,3,600,3,0.201667
case4,3,600,4,0.265000
case4,3,600,5,0.323333
case4,3,700,1,0.072857
case4,3,700,2,0.128571
case4,3,700,3,0.202857
case4,3,700,4,0.264286
case4,3,700,5,0.331429
case4,3,800,1,0.072500
case4,3,800,2,0.123750
case4,3,800,3,0.208750
case4,3,800,4,0.270000
case4,3,800,5,0.325000
case4,3,900,1,0.068889
case4,3,900,2,0.127778
case4,3,900,3,0.205556
case4,3,900,4,0.275556
case4,3,900,5,0.322222
case4,3,1000,1,0.071000
case4,3,1000,2,0.126000
case4,3,1000,3,0.201000
case4,3,1000,4,0.280000
case4,3,1000,5,0.322000
case4,3,1100,1,0.069091
case4,3,1100,2,0.127273
case4,3,1100,3,0.198182
case4,3,1100,4,0.280000
case4,3,1100,5,0.325455
case4,3,1200,1,0.067500
case4,3,1200,2,0.131667
case4,3,1200,3,0.197500
case4,3,1200,4,0.280000
case4,3,1200,5,0.323333
case4,3,1300,1,0.071538
case4,3,1300,2,0.130769
case4,3,1300,3,0.198462
case4,3,1300,4,0.277692
case4,3,1300,5,0.321538
case4,3,1400,1,0.072143
case4,3,1400,2,0.127143
case4,3,1400,3,0.202857
case4,3,1400,4,0.280714
case4,3,1400,5,0.317143
case4,3,1500,1,0.074667
case4,3,1500,2,0.126667
case4,3,1500,3,0.204000
case4,3,1500,4,0.278667
case4,3,1500,5,0.316000
case4,3,1600,1,0.072500
case4,3,1600,2,0.125625
case4,3,1600,3,0.205625
case4,3,1600,4,0.279375
case4,3,1600,5,0.316875
case4,3,1700,1,0.072941
case4,3,1700,2,0.125294
case4,3,1700,3,0.207059
case4,3,1700,4,0.278235
case4,3,1700,5,0.316471
case4,3,1800,1,0.072222
case4,3,1800,2,0.123333
case4,3,1800,3,0.208889
case4,3,1800,4,0.278889
case4,3,1800,5,0.316667
case4,3,1900,1,0.072105
case4,3,1900,2,0.122105
case4,3,1900,3,0.210000
case4,3,1900,4,0.281579
case4,3,1900,5,0.314211
case4,3,2000,1,0.071000
case4,3,2000,2,0.128000
case4,3,2000,3,0.205500
case4,3,2000,4,0.280500
case4,3,2000,5,0.315000
case4,3,2100,1,0.069524
case4,3,2100,2,0.126667
case4,3,2100,3,0.202857
case4,3,2100,4,0.283333
case4,3,2100,5,0.317619
case4,3,2200,1,0.070455
case4,3,2200,2,0.125909
case4,3,2200,3,0.202727
case4,3,2200,4,0.283182
case4,3,2200,5,0.317727
case4,3,2300,1,0.070000
case4,3,2300,2,0.125217
case4,3,2300,3,0.203913
case4,3,2300,4,0.280000
case4,3,2300,5,0.320870
case4,3,2400,1,0.071667
case4,3,2400,2,0.125833
case4,3,2400,3,0.200833
case4,3,2400,4,0.279583
case4,3,2400,5,0.322083
case4,3,2500,1,0.071200
case4,3,2500,2,0.126400
case4,3,2500,3,0.201200
case4,3,2500,4,0.279200
case4,3,2500,5,0.322000
case4,3,2600,1,0.071538
case4,3,2600,2,0.127692
case4,3,2600,3,0.199231
case4,3,2600,4,0.278077
case4,3,2600,5,0.323462
case4,3,2700,1,0.071111
case4,3,2700,2,0.130370
case4,3,2700,3,0.200000
case4,3,2700,4,0.274815
case4,3,2700,5,0.323704
case4,3,2800,1,0.070714
case4,3,2800,2,0.130714
case4,3,2800,3,0.198571
case4,3,2800,4,0.274643
case4,3,2800,5,0.325357
case4,3,2900,1,0.070345
case4,3,2900,2,0.129655
case4,3,2900,3,0.199655
case4,3,2900,4,0.276552
case4,3,2900,5,0.323793
case4,3,3000,1,0.072333
case4,3,3000,2,0.128000
case4,3,3000,3,0.198333
case4,3,3000,4,0.274667
case4,3,3000,5,0.326667
case4,3,3100,1,0.072581
case4,3,3100,2,0.130645
case4,3,3100,3,0.197419
case4,3,3100,4,0.272903
case4,3,3100,5,0.326452
case4,3,3200,1,0.071250
case4,3,3200,2,0.132500
case4,3,3200,3,0.197500
case4,3,3200,4,0.273750
case4,3,3200,5,0.325000
case4,3,3300,1,0.071818
case4,3,3300,2,0.133939
case4,3,3300,3,0.195758
case4,3,3300,4,0.273636
case4,3,3300,5,0.324848
case4,3,3400,1,0.071176
case4,3,3400,2,0.134118
case4,3,3400,3,0.197647
case4,3,3400,4,0.273824
case4,3,3400,5,0.323235
case4,3,3500,1,0.070857
case4,3,3500,2,0.133714
case4,3,3500,3,0.199143
case4,3,3500,4,0.273714
case4,3,3500,5,0.322571
case4,3,3600,1,0.070000
case4,3,3600,2,0.132222
case4,3,3600,3,0.197778
case4,3,3600,4,0.275833
case4,3,3600,5,0.324167
case4,3,3700,1,0.069730
case4,3,3700,2,0.132162
case4,3,3700,3,0.196216
case4,3,3700,4,0.276757
case4,3,3700,5,0.325135
case4,3,3800,1,0.071053
case4,3,3800,2,0.131579
case4,3,3800,3,0.195789
case4,3,3800,4,0.275789
case4,3,3800,5,0.325789
case4,3,3900,1,0.070769
case4,3,3900,2,0.131795
case4,3,3900,3,0.196667
case4,3,3900,4,0.275385
case4,3,3900,5,0.325385
case4,3,4000,1,0.071000
case4,3,4000,2,0.131500
case4,3,4000,3,0.196750
case4,3,4000,4,0.276250
case4,3,4000,5,0.324500
case4,3,4100,1,0.070000
case4,3,4100,2,0.133415
case4,3,4100,3,0.196829
case4,3,4100,4,0.276829
case4,3,4100,5,0.322927
case4,3,4200,1,0.069762
case4,3,4200,2,0.131667
case4,3,4200,3,0.197143
case4,3,4200,4,0.277143
case4,3,4200,5,0.324286
case4,3,4300,1,0.069535
case4,3,4300,2,0.130698
case4,3,4300,3,0.196279
case4,3,4300,4,0.277674
case4,3,4300,5,0.325814
case4,3,4400,1,0.069545
case4,3,4400,2,0.132273
case4,3,4400,3,0.195455
case4,3,4400,4,0.276818
case4,3,4400,5,0.325909
case4,3,4500,1,0.070000
case4,3,4500,2,0.133778
case4,3,4500,3,0.195111
case4,3,4500,4,0.274889
case4,3,4500,5,0.326222
case4,3,4600,1,0.069783
case4,3,4600,2,0.134783
case4,3,4600,3,0.194783
case4,3,4600,4,0.275435
case4,3,4600,5,0.325217
case4,3,4700,1,0.070000
case4,3,4700,2,0.133617
case4,3,4700,3,0.194894
case4,3,4700,4,0.275106
case4,3,4700,5,0.326383
case4,3,4800,1,0.069792
case4,3,4800,2,0.134375
case4,3,4800,3,0.194792
case4,3,4800,4,0.273750
case4,3,4800,5,0.327292
case4,3,4900,1,0.069592
case4,3,4900,2,0.133673
case4,3,4900,3,0.194898
case4,3,4900,4,0.274286
case4,3,4900,5,0.327551
case4,3,5000,1,0.069000
case4,3,5000,2,0.133400
case4,3,5000,3,0.196200
case4,3,5000,4,0.272600
case4,3,5000,5,0.328800
case4,3,5100,1,0.068824
case4,3,5100,2,0.133137
case4,3,5100,3,0.196863
case4,3,5100,4,0.272745
case4,3,5100,5,0.328431
case4,3,5200,1,0.068462
case4,3,5200,2,0.132500
case4,3,5200,3,0.196538
case4,3,5200,4,0.272885
case4,3,5200,5,0.329615
case4,3,5300,1,0.068302
case4,3,5300,2,0.131321
case4,3,5300,3,0.198868
case4,3,5300,4,0.272075
case4,3,5300,5,0.329434
case4,3,5400,1,0.067963
case4,3,5400,2,0.130556
case4,3,5400,3,0.198519
case4,3,5400,4,0.272593
case4,3,5400,5,0.330370
case4,3,5500,1,0.067818
case4,3,5500,2,0.129818
case4,3,5500,3,0.198182
case4,3,5500,4,0.274545
case4,3,5500,5,0.329636
case4,3,5600,1,0.068571
case4,3,5600,2,0.129464
case4,3,5600,3,0.198571
case4,3,5600,4,0.275536
case4,3,5600,5,0.327857
case4,3,5700,1,0.068421
case4,3,5700,2,0.129825
case4,3,5700,3,0.198947
case4,3,5700,4,0.275965
case4,3,5700,5,0.326842
case4,3,5800,1,0.068966
case4,3,5800,2,0.131034
case4,3,5800,3,0.198793
case4,3,5800,4,0.274828
case4,3,5800,5,0.326379
case4,3,5900,1,0.069153
case4,3,5900,2,0.130847
case4,3,5900,3,0.197797
case4,3,5900,4,0.275763
case4,3,5900,5,0.326441
case4,3,6000,1,0.069000
case4,3,6000,2,0.130500
case4,3,6000,3,0.198667
case4,3,6000,4,0.275667
case4,3,6000,5,0.326167
case4,3,6100,1,0.068525
case4,3,6100,2,0.131967
case4,3,6100,3,0.197869
case4,3,6100,4,0.275902
case4,3,6100,5,0.325738
case4,3,6200,1,0.068065
case4,3,6200,2,0.131774
case4,3,6200,3,0.198871
case4,3,6200,4,0.276290
case4,3,6200,5,0.325000
case4,3,6300,1,0.067778
case4,3,6300,2,0.130952
case4,3,6300,3,0.199683
case4,3,6300,4,0.276984
case4,3,6300,5,0.324603
case4,3,6400,1,0.068437
case4,3,6400,2,0.131406
case4,3,6400,3,0.198594
case4,3,6400,4,0.276719
case4,3,6400,5,0.324844
case4,3,6500,1,0.068462
case4,3,6500,2,0.131077
case4,3,6500,3,0.199077
case4,3,6500,4,0.276615
case4,3,6500,5,0.324769
case4,3,6600,1,0.068182
case4,3,6600,2,0.130909
case4,3,6600,3,0.199697
case4,3,6600,4,0.277273
case4,3,6600,5,0.323939
case4,3,6700,1,0.067761
case4,3,6700,2,0.130896
case4,3,6700,3,0.200299
case4,3,6700,4,0.277015
case4,3,6700,5,0.324030
case4,3,6800,1,0.068971
case4,3,6800,2,0.131471
case4,3,6800,3,0.200588
case4,3,6800,4,0.275882
case4,3,6800,5,0.323088
case4,3,6900,1,0.068841
case4,3,6900,2,0.130870
case4,3,6900,3,0.199565
case4,3,6900,4,0.276667
case4,3,6900,5,0.324058
case4,3,7000,1,0.069143
case4,3,7000,2,0.131429
case4,3,7000,3,0.198571
case4,3,7000,4,0.276714
case4,3,7000,5,0.324143
case4,3,7100,1,0.069577
case4,3,7100,2,0.131549
case4,3,7100,3,0.198732
case4,3,7100,4,0.276056
case4,3,7100,5,0.324085
case4,3,7200,1,0.069722
case4,3,7200,2,0.132361
case4,3,7200,3,0.197917
case4,3,7200,4,0.275278
case4,3,7200,5,0.324722
case4,3,7300,1,0.069726
case4,3,7300,2,0.133014
case4,3,7300,3,0.198356
case4,3,7300,4,0.275068
case4,3,7300,5,0.323836
case4,3,7400,1,0.070270
case4,3,7400,2,0.132432
case4,3,7400,3,0.198108
case4,3,7400,4,0.276081
case4,3,7400,5,0.323108
case4,3,7500,1,0.070267
case4,3,7500,2,0.132800
case4,3,7500,3,0.197733
case4,3,7500,4,0.276000
case4,3,7500,5,0.323200
case4,3,7600,1,0.070132
case4,3,7600,2,0.132368
case4,3,7600,3,0.198816
case4,3,7600,4,0.275658
case4,3,7600,5,0.323026
case4,3,7700,1,0.069870
case4,3,7700,2,0.132468
case4,3,7700,3,0.199870
case4,3,7700,4,0.275065
case4,3,7700,5,0.322727
case4,3,7800,1,0.070256
case4,3,7800,2,0.131795
case4,3,7800,3,0.200000
case4,3,7800,4,0.274487
case4,3,7800,5,0.323462
case4,3,7900,1,0.070000
case4,3,7900,2,0.131519
case4,3,7900,3,0.199873
case4,3,7900,4,0.274557
case4,3,7900,5,0.324051
case4,3,8000,1,0.069875
case4,3,8000,2,0.131500
case4,3,8000,3,0.199625
case4,3,8000,4,0.275625
case4,3,8000,5,0.323375
case4,3,8100,1,0.069753
case4,3,8100,2,0.130988
case4,3,8100,3,0.200123
case4,3,8100,4,0.275802
case4,3,8100,5,0.323333
case4,3,8200,1,0.070122
case4,3,8200,2,0.131463
case4,3,8200,3,0.200244
case4,3,8200,4,0.275610
case4,3,8200,5,0.322561
case4,3,8300,1,0.069880
case4,3,8300,2,0.131807
case4,3,8300,3,0.199639
case4,3,8300,4,0.276024
case4,3,8300,5,0.322651
case4,3,8400,1,0.069524
case4,3,8400,2,0.131310
case4,3,8400,3,0.200238
case4,3,8400,4,0.275595
case4,3,8400,5,0.323333
case4,3,8500,1,0.069176
case4,3,8500,2,0.130941
case4,3,8500,3,0.200588
case4,3,8500,4,0.275647
case4,3,8500,5,0.323647
case4,3,8600,1,0.068953
case4,3,8600,2,0.130698
case4,3,8600,3,0.200581
case4,3,8600,4,0.276279
case4,3,8600,5,0.323488
case4,3,8700,1,0.069080
case4,3,8700,2,0.131149
case4,3,8700,3,0.200345
case4,3,8700,4,0.275747
case4,3,8700,5,0.323678
case4,3,8800,1,0.068977
case4,3,8800,2,0.131477
case4,3,8800,3,0.201136
case4,3,8800,4,0.275114
case4,3,8800,5,0.323295
case4,3,8900,1,0.069101
case4,3,8900,2,0.132022
case4,3,8900,3,0.201461
case4,3,8900,4,0.274045
case4,3,8900,5,0.323371
case4,3,9000,1,0.069000
case4,3,9000,2,0.132333
case4,3,9000,3,0.201444
case4,3,9000,4,0.273556
case4,3,9000,5,0.323667
case4,3,9100,1,0.069560
case4,3,9100,2,0.132308
case4,3,9100,3,0.201209
case4,3,9100,4,0.273077
case4,3,9100,5,0.323846
case4,3,9200,1,0.069783
case4,3,9200,2,0.132826
case4,3,9200,3,0.200109
case4,3,9200,4,0.273261
case4,3,9200,5,0.324022
case4,3,9300,1,0.069355
case4,3,9300,2,0.132903
case4,3,9300,3,0.200000
case4,3,9300,4,0.272581
case4,3,9300,5,0.325161
case4,3,9400,1,0.069043
case4,3,9400,2,0.132979
case4,3,9400,3,0.199894
case4,3,9400,4,0.273404
case4,3,9400,5,0.324681
case4,3,9500,1,0.068737
case4,3,9500,2,0.132842
case4,3,9500,3,0.199053
case4,3,9500,4,0.273053
case4,3,9500,5,0.326316
case4,3,9600,1,0.068958
case4,3,9600,2,0.132708
case4,3,9600,3,0.199063
case4,3,9600,4,0.272708
case4,3,9600,5,0.326562
case4,3,9700,1,0.068763
case4,3,9700,2,0.133505
case4,3,9700,3,0.198247
case4,3,9700,4,0.272990
case4,3,9700,5,0.326495
case4,3,9800,1,0.068980
case4,3,9800,2,0.132857
case4,3,9800,3,0.198061
case4,3,9800,4,0.273980
case4,3,9800,5,0.326122
case4,3,9900,1,0.068889
case4,3,9900,2,0.133232
case4,3,9900,3,0.197778
case4,3,9900,4,0.274040
case4,3,9900,5,0.326061
case4,3,10000,1,0.068900
case4,3,10000,2,0.133100
case4,3,10000,3,0.198200
case4,3,10000,4,0.273600
case4,3,10000,5,0.326200
case4,4,100,1,0.090000
case4,4,100,2,0.120000
case4,4,100,3,0.160000
case4,4,100,4,0.260000
case4,4,100,5,0.370000
case4,4,200,1,0.060000
case4,4,200,2,0.155000
case4,4,200,3,0.200000
case4,4,200,4,0.230000
case4,4,200,5,0.355000
case4,4,300,1,0.070000
case4,4,300,2,0.150000
case4,4,300,3,0.193333
case4,4,300,4,0.243333
case4,4,300,5,0.343333
case4,4,400,1,0.065000
case4,4,400,2,0.150000
case4,4,400,3,0.187500
case4,4,400,4,0.245000
case4,4,400,5,0.352500
case4,4,500,1,0.066000
case4,4,500,2,0.136000
case4,4,500,3,0.200000
case4,4,500,4,0.236000
case4,4,500,5,0.362000
case4,4,600,1,0.065000
case4,4,600,2,0.143333
case4,4,600,3,0.188333
case4,4,600,4,0.246667
case4,4,600,5,0.356667
case4,4,700,1,0.065714
case4,4,700,2,0.137143
case4,4,700,3,0.190000
case4,4,700,4,0.247143
case4,4,700,5,0.360000
case4,4,800,1,0.066250
case4,4,800,2,0.130000
case4,4,800,3,0.190000
case4,4,800,4,0.253750
case4,4,800,5,0.360000
case4,4,900,1,0.067778
case4,4,900,2,0.126667
case4,4,900,3,0.193333
case4,4,900,4,0.261111
case4,4,900,5,0.351111
case4,4,1000,1,0.066000
case4,4,1000,2,0.125000
case4,4,1000,3,0.199000
case4,4,1000,4,0.262000
case4,4,1000,5,0.348000
case4,4,1100,1,0.065455
case4,4,1100,2,0.124545
case4,4,1100,3,0.200000
case4,4,1100,4,0.262727
case4,4,1100,5,0.347273
case4,4,1200,1,0.065833
case4,4,1200,2,0.128333
case4,4,1200,3,0.200000
case4,4,1200,4,0.265833
case4,4,1200,5,0.340000
case4,4,1300,1,0.065385
case4,4,1300,2,0.130769
case4,4,1300,3,0.203077
case4,4,1300,4,0.266923
case4,4,1300,5,0.333846
case4,4,1400,1,0.066429
case4,4,1400,2,0.129286
case4,4,1400,3,0.202857
case4,4,1400,4,0.267857
case4,4,1400,5,0.333571
case4,4,1500,1,0.066667
case4,4,1500,2,0.129333
case4,4,1500,3,0.196667
case4,4,1500,4,0.267333
case4,4,1500,5,0.340000
case4,4,1600,1,0.065625
case4,4,1600,2,0.131875
case4,4,1600,3,0.200000
case4,4,1600,4,0.266875
case4,4,1600,5,0.335625
case4,4,1700,1,0.065882
case4,4,1700,2,0.132941
case4,4,1700,3,0.197059
case4,4,1700,4,0.268824
case4,4,1700,5,0.335294
case4,4,1800,1,0.063333
case4,4,1800,2,0.133333
case4,4,1800,3,0.198889
case4,4,1800,4,0.268889
case4,4,1800,5,0.335556
case4,4,1900,1,0.064737
case4,4,1900,2,0.131579
case4,4,1900,3,0.198421
case4,4,1900,4,0.266316
case4,4,1900,5,0.338947
case4,4,2000,1,0.065500
case4,4,2000,2,0.134000
case4,4,2000,3,0.197000
case4,4,2000,4,0.268000
case4,4,2000,5,0.335500
case4,4,2100,1,0.068095
case4,4,2100,2,0.133810
case4,4,2100,3,0.195238
case4,4,2100,4,0.269524
case4,4,2100,5,0.333333
case4,4,2200,1,0.070909
case4,4,2200,2,0.135000
case4,4,2200,3,0.195909
case4,4,2200,4,0.268182
case4,4,2200,5,0.330000
case4,4,2300,1,0.069565
case4,4,2300,2,0.135217
case4,4,2300,3,0.198696
case4,4,2300,4,0.268261
case4,4,2300,5,0.328261
case4,4,2400,1,0.069583
case4,4,2400,2,0.134167
case4,4,2400,3,0.200417
case4,4,2400,4,0.266250
case4,4,2400,5,0.329583
case4,4,2500,1,0.069200
case4,4,2500,2,0.134400
case4,4,2500,3,0.200800
case4,4,2500,4,0.266800
case4,4,2500,5,0.328800
case4,4,2600,1,0.067692
case4,4,2600,2,0.135385
case4,4,2600,3,0.198846
case4,4,2600,4,0.267308
case4,4,2600,5,0.330769
case4,4,2700,1,0.067778
case4,4,2700,2,0.134444
case4,4,2700,3,0.197037
case4,4,2700,4,0.267778
case4,4,2700,5,0.332963
case4,4,2800,1,0.066786
case4,4,2800,2,0.134286
case4,4,2800,3,0.196786
case4,4,2800,4,0.267500
case4,4,2800,5,0.334643
case4,4,2900,1,0.065862
case4,4,2900,2,0.135517
case4,4,2900,3,0.195862
case4,4,2900,4,0.266552
case4,4,2900,5,0.336207
case4,4,3000,1,0.067333
case4,4,3000,2,0.136667
case4,4,3000,3,0.196333
case4,4,3000,4,0.264667
case4,4,3000,5,0.335000
case4,4,3100,1,0.066452
case4,4,3100,2,0.136129
case4,4,3100,3,0.196452
case4,4,3100,4,0.265484
case4,4,3100,5,0.335484
case4,4,3200,1,0.066562
case4,4,3200,2,0.135000
case4,4,3200,3,0.198125
case4,4,3200,4,0.265313
case4,4,3200,5,0.335000
case4,4,3300,1,0.065455
case4,4,3300,2,0.136667
case4,4,3300,3,0.196667
case4,4,3300,4,0.263333
case4,4,3300,5,0.337879
case4,4,3400,1,0.064706
case4,4,3400,2,0.137059
case4,4,3400,3,0.197059
case4,4,3400,4,0.262941
case4,4,3400,5,0.338235
case4,4,3500,1,0.064286
case4,4,3500,2,0.135429
case4,4,3500,3,0.197714
case4,4,3500,4,0.262857
case4,4,3500,5,0.339714
case4,4,3600,1,0.065278
case4,4,3600,2,0.134444
case4,4,3600,3,0.196667
case4,4,3600,4,0.263333
case4,4,3600,5,0.340278
case4,4,3700,1,0.065405
case4,4,3700,2,0.133514
case4,4,3700,3,0.196486
case4,4,3700,4,0.264324
case4,4,3700,5,0.340270
case4,4,3800,1,0.065000
case4,4,3800,2,0.133421
case4,4,3800,3,0.196316
case4,4,3800,4,0.265789
case4,4,3800,5,0.339474
case4,4,3900,1,0.064615
case4,4,3900,2,0.133333
case4,4,3900,3,0.196667
case4,4,3900,4,0.266410
case4,4,3900,5,0.338974
case4,4,4000,1,0.064000
case4,4,4000,2,0.133500
case4,4,4000,3,0.196000
case4,4,4000,4,0.266500
case4,4,4000,5,0.340000
case4,4,4100,1,0.062927
case4,4,4100,2,0.133659
case4,4,4100,3,0.196098
case4,4,4100,4,0.268780
case4,4,4100,5,0.338537
case4,4,4200,1,0.063333
case4,4,4200,2,0.134048
case4,4,4200,3,0.197143
case4,4,4200,4,0.268095
case4,4,4200,5,0.337381
case4,4,4300,1,0.063953
case4,4,4300,2,0.134186
case4,4,4300,3,0.197442
case4,4,4300,4,0.268605
case4,4,4300,5,0.335814
case4,4,4400,1,0.064318
case4,4,4400,2,0.133409
case4,4,4400,3,0.194545
case4,4,4400,4,0.269318
case4,4,4400,5,0.338409
case4,4,4500,1,0.064667
case4,4,4500,2,0.132889
case4,4,4500,3,0.193333
case4,4,4500,4,0.268222
case4,4,4500,5,0.340889
case4,4,4600,1,0.065652
case4,4,4600,2,0.133261
case4,4,4600,3,0.193261
case4,4,4600,4,0.266739
case4,4,4600,5,0.341087
case4,4,4700,1,0.065319
case4,4,4700,2,0.133191
case4,4,4700,3,0.194255
case4,4,4700,4,0.267234
case4,4,4700,5,0.340000
case4,4,4800,1,0.065833
case4,4,4800,2,0.133125
case4,4,4800,3,0.193958
case4,4,4800,4,0.267917
case4,4,4800,5,0.339167
case4,4,4900,1,0.065510
case4,4,4900,2,0.133878
case4,4,4900,3,0.193673
case4,4,4900,4,0.268776
case4,4,4900,5,0.338163
case4,4,5000,1,0.065600
case4,4,5000,2,0.134400
case4,4,5000,3,0.192600
case4,4,5000,4,0.268800
case4,4,5000,5,0.338600
case4,4,5100,1,0.065098
case4,4,5100,2,0.133529
case4,4,5100,3,0.193725
case4,4,5100,4,0.269216
case4,4,5100,5,0.338431
case4,4,5200,1,0.065385
case4,4,5200,2,0.133846
case4,4,5200,3,0.193654
case4,4,5200,4,0.269423
case4,4,5200,5,0.337692
case4,4,5300,1,0.065660
case4,4,5300,2,0.133962
case4,4,5300,3,0.194340
case4,4,5300,4,0.268868
case4,4,5300,5,0.337170
case4,4,5400,1,0.065370
case4,4,5400,2,0.133148
case4,4,5400,3,0.193889
case4,4,5400,4,0.269630
case4,4,5400,5,0.337963
case4,4,5500,1,0.064545
case4,4,5500,2,0.133455
case4,4,5500,3,0.194545
case4,4,5500,4,0.270182
case4,4,5500,5,0.337273
case4,4,5600,1,0.064107
case4,4,5600,2,0.133393
case4,4,5600,3,0.194286
case4,4,5600,4,0.270714
case4,4,5600,5,0.337500
case4,4,5700,1,0.064211
case4,4,5700,2,0.133684
case4,4,5700,3,0.194737
case4,4,5700,4,0.271053
case4,4,5700,5,0.336316
case4,4,5800,1,0.064310
case4,4,5800,2,0.133621
case4,4,5800,3,0.196207
case4,4,5800,4,0.271207
case4,4,5800,5,0.334655
case4,4,5900,1,0.065085
case4,4,5900,2,0.134407
case4,4,5900,3,0.195254
case4,4,5900,4,0.271186
case4,4,5900,5,0.334068
case4,4,6000,1,0.065667
case4,4,6000,2,0.134500
case4,4,6000,3,0.194833
case4,4,6000,4,0.271500
case4,4,6000,5,0.333500
case4,4,6100,1,0.065410
case4,4,6100,2,0.134426
case4,4,6100,3,0.195410
case4,4,6100,4,0.270820
case4,4,6100,5,0.333934
case4,4,6200,1,0.065484
case4,4,6200,2,0.134516
case4,4,6200,3,0.194355
case4,4,6200,4,0.271452
case4,4,6200,5,0.334194
case4,4,6300,1,0.065238
case4,4,6300,2,0.134127
case4,4,6300,3,0.194286
case4,4,6300,4,0.272222
case4,4,6300,5,0.334127
case4,4,6400,1,0.064531
case4,4,6400,2,0.134531
case4,4,6400,3,0.193750
case4,4,6400,4,0.272188
case4,4,6400,5,0.335000
case4,4,6500,1,0.065077
case4,4,6500,2,0.133846
case4,4,6500,3,0.193538
case4,4,6500,4,0.272615
case4,4,6500,5,0.334923
case4,4,6600,1,0.065152
case4,4,6600,2,0.133182
case4,4,6600,3,0.193788
case4,4,6600,4,0.272273
case4,4,6600,5,0.335606
case4,4,6700,1,0.064925
case4,4,6700,2,0.133582
case4,4,6700,3,0.194925
case4,4,6700,4,0.272537
case4,4,6700,5,0.334030
case4,4,6800,1,0.064706
case4,4,6800,2,0.133235
case4,4,6800,3,0.195441
case4,4,6800,4,0.271324
case4,4,6800,5,0.335294
case4,4,6900,1,0.064783
case4,4,6900,2,0.133333
case4,4,6900,3,0.195507
case4,4,6900,4,0.270870
case4,4,6900,5,0.335507
case4,4,7000,1,0.065000
case4,4,7000,2,0.132714
case4,4,7000,3,0.195000
case4,4,7000,4,0.271714
case4,4,7000,5,0.335571
case4,4,7100,1,0.065070
case4,4,7100,2,0.132535
case4,4,7100,3,0.195070
case4,4,7100,4,0.272394
case4,4,7100,5,0.334930
case4,4,7200,1,0.065972
case4,4,7200,2,0.131806
case4,4,7200,3,0.195417
case4,4,7200,4,0.271944
case4,4,7200,5,0.334861
case4,4,7300,1,0.065616
case4,4,7300,2,0.132055
case4,4,7300,3,0.196027
case4,4,7300,4,0.270685
case4,4,7300,5,0.335616
case4,4,7400,1,0.065541
case4,4,7400,2,0.132432
case4,4,7400,3,0.195676
case4,4,7400,4,0.270946
case4,4,7400,5,0.335405
case4,4,7500,1,0.065867
case4,4,7500,2,0.132267
case4,4,7500,3,0.195600
case4,4,7500,4,0.271333
case4,4,7500,5,0.334933
case4,4,7600,1,0.065395
case4,4,7600,2,0.131447
case4,4,7600,3,0.195263
case4,4,7600,4,0.272368
case4,4,7600,5,0.335526
case4,4,7700,1,0.065195
case4,4,7700,2,0.130779
case4,4,7700,3,0.195974
case4,4,7700,4,0.272468
case4,4,7700,5,0.335584
case4,4,7800,1,0.065000
case4,4,7800,2,0.130128
case4,4,7800,3,0.196026
case4,4,7800,4,0.272692
case4,4,7800,5,0.336154
case4,4,7900,1,0.065316
case4,4,7900,2,0.130253
case4,4,7900,3,0.196329
case4,4,7900,4,0.272911
case4,4,7900,5,0.335190
case4,4,8000,1,0.064750
case4,4,8000,2,0.130500
case4,4,8000,3,0.196500
case4,4,8000,4,0.273875
case4,4,8000,5,0.334375
case4,4,8100,1,0.064938
case4,4,8100,2,0.130617
case4,4,8100,3,0.195926
case4,4,8100,4,0.274938
case4,4,8100,5,0.333580
case4,4,8200,1,0.064756
case4,4,8200,2,0.131220
case4,4,8200,3,0.196220
case4,4,8200,4,0.274756
case4,4,8200,5,0.333049
case4,4,8300,1,0.064337
case4,4,8300,2,0.131205
case4,4,8300,3,0.195783
case4,4,8300,4,0.275301
case4,4,8300,5,0.333373
case4,4,8400,1,0.064167
case4,4,8400,2,0.131429
case4,4,8400,3,0.195476
case4,4,8400,4,0.274881
case4,4,8400,5,0.334048
case4,4,8500,1,0.064118
case4,4,8500,2,0.131059
case4,4,8500,3,0.197059
case4,4,8500,4,0.274706
case4,4,8500,5,0.333059
case4,4,8600,1,0.064302
case4,4,8600,2,0.131395
case4,4,8600,3,0.196744
case4,4,8600,4,0.274419
case4,4,8600,5,0.333140
case4,4,8700,1,0.064713
case4,4,8700,2,0.131149
case4,4,8700,3,0.196782
case4,4,8700,4,0.275057
case4,4,8700,5,0.332299
case4,4,8800,1,0.064886
case4,4,8800,2,0.132045
case4,4,8800,3,0.196705
case4,4,8800,4,0.275341
case4,4,8800,5,0.331023
case4,4,8900,1,0.065169
case4,4,8900,2,0.131798
case4,4,8900,3,0.196742
case4,4,8900,4,0.274494
case4,4,8900,5,0.331798
case4,4,9000,1,0.065556
case4,4,9000,2,0.132111
case4,4,9000,3,0.196667
case4,4,9000,4,0.275000
case4,4,9000,5,0.330667
case4,4,9100,1,0.065495
case4,4,9100,2,0.131978
case4,4,9100,3,0.197582
case4,4,9100,4,0.274615
case4,4,9100,5,0.330330
case4,4,9200,1,0.065435
case4,4,9200,2,0.132065
case4,4,9200,3,0.197283
case4,4,9200,4,0.275109
case4,4,9200,5,0.330109
case4,4,9300,1,0.065269
case4,4,9300,2,0.132151
case4,4,9300,3,0.197634
case4,4,9300,4,0.275484
case4,4,9300,5,0.329462
case4,4,9400,1,0.065213
case4,4,9400,2,0.132234
case4,4,9400,3,0.196702
case4,4,9400,4,0.276809
case4,4,9400,5,0.329043
case4,4,9500,1,0.064947
case4,4,9500,2,0.131789
case4,4,9500,3,0.196947
case4,4,9500,4,0.277263
case4,4,9500,5,0.329053
case4,4,9600,1,0.065417
case4,4,9600,2,0.131667
case4,4,9600,3,0.196563
case4,4,9600,4,0.276875
case4,4,9600,5,0.329479
case4,4,9700,1,0.065464
case4,4,9700,2,0.132062
case4,4,9700,3,0.197010
case4,4,9700,4,0.276495
case4,4,9700,5,0.328969
case4,4,9800,1,0.065204
case4,4,9800,2,0.131633
case4,4,9800,3,0.197551
case4,4,9800,4,0.276633
case4,4,9800,5,0.328980
case4,4,9900,1,0.065051
case4,4,9900,2,0.131616
case4,4,9900,3,0.197576
case4,4,9900,4,0.276263
case4,4,9900,5,0.329495
case4,4,10000,1,0.065200
case4,4,10000,2,0.132000
case4,4,10000,3,0.197700
case4,4,10000,4,0.276100
case4,4,10000,5,0.329000
case4,5,100,1,0.020000
case4,5,100,2,0.080000
case4,5,100,3,0.210000
case4,5,100,4,0.390000
case4,5,100,5,0.300000
case4,5,200,1,0.050000
case4,5,200,2,0.085000
case4,5,200,3,0.200000
case4,5,200,4,0.335000
case4,5,200,5,0.330000
case4,5,300,1,0.050000
case4,5,300,2,0.093333
case4,5,300,3,0.206667
case4,5,300,4,0.306667
case4,5,300,5,0.343333
case4,5,400,1,0.050000
case4,5,400,2,0.112500
case4,5,400,3,0.192500
case4,5,400,4,0.302500
case4,5,400,5,0.342500
case4,5,500,1,0.050000
case4,5,500,2,0.108000
case4,5,500,3,0.200000
case4,5,500,4,0.310000
case4,5,500,5,0.332000
case4,5,600,1,0.056667
case4,5,600,2,0.115000
case4,5,600,3,0.201667
case4,5,600,4,0.296667
case4,5,600,5,0.330000
case4,5,700,1,0.061429
case4,5,700,2,0.118571
case4,5,700,3,0.194286
case4,5,700,4,0.294286
case4,5,700,5,0.331429
case4,5,800,1,0.057500
case4,5,800,2,0.121250
case4,5,800,3,0.193750
case4,5,800,4,0.292500
case4,5,800,5,0.335000
case4,5,900,1,0.058889
case4,5,900,2,0.120000
case4,5,900,3,0.188889
case4,5,900,4,0.290000
case4,5,900,5,0.342222
case4,5,1000,1,0.062000
case4,5,1000,2,0.120000
case4,5,1000,3,0.187000
case4,5,1000,4,0.291000
case4,5,1000,5,0.340000
case4,5,1100,1,0.061818
case4,5,1100,2,0.128182
case4,5,1100,3,0.183636
case4,5,1100,4,0.288182
case4,5,1100,5,0.338182
case4,5,1200,1,0.065000
case4,5,1200,2,0.130000
case4,5,1200,3,0.180000
case4,5,1200,4,0.285833
case4,5,1200,5,0.339167
case4,5,1300,1,0.065385
case4,5,1300,2,0.130769
case4,5,1300,3,0.184615
case4,5,1300,4,0.280000
case4,5,1300,5,0.339231
case4,5,1400,1,0.065714
case4,5,1400,2,0.131429
case4,5,1400,3,0.195714
case4,5,1400,4,0.276429
case4,5,1400,5,0.330714
case4,5,1500,1,0.065333
case4,5,1500,2,0.132000
case4,5,1500,3,0.197333
case4,5,1500,4,0.276667
case4,5,1500,5,0.328667
case4,5,1600,1,0.064375
case4,5,1600,2,0.133125
case4,5,1600,3,0.198125
case4,5,1600,4,0.278750
case4,5,1600,5,0.325625
case4,5,1700,1,0.065882
case4,5,1700,2,0.130588
case4,5,1700,3,0.198235
case4,5,1700,4,0.277647
case4,5,1700,5,0.327647
case4,5,1800,1,0.067222
case4,5,1800,2,0.130000
case4,5,1800,3,0.193333
case4,5,1800,4,0.280556
case4,5,1800,5,0.328889
case4,5,1900,1,0.069474
case4,5,1900,2,0.128421
case4,5,1900,3,0.196842
case4,5,1900,4,0.277368
case4,5,1900,5,0.327895
case4,5,2000,1,0.069000
case4,5,2000,2,0.127500
case4,5,2000,3,0.202000
case4,5,2000,4,0.273000
case4,5,2000,5,0.328500
case4,5,2100,1,0.070000
case4,5,2100,2,0.125238
case4,5,2100,3,0.199524
case4,5,2100,4,0.274286
case4,5,2100,5,0.330952
case4,5,2200,1,0.070455
case4,5,2200,2,0.125909
case4,5,2200,3,0.198636
case4,5,2200,4,0.275909
case4,5,2200,5,0.329091
case4,5,2300,1,0.071304
case4,5,2300,2,0.124783
case4,5,2300,3,0.199130
case4,5,2300,4,0.278261
case4,5,2300,5,0.326522
case4,5,2400,1,0.070833
case4,5,2400,2,0.124583
case4,5,2400,3,0.198750
case4,5,2400,4,0.278333
case4,5,2400,5,0.327500
case4,5,2500,1,0.072800
case4,5,2500,2,0.122800
case4,5,2500,3,0.197200
case4,5,2500,4,0.278400
case4,5,2500,5,0.328800
case4,5,2600,1,0.073077
case4,5,2600,2,0.120000
case4,5,2600,3,0.193077
case4,5,2600,4,0.282308
case4,5,2600,5,0.331538
case4,5,2700,1,0.074444
case4,5,2700,2,0.120370
case4,5,2700,3,0.193333
case4,5,2700,4,0.281852
case4,5,2700,5,0.330000
case4,5,2800,1,0.075000
case4,5,2800,2,0.120714
case4,5,2800,3,0.193214
case4,5,2800,4,0.282143
case4,5,2800,5,0.328929
case4,5,2900,1,0.074483
case4,5,2900,2,0.121034
case4,5,2900,3,0.193793
case4,5,2900,4,0.282759
case4,5,2900,5,0.327931
case4,5,3000,1,0.073333
case4,5,3000,2,0.122667
case4,5,3000,3,0.193333
case4,5,3000,4,0.283333
case4,5,3000,5,0.327333
case4,5,3100,1,0.074194
case4,5,3100,2,0.124194
case4,5,3100,3,0.196452
case4,5,3100,4,0.279677
case4,5,3100,5,0.325484
case4,5,3200,1,0.073750
case4,5,3200,2,0.124375
case4,5,3200,3,0.196563
case4,5,3200,4,0.277187
case4,5,3200,5,0.328125
case4,5,3300,1,0.073636
case4,5,3300,2,0.123939
case4,5,3300,3,0.196970
case4,5,3300,4,0.275152
case4,5,3300,5,0.330303
case4,5,3400,1,0.074118
case4,5,3400,2,0.124412
case4,5,3400,3,0.196176
case4,5,3400,4,0.275294
case4,5,3400,5,0.330000
case4,5,3500,1,0.074000
case4,5,3500,2,0.124286
case4,5,3500,3,0.196000
case4,5,3500,4,0.275714
case4,5,3500,5,0.330000
case4,5,3600,1,0.074722
case4,5,3600,2,0.126111
case4,5,3600,3,0.195556
case4,5,3600,4,0.275556
case4,5,3600,5,0.328056
case4,5,3700,1,0.075676
case4,5,3700,2,0.127027
case4,5,3700,3,0.194865
case4,5,3700,4,0.274054
case4,5,3700,5,0.328378
case4,5,3800,1,0.076053
case4,5,3800,2,0.126842
case4,5,3800,3,0.195526
case4,5,3800,4,0.272368
case4,5,3800,5,0.329211
case4,5,3900,1,0.075897
case4,5,3900,2,0.125641
case4,5,3900,3,0.198205
case4,5,3900,4,0.270769
case4,5,3900,5,0.329487
case4,5,4000,1,0.076250
case4,5,4000,2,0.126000
case4,5,4000,3,0.196250
case4,5,4000,4,0.272750
case4,5,4000,5,0.328750
case4,5,4100,1,0.076585
case4,5,4100,2,0.125854
case4,5,4100,3,0.197561
case4,5,4100,4,0.272195
case4,5,4100,5,0.327805
case4,5,4200,1,0.075952
case4,5,4200,2,0.125000
case4,5,4200,3,0.199048
case4,5,4200,4,0.271667
case4,5,4200,5,0.328333
case4,5,4300,1,0.075814
case4,5,4300,2,0.126047
case4,5,4300,3,0.199302
case4,5,4300,4,0.273256
case4,5,4300,5,0.325581
case4,5,4400,1,0.076364
case4,5,4400,2,0.125455
case4,5,4400,3,0.199318
case4,5,4400,4,0.272955
case4,5,4400,5,0.325909
case4,5,4500,1,0.074889
case4,5,4500,2,0.126667
case4,5,4500,3,0.200889
case4,5,4500,4,0.272444
case4,5,4500,5,0.325111
case4,5,4600,1,0.074783
case4,5,4600,2,0.126957
case4,5,4600,3,0.199348
case4,5,4600,4,0.273913
case4,5,4600,5,0.325000
case4,5,4700,1,0.075106
case4,5,4700,2,0.127447
case4,5,4700,3,0.200638
case4,5,4700,4,0.272553
case4,5,4700,5,0.324255
case4,5,4800,1,0.075000
case4,5,4800,2,0.126458
case4,5,4800,3,0.201458
case4,5,4800,4,0.273333
case4,5,4800,5,0.323750
case4,5,4900,1,0.074490
case4,5,4900,2,0.128367
case4,5,4900,3,0.200612
case4,5,4900,4,0.272857
case4,5,4900,5,0.323673
case4,5,5000,1,0.074200
case4,5,5000,2,0.128600
case4,5,5000,3,0.200600
case4,5,5000,4,0.272800
case4,5,5000,5,0.323800
case4,5,5100,1,0.075490
case4,5,5100,2,0.128824
case4,5,5100,3,0.200392
case4,5,5100,4,0.273725
case4,5,5100,5,0.321569
case4,5,5200,1,0.075385
case4,5,5200,2,0.129423
case4,5,5200,3,0.201538
case4,5,5200,4,0.273269
case4,5,5200,5,0.320385
case4,5,5300,1,0.075094
case4,5,5300,2,0.129434
case4,5,5300,3,0.202264
case4,5,5300,4,0.273774
case4,5,5300,5,0.319434
case4,5,5400,1,0.074815
case4,5,5400,2,0.130000
case4,5,5400,3,0.202593
case4,5,5400,4,0.273148
case4,5,5400,5,0.319444
case4,5,5500,1,0.074364
case4,5,5500,2,0.130909
case4,5,5500,3,0.202182
case4,5,5500,4,0.271818
case4,5,5500,5,0.320727
case4,5,5600,1,0.074821
case4,5,5600,2,0.131250
case4,5,5600,3,0.201786
case4,5,5600,4,0.271607
case4,5,5600,5,0.320536
case4,5,5700,1,0.075263
case4,5,5700,2,0.130877
case4,5,5700,3,0.201228
case4,5,5700,4,0.272456
case4,5,5700,5,0.320175
case4,5,5800,1,0.074655
case4,5,5800,2,0.131034
case4,5,5800,3,0.200517
case4,5,5800,4,0.273621
case4,5,5800,5,0.320172
case4,5,5900,1,0.074237
case4,5,5900,2,0.131017
case4,5,5900,3,0.200847
case4,5,5900,4,0.273729
case4,5,5900,5,0.320169
case4,5,6000,1,0.074167
case4,5,6000,2,0.131167
case4,5,6000,3,0.202333
case4,5,6000,4,0.273167
case4,5,6000,5,0.319167
case4,5,6100,1,0.074098
case4,5,6100,2,0.130492
case4,5,6100,3,0.202623
case4,5,6100,4,0.273443
case4,5,6100,5,0.319344
case4,5,6200,1,0.073548
case4,5,6200,2,0.130000
case4,5,6200,3,0.201452
case4,5,6200,4,0.274677
case4,5,6200,5,0.320323
case4,5,6300,1,0.073651
case4,5,6300,2,0.130159
case4,5,6300,3,0.201429
case4,5,6300,4,0.273016
case4,5,6300,5,0.321746
case4,5,6400,1,0.073438
case4,5,6400,2,0.130000
case4,5,6400,3,0.201094
case4,5,6400,4,0.271875
case4,5,6400,5,0.323594
case4,5,6500,1,0.073538
case4,5,6500,2,0.129385
case4,5,6500,3,0.201538
case4,5,6500,4,0.272308
case4,5,6500,5,0.323231
case4,5,6600,1,0.073182
case4,5,6600,2,0.130000
case4,5,6600,3,0.201212
case4,5,6600,4,0.272879
case4,5,6600,5,0.322727
case4,5,6700,1,0.072388
case4,5,6700,2,0.130299
case4,5,6700,3,0.201791
case4,5,6700,4,0.272985
case4,5,6700,5,0.322537
case4,5,6800,1,0.071912
case4,5,6800,2,0.130294
case4,5,6800,3,0.202206
case4,5,6800,4,0.273088
case4,5,6800,5,0.322500
case4,5,6900,1,0.071594
case4,5,6900,2,0.129565
case4,5,6900,3,0.203043
case4,5,6900,4,0.272464
case4,5,6900,5,0.323333
case4,5,7000,1,0.071000
case4,5,7000,2,0.129000
case4,5,7000,3,0.203714
case4,5,7000,4,0.272714
case4,5,7000,5,0.323571
case4,5,7100,1,0.070704
case4,5,7100,2,0.129155
case4,5,7100,3,0.203803
case4,5,7100,4,0.271972
case4,5,7100,5,0.324366
case4,5,7200,1,0.071111
case4,5,7200,2,0.129444
case4,5,7200,3,0.203472
case4,5,7200,4,0.271528
case4,5,7200,5,0.324444
case4,5,7300,1,0.070822
case4,5,7300,2,0.129315
case4,5,7300,3,0.202603
case4,5,7300,4,0.272192
case4,5,7300,5,0.325068
case4,5,7400,1,0.070811
case4,5,7400,2,0.129595
case4,5,7400,3,0.202568
case4,5,7400,4,0.272703
case4,5,7400,5,0.324324
case4,5,7500,1,0.071467
case4,5,7500,2,0.129200
case4,5,7500,3,0.202000
case4,5,7500,4,0.273200
case4,5,7500,5,0.324133
case4,5,7600,1,0.071711
case4,5,7600,2,0.128816
case4,5,7600,3,0.201842
case4,5,7600,4,0.273158
case4,5,7600,5,0.324474
case4,5,7700,1,0.072078
case4,5,7700,2,0.128182
case4,5,7700,3,0.202857
case4,5,7700,4,0.272857
case4,5,7700,5,0.324026
case4,5,7800,1,0.073333
case4,5,7800,2,0.127821
case4,5,7800,3,0.202949
case4,5,7800,4,0.272051
case4,5,7800,5,0.323846
case4,5,7900,1,0.073291
case4,5,7900,2,0.128101
case4,5,7900,3,0.202025
case4,5,7900,4,0.271266
case4,5,7900,5,0.325316
case4,5,8000,1,0.073250
case4,5,8000,2,0.128250
case4,5,8000,3,0.202375
case4,5,8000,4,0.270500
case4,5,8000,5,0.325625
case4,5,8100,1,0.072963
case4,5,8100,2,0.128272
case4,5,8100,3,0.202222
case4,5,8100,4,0.270741
case4,5,8100,5,0.325802
case4,5,8200,1,0.073049
case4,5,8200,2,0.128171
case4,5,8200,3,0.201829
case4,5,8200,4,0.270854
case4,5,8200,5,0.326098
case4,5,8300,1,0.073012
case4,5,8300,2,0.127229
case4,5,8300,3,0.202048
case4,5,8300,4,0.270843
case4,5,8300,5,0.326867
case4,5,8400,1,0.073214
case4,5,8400,2,0.126310
case4,5,8400,3,0.201667
case4,5,8400,4,0.271310
case4,5,8400,5,0.327500
case4,5,8500,1,0.073412
case4,5,8500,2,0.126353
case4,5,8500,3,0.201176
case4,5,8500,4,0.271176
case4,5,8500,5,0.327882
case4,5,8600,1,0.073140
case4,5,8600,2,0.126047
case4,5,8600,3,0.200698
case4,5,8600,4,0.270930
case4,5,8600,5,0.329186
case4,5,8700,1,0.073103
case4,5,8700,2,0.125517
case4,5,8700,3,0.201379
case4,5,8700,4,0.271149
case4,5,8700,5,0.328851
case4,5,8800,1,0.073182
case4,5,8800,2,0.125341
case4,5,8800,3,0.201818
case4,5,8800,4,0.270568
case4,5,8800,5,0.329091
case4,5,8900,1,0.072584
case4,5,8900,2,0.125955
case4,5,8900,3,0.201124
case4,5,8900,4,0.270674
case4,5,8900,5,0.329663
case4,5,9000,1,0.072444
case4,5,9000,2,0.126111
case4,5,9000,3,0.201000
case4,5,9000,4,0.270778
case4,5,9000,5,0.329667
case4,5,9100,1,0.072857
case4,5,9100,2,0.126703
case4,5,9100,3,0.201319
case4,5,9100,4,0.270549
case4,5,9100,5,0.328571
case4,5,9200,1,0.072500
case4,5,9200,2,0.126522
case4,5,9200,3,0.201087
case4,5,9200,4,0.271087
case4,5,9200,5,0.328804
case4,5,9300,1,0.072043
case4,5,9300,2,0.126452
case4,5,9300,3,0.200645
case4,5,9300,4,0.271183
case4,5,9300,5,0.329677
case4,5,9400,1,0.071809
case4,5,9400,2,0.126170
case4,5,9400,3,0.201383
case4,5,9400,4,0.270745
case4,5,9400,5,0.329894
case4,5,9500,1,0.071368
case4,5,9500,2,0.127263
case4,5,9500,3,0.200842
case4,5,9500,4,0.270316
case4,5,9500,5,0.330211
case4,5,9600,1,0.071354
case4,5,9600,2,0.127292
case4,5,9600,3,0.201042
case4,5,9600,4,0.269896
case4,5,9600,5,0.330417
case4,5,9700,1,0.071031
case4,5,9700,2,0.127113
case4,5,9700,3,0.201237
case4,5,9700,4,0.270619
case4,5,9700,5,0.330000
case4,5,9800,1,0.071020
case4,5,9800,2,0.127245
case4,5,9800,3,0.201429
case4,5,9800,4,0.270612
case4,5,9800,5,0.329694
case4,5,9900,1,0.070808
case4,5,9900,2,0.127172
case4,5,9900,3,0.202020
case4,5,9900,4,0.270303
case4,5,9900,5,0.329697
case4,5,10000,1,0.070600
case4,5,10000,2,0.127600
case4,5,10000,3,0.202200
case4,5,10000,4,0.270000
case4,5,10000,5,0.329600
case4,6,100,1,0.050000
case4,6,100,2,0.150000
case4,6,100,3,0.170000
case4,6,100,4,0.190000
case4,6,100,5,0.440000
case4,6,200,1,0.060000
case4,6,200,2,0.100000
case4,6,200,3,0.185000
case4,6,200,4,0.240000
case4,6,200,5,0.415000
case4,6,300,1,0.070000
case4,6,300,2,0.093333
case4,6,300,3,0.210000
case4,6,300,4,0.243333
case4,6,300,5,0.383333
case4,6,400,1,0.067500
case4,6,400,2,0.105000
case4,6,400,3,0.205000
case4,6,400,4,0.242500
case4,6,400,5,0.380000
case4,6,500,1,0.068000
case4,6,500,2,0.104000
case4,6,500,3,0.210000
case4,6,500,4,0.256000
case4,6,500,5,0.362000
case4,6,600,1,0.060000
case4,6,600,2,0.106667
case4,6,600,3,0.216667
case4,6,600,4,0.263333
case4,6,600,5,0.353333
case4,6,700,1,0.057143
case4,6,700,2,0.105714
case4,6,700,3,0.215714
case4,6,700,4,0.278571
case4,6,700,5,0.342857
case4,6,800,1,0.061250
case4,6,800,2,0.107500
case4,6,800,3,0.212500
case4,6,800,4,0.278750
case4,6,800,5,0.340000
case4,6,900,1,0.065556
case4,6,900,2,0.111111
case4,6,900,3,0.210000
case4,6,900,4,0.274444
case4,6,900,5,0.338889
case4,6,1000,1,0.063000
case4,6,1000,2,0.115000
case4,6,1000,3,0.208000
case4,6,1000,4,0.272000
case4,6,1000,5,0.342000
case4,6,1100,1,0.064545
case4,6,1100,2,0.120909
case4,6,1100,3,0.210000
case4,6,1100,4,0.265455
case4,6,1100,5,0.339091
case4,6,1200,1,0.064167
case4,6,1200,2,0.119167
case4,6,1200,3,0.218333
case4,6,1200,4,0.261667
case4,6,1200,5,0.336667
case4,6,1300,1,0.066154
case4,6,1300,2,0.120769
case4,6,1300,3,0.212308
case4,6,1300,4,0.260769
case4,6,1300,5,0.340000
case4,6,1400,1,0.066429
case4,6,1400,2,0.118571
case4,6,1400,3,0.215714
case4,6,1400,4,0.263571
case4,6,1400,5,0.335714
case4,6,1500,1,0.066667
case4,6,1500,2,0.124000
case4,6,1500,3,0.218667
case4,6,1500,4,0.260000
case4,6,1500,5,0.330667
case4,6,1600,1,0.065625
case4,6,1600,2,0.127500
case4,6,1600,3,0.211250
case4,6,1600,4,0.263125
case4,6,1600,5,0.332500
case4,6,1700,1,0.065882
case4,6,1700,2,0.125294
case4,6,1700,3,0.210000
case4,6,1700,4,0.263529
case4,6,1700,5,0.335294
case4,6,1800,1,0.063333
case4,6,1800,2,0.125556
case4,6,1800,3,0.213889
case4,6,1800,4,0.264444
case4,6,1800,5,0.332778
case4,6,1900,1,0.063684
case4,6,1900,2,0.125263
case4,6,1900,3,0.215263
case4,6,1900,4,0.265789
case4,6,1900,5,0.330000
case4,6,2000,1,0.065500
case4,6,2000,2,0.125000
case4,6,2000,3,0.216500
case4,6,2000,4,0.261500
case4,6,2000,5,0.331500
case4,6,2100,1,0.066190
case4,6,2100,2,0.124286
case4,6,2100,3,0.216190
case4,6,2100,4,0.264286
case4,6,2100,5,0.329048
case4,6,2200,1,0.067727
case4,6,2200,2,0.124091
case4,6,2200,3,0.217273
case4,6,2200,4,0.264545
case4,6,2200,5,0.326364
case4,6,2300,1,0.066957
case4,6,2300,2,0.126087
case4,6,2300,3,0.215217
case4,6,2300,4,0.265652
case4,6,2300,5,0.326087
case4,6,2400,1,0.066667
case4,6,2400,2,0.126250
case4,6,2400,3,0.214167
case4,6,2400,4,0.266250
case4,6,2400,5,0.326667
case4,6,2500,1,0.065600
case4,6,2500,2,0.128400
case4,6,2500,3,0.214000
case4,6,2500,4,0.262800
case4,6,2500,5,0.329200
case4,6,2600,1,0.065385
case4,6,2600,2,0.128077
case4,6,2600,3,0.214615
case4,6,2600,4,0.262692
case4,6,2600,5,0.329231
case4,6,2700,1,0.066296
case4,6,2700,2,0.125556
case4,6,2700,3,0.215556
case4,6,2700,4,0.262963
case4,6,2700,5,0.329630
case4,6,2800,1,0.067143
case4,6,2800,2,0.125357
case4,6,2800,3,0.215714
case4,6,2800,4,0.263571
case4,6,2800,5,0.328214
case4,6,2900,1,0.067586
case4,6,2900,2,0.125862
case4,6,2900,3,0.213103
case4,6,2900,4,0.261379
case4,6,2900,5,0.332069
case4,6,3000,1,0.066667
case4,6,3000,2,0.125333
case4,6,3000,3,0.212667
case4,6,3000,4,0.261000
case4,6,3000,5,0.334333
case4,6,3100,1,0.065484
case4,6,3100,2,0.123871
case4,6,3100,3,0.213226
case4,6,3100,4,0.262258
case4,6,3100,5,0.335161
case4,6,3200,1,0.065312
case4,6,3200,2,0.123750
case4,6,3200,3,0.212500
case4,6,3200,4,0.263125
case4,6,3200,5,0.335313
case4,6,3300,1,0.064545
case4,6,3300,2,0.123636
case4,6,3300,3,0.212121
case4,6,3300,4,0.263636
case4,6,3300,5,0.336061
case4,6,3400,1,0.064118
case4,6,3400,2,0.124706
case4,6,3400,3,0.210588
case4,6,3400,4,0.263529
case4,6,3400,5,0.337059
case4,6,3500,1,0.064571
case4,6,3500,2,0.125143
case4,6,3500,3,0.209143
case4,6,3500,4,0.265143
case4,6,3500,5,0.336000
case4,6,3600,1,0.063889
case4,6,3600,2,0.126389
case4,6,3600,3,0.210833
case4,6,3600,4,0.263611
case4,6,3600,5,0.335278
case4,6,3700,1,0.063514
case4,6,3700,2,0.127838
case4,6,3700,3,0.210811
case4,6,3700,4,0.264054
case4,6,3700,5,0.333784
case4,6,3800,1,0.063947
case4,6,3800,2,0.128158
case4,6,3800,3,0.211316
case4,6,3800,4,0.264474
case4,6,3800,5,0.332105
case4,6,3900,1,0.064103
case4,6,3900,2,0.127179
case4,6,3900,3,0.210000
case4,6,3900,4,0.264615
case4,6,3900,5,0.334103
case4,6,4000,1,0.063250
case4,6,4000,2,0.126750
case4,6,4000,3,0.208750
case4,6,4000,4,0.264500
case4,6,4000,5,0.336750
case4,6,4100,1,0.064634
case4,6,4100,2,0.126585
case4,6,4100,3,0.207561
case4,6,4100,4,0.264146
case4,6,4100,5,0.337073
case4,6,4200,1,0.065238
case4,6,4200,2,0.125238
case4,6,4200,3,0.208810
case4,6,4200,4,0.264762
case4,6,4200,5,0.335952
case4,6,4300,1,0.065581
case4,6,4300,2,0.125814
case4,6,4300,3,0.206977
case4,6,4300,4,0.263023
case4,6,4300,5,0.338605
case4,6,4400,1,0.066136
case4,6,4400,2,0.126364
case4,6,4400,3,0.206818
case4,6,4400,4,0.261591
case4,6,4400,5,0.339091
case4,6,4500,1,0.065556
case4,6,4500,2,0.126000
case4,6,4500,3,0.205778
case4,6,4500,4,0.264444
case4,6,4500,5,0.338222
case4,6,4600,1,0.065652
case4,6,4600,2,0.125652
case4,6,4600,3,0.206087
case4,6,4600,4,0.263261
case4,6,4600,5,0.339348
case4,6,4700,1,0.065532
case4,6,4700,2,0.125957
case4,6,4700,3,0.205532
case4,6,4700,4,0.264681
case4,6,4700,5,0.338298
case4,6,4800,1,0.065208
case4,6,4800,2,0.125833
case4,6,4800,3,0.205625
case4,6,4800,4,0.264792
case4,6,4800,5,0.338542
case4,6,4900,1,0.066531
case4,6,4900,2,0.125102
case4,6,4900,3,0.205918
case4,6,4900,4,0.264898
case4,6,4900,5,0.337551
case4,6,5000,1,0.066200
case4,6,5000,2,0.124800
case4,6,5000,3,0.206200
case4,6,5000,4,0.265800
case4,6,5000,5,0.337000
case4,6,5100,1,0.066078
case4,6,5100,2,0.124510
case4,6,5100,3,0.205882
case4,6,5100,4,0.265686
case4,6,5100,5,0.337843
case4,6,5200,1,0.066731
case4,6,5200,2,0.123846
case4,6,5200,3,0.205962
case4,6,5200,4,0.265577
case4,6,5200,5,0.337885
case4,6,5300,1,0.066226
case4,6,5300,2,0.124340
case4,6,5300,3,0.205472
case4,6,5300,4,0.266226
case4,6,5300,5,0.337736
case4,6,5400,1,0.065926
case4,6,5400,2,0.125185
case4,6,5400,3,0.205370
case4,6,5400,4,0.265741
case4,6,5400,5,0.337778
case4,6,5500,1,0.065273
case4,6,5500,2,0.125455
case4,6,5500,3,0.205636
case4,6,5500,4,0.265091
case4,6,5500,5,0.338545
case4,6,5600,1,0.065000
case4,6,5600,2,0.125000
case4,6,5600,3,0.205893
case4,6,5600,4,0.265357
case4,6,5600,5,0.338750
case4,6,5700,1,0.065439
case4,6,5700,2,0.125088
case4,6,5700,3,0.206140
case4,6,5700,4,0.264737
case4,6,5700,5,0.338596
case4,6,5800,1,0.066552
case4,6,5800,2,0.125172
case4,6,5800,3,0.205345
case4,6,5800,4,0.263621
case4,6,5800,5,0.339310
case4,6,5900,1,0.067119
case4,6,5900,2,0.124576
case4,6,5900,3,0.204746
case4,6,5900,4,0.264068
case4,6,5900,5,0.339492
case4,6,6000,1,0.067333
case4,6,6000,2,0.125833
case4,6,6000,3,0.203833
case4,6,6000,4,0.264167
case4,6,6000,5,0.338833
case4,6,6100,1,0.067541
case4,6,6100,2,0.126393
case4,6,6100,3,0.203607
case4,6,6100,4,0.264098
case4,6,6100,5,0.338361
case4,6,6200,1,0.068065
case4,6,6200,2,0.126129
case4,6,6200,3,0.202097
case4,6,6200,4,0.264194
case4,6,6200,5,0.339516
case4,6,6300,1,0.068413
case4,6,6300,2,0.126349
case4,6,6300,3,0.203175
case4,6,6300,4,0.263968
case4,6,6300,5,0.338095
case4,6,6400,1,0.068594
case4,6,6400,2,0.126094
case4,6,6400,3,0.202969
case4,6,6400,4,0.263906
case4,6,6400,5,0.338438
case4,6,6500,1,0.069077
case4,6,6500,2,0.125846
case4,6,6500,3,0.202000
case4,6,6500,4,0.263538
case4,6,6500,5,0.339538
case4,6,6600,1,0.068788
case4,6,6600,2,0.126212
case4,6,6600,3,0.201970
case4,6,6600,4,0.263788
case4,6,6600,5,0.339242
case4,6,6700,1,0.068955
case4,6,6700,2,0.127015
case4,6,6700,3,0.201642
case4,6,6700,4,0.262985
case4,6,6700,5,0.339403
case4,6,6800,1,0.069265
case4,6,6800,2,0.126912
case4,6,6800,3,0.201912
case4,6,6800,4,0.263235
case4,6,6800,5,0.338676
case4,6,6900,1,0.069855
case4,6,6900,2,0.128551
case4,6,6900,3,0.200870
case4,6,6900,4,0.262174
case4,6,6900,5,0.338551
case4,6,7000,1,0.069714
case4,6,7000,2,0.128571
case4,6,7000,3,0.201143
case4,6,7000,4,0.262571
case4,6,7000,5,0.338000
case4,6,7100,1,0.070141
case4,6,7100,2,0.128592
case4,6,7100,3,0.200986
case4,6,7100,4,0.263521
case4,6,7100,5,0.336761
case4,6,7200,1,0.070000
case4,6,7200,2,0.129167
case4,6,7200,3,0.201111
case4,6,7200,4,0.263333
case4,6,7200,5,0.336389
case4,6,7300,1,0.069863
case4,6,7300,2,0.129589
case4,6,7300,3,0.201096
case4,6,7300,4,0.263836
case4,6,7300,5,0.335616
case4,6,7400,1,0.069054
case4,6,7400,2,0.128784
case4,6,7400,3,0.201486
case4,6,7400,4,0.264459
case4,6,7400,5,0.336216
case4,6,7500,1,0.068800
case4,6,7500,2,0.128533
case4,6,7500,3,0.201200
case4,6,7500,4,0.265333
case4,6,7500,5,0.336133
case4,6,7600,1,0.069474
case4,6,7600,2,0.128289
case4,6,7600,3,0.200789
case4,6,7600,4,0.265132
case4,6,7600,5,0.336316
case4,6,7700,1,0.069740
case4,6,7700,2,0.128052
case4,6,7700,3,0.200260
case4,6,7700,4,0.265325
case4,6,7700,5,0.336623
case4,6,7800,1,0.070000
case4,6,7800,2,0.128205
case4,6,7800,3,0.200128
case4,6,7800,4,0.265256
case4,6,7800,5,0.336410
case4,6,7900,1,0.070000
case4,6,7900,2,0.128228
case4,6,7900,3,0.200633
case4,6,7900,4,0.265443
case4,6,7900,5,0.335696
case4,6,8000,1,0.069875
case4,6,8000,2,0.128125
case4,6,8000,3,0.201125
case4,6,8000,4,0.265375
case4,6,8000,5,0.335500
case4,6,8100,1,0.069630
case4,6,8100,2,0.128148
case4,6,8100,3,0.200988
case4,6,8100,4,0.265802
case4,6,8100,5,0.335432
case4,6,8200,1,0.069390
case4,6,8200,2,0.127317
case4,6,8200,3,0.201951
case4,6,8200,4,0.265854
case4,6,8200,5,0.335488
case4,6,8300,1,0.069157
case4,6,8300,2,0.127470
case4,6,8300,3,0.202048
case4,6,8300,4,0.265783
case4,6,8300,5,0.335542
case4,6,8400,1,0.068929
case4,6,8400,2,0.126905
case4,6,8400,3,0.203095
case4,6,8400,4,0.265357
case4,6,8400,5,0.335714
case4,6,8500,1,0.068824
case4,6,8500,2,0.126471
case4,6,8500,3,0.202235
case4,6,8500,4,0.266471
case4,6,8500,5,0.336000
case4,6,8600,1,0.068605
case4,6,8600,2,0.126395
case4,6,8600,3,0.202093
case4,6,8600,4,0.267093
case4,6,8600,5,0.335814
case4,6,8700,1,0.068966
case4,6,8700,2,0.126207
case4,6,8700,3,0.201609
case4,6,8700,4,0.267701
case4,6,8700,5,0.335517
case4,6,8800,1,0.069091
case4,6,8800,2,0.125795
case4,6,8800,3,0.201591
case4,6,8800,4,0.267614
case4,6,8800,5,0.335909
case4,6,8900,1,0.068989
case4,6,8900,2,0.125843
case4,6,8900,3,0.201348
case4,6,8900,4,0.267303
case4,6,8900,5,0.336517
case4,6,9000,1,0.068889
case4,6,9000,2,0.126111
case4,6,9000,3,0.201222
case4,6,9000,4,0.267111
case4,6,9000,5,0.336667
case4,6,9100,1,0.068681
case4,6,9100,2,0.126264
case4,6,9100,3,0.201538
case4,6,9100,4,0.266593
case4,6,9100,5,0.336923
case4,6,9200,1,0.069022
case4,6,9200,2,0.126087
case4,6,9200,3,0.201848
case4,6,9200,4,0.266957
case4,6,9200,5,0.336087
case4,6,9300,1,0.068602
case4,6,9300,2,0.126452
case4,6,9300,3,0.202366
case4,6,9300,4,0.266774
case4,6,9300,5,0.335806
case4,6,9400,1,0.068617
case4,6,9400,2,0.126383
case4,6,9400,3,0.202553
case4,6,9400,4,0.265745
case4,6,9400,5,0.336702
case4,6,9500,1,0.068421
case4,6,9500,2,0.126632
case4,6,9500,3,0.203158
case4,6,9500,4,0.265895
case4,6,9500,5,0.335895
case4,6,9600,1,0.068125
case4,6,9600,2,0.126562
case4,6,9600,3,0.202708
case4,6,9600,4,0.266146
case4,6,9600,5,0.336458
case4,6,9700,1,0.067732
case4,6,9700,2,0.126907
case4,6,9700,3,0.202268
case4,6,9700,4,0.265876
case4,6,9700,5,0.337216
case4,6,9800,1,0.067857
case4,6,9800,2,0.127245
case4,6,9800,3,0.201837
case4,6,9800,4,0.266224
case4,6,9800,5,0.336837
case4,6,9900,1,0.068485
case4,6,9900,2,0.126667
case4,6,9900,3,0.201818
case4,6,9900,4,0.265657
case4,6,9900,5,0.337374
case4,6,10000,1,0.068500
case4,6,10000,2,0.126800
case4,6,10000,3,0.201500
case4,6,10000,4,0.265600
case4,6,10000,5,0.337600
case4,7,100,1,0.090000
case4,7,100,2,0.100000
case4,7,100,3,0.220000
case4,7,100,4,0.220000
case4,7,100,5,0.370000
case4,7,200,1,0.080000
case4,7,200,2,0.110000
case4,7,200,3,0.215000
case4,7,200,4,0.250000
case4,7,200,5,0.345000
case4,7,300,1,0.083333
case4,7,300,2,0.106667
case4,7,300,3,0.230000
case4,7,300,4,0.256667
case4,7,300,5,0.323333
case4,7,400,1,0.075000
case4,7,400,2,0.105000
case4,7,400,3,0.225000
case4,7,400,4,0.265000
case4,7,400,5,0.330000
case4,7,500,1,0.072000
case4,7,500,2,0.104000
case4,7,500,3,0.228000
case4,7,500,4,0.260000
case4,7,500,5,0.336000
case4,7,600,1,0.061667
case4,7,600,2,0.106667
case4,7,600,3,0.230000
case4,7,600,4,0.266667
case4,7,600,5,0.335000
case4,7,700,1,0.065714
case4,7,700,2,0.110000
case4,7,700,3,0.228571
case4,7,700,4,0.257143
case4,7,700,5,0.338571
case4,7,800,1,0.066250
case4,7,800,2,0.116250
case4,7,800,3,0.215000
case4,7,800,4,0.256250
case4,7,800,5,0.346250
case4,7,900,1,0.067778
case4,7,900,2,0.115556
case4,7,900,3,0.202222
case4,7,900,4,0.264444
case4,7,900,5,0.350000
case4,7,1000,1,0.070000
case4,7,1000,2,0.114000
case4,7,1000,3,0.202000
case4,7,1000,4,0.263000
case4,7,1000,5,0.351000
case4,7,1100,1,0.069091
case4,7,1100,2,0.116364
case4,7,1100,3,0.200909
case4,7,1100,4,0.265455
case4,7,1100,5,0.348182
case4,7,1200,1,0.070000
case4,7,1200,2,0.113333
case4,7,1200,3,0.200000
case4,7,1200,4,0.271667
case4,7,1200,5,0.345000
case4,7,1300,1,0.073077
case4,7,1300,2,0.114615
case4,7,1300,3,0.197692
case4,7,1300,4,0.270769
case4,7,1300,5,0.343846
case4,7,1400,1,0.073571
case4,7,1400,2,0.112857
case4,7,1400,3,0.200000
case4,7,1400,4,0.269286
case4,7,1400,5,0.344286
case4,7,1500,1,0.072667
case4,7,1500,2,0.112000
case4,7,1500,3,0.200000
case4,7,1500,4,0.265333
case4,7,1500,5,0.350000
case4,7,1600,1,0.071875
case4,7,1600,2,0.115625
case4,7,1600,3,0.200625
case4,7,1600,4,0.266250
case4,7,1600,5,0.345625
case4,7,1700,1,0.075294
case4,7,1700,2,0.119412
case4,7,1700,3,0.201765
case4,7,1700,4,0.261176
case4,7,1700,5,0.342353
case4,7,1800,1,0.074444
case4,7,1800,2,0.121667
case4,7,1800,3,0.201111
case4,7,1800,4,0.260556
case4,7,1800,5,0.342222
case4,7,1900,1,0.074211
case4,7,1900,2,0.118947
case4,7,1900,3,0.206316
case4,7,1900,4,0.259474
case4,7,1900,5,0.341053
case4,7,2000,1,0.075500
case4,7,2000,2,0.121500
case4,7,2000,3,0.206500
case4,7,2000,4,0.257500
case4,7,2000,5,0.339000
case4,7,2100,1,0.072857
case4,7,2100,2,0.122857
case4,7,2100,3,0.207143
case4,7,2100,4,0.256190
case4,7,2100,5,0.340952
case4,7,2200,1,0.073182
case4,7,2200,2,0.123636
case4,7,2200,3,0.206364
case4,7,2200,4,0.258182
case4,7,2200,5,0.338636
case4,7,2300,1,0.073043
case4,7,2300,2,0.123478
case4,7,2300,3,0.206957
case4,7,2300,4,0.258696
case4,7,2300,5,0.337826
case4,7,2400,1,0.072500
case4,7,2400,2,0.123333
case4,7,2400,3,0.205417
case4,7,2400,4,0.261250
case4,7,2400,5,0.337500
case4,7,2500,1,0.072000
case4,7,2500,2,0.125200
case4,7,2500,3,0.204000
case4,7,2500,4,0.261600
case4,7,2500,5,0.337200
case4,7,2600,1,0.071923
case4,7,2600,2,0.126154
case4,7,2600,3,0.201923
case4,7,2600,4,0.265000
case4,7,2600,5,0.335000
case4,7,2700,1,0.073333
case4,7,2700,2,0.125926
case4,7,2700,3,0.201111
case4,7,2700,4,0.265556
case4,7,2700,5,0.334074
case4,7,2800,1,0.073214
case4,7,2800,2,0.126071
case4,7,2800,3,0.201429
case4,7,2800,4,0.266786
case4,7,2800,5,0.332500
case4,7,2900,1,0.072069
case4,7,2900,2,0.125862
case4,7,2900,3,0.202069
case4,7,2900,4,0.270345
case4,7,2900,5,0.329655
case4,7,3000,1,0.072333
case4,7,3000,2,0.123667
case4,7,3000,3,0.204667
case4,7,3000,4,0.272333
case4,7,3000,5,0.327000
case4,7,3100,1,0.071290
case4,7,3100,2,0.125484
case4,7,3100,3,0.205161
case4,7,3100,4,0.269677
case4,7,3100,5,0.328387
case4,7,3200,1,0.070312
case4,7,3200,2,0.126562
case4,7,3200,3,0.206563
case4,7,3200,4,0.268750
case4,7,3200,5,0.327813
case4,7,3300,1,0.070000
case4,7,3300,2,0.126364
case4,7,3300,3,0.206667
case4,7,3300,4,0.267576
case4,7,3300,5,0.329394
case4,7,3400,1,0.070588
case4,7,3400,2,0.125882
case4,7,3400,3,0.207353
case4,7,3400,4,0.267647
case4,7,3400,5,0.328529
case4,7,3500,1,0.070000
case4,7,3500,2,0.126286
case4,7,3500,3,0.208000
case4,7,3500,4,0.268000
case4,7,3500,5,0.327714
case4,7,3600,1,0.070556
case4,7,3600,2,0.127222
case4,7,3600,3,0.207222
case4,7,3600,4,0.268611
case4,7,3600,5,0.326389
case4,7,3700,1,0.070811
case4,7,3700,2,0.127297
case4,7,3700,3,0.206757
case4,7,3700,4,0.268919
case4,7,3700,5,0.326216
case4,7,3800,1,0.070000
case4,7,3800,2,0.125789
case4,7,3800,3,0.206579
case4,7,3800,4,0.270263
case4,7,3800,5,0.327368
case4,7,3900,1,0.070513
case4,7,3900,2,0.126154
case4,7,3900,3,0.206154
case4,7,3900,4,0.271282
case4,7,3900,5,0.325897
case4,7,4000,1,0.071500
case4,7,4000,2,0.125250
case4,7,4000,3,0.206000
case4,7,4000,4,0.272000
case4,7,4000,5,0.325250
case4,7,4100,1,0.070732
case4,7,4100,2,0.126098
case4,7,4100,3,0.205610
case4,7,4100,4,0.271220
case4,7,4100,5,0.326341
case4,7,4200,1,0.071190
case4,7,4200,2,0.124286
case4,7,4200,3,0.207143
case4,7,4200,4,0.270476
case4,7,4200,5,0.326905
case4,7,4300,1,0.070698
case4,7,4300,2,0.124884
case4,7,4300,3,0.206279
case4,7,4300,4,0.271163
case4,7,4300,5,0.326977
case4,7,4400,1,0.070455
case4,7,4400,2,0.125682
case4,7,4400,3,0.205000
case4,7,4400,4,0.272045
case4,7,4400,5,0.326818
case4,7,4500,1,0.070222
case4,7,4500,2,0.126667
case4,7,4500,3,0.205778
case4,7,4500,4,0.271778
case4,7,4500,5,0.325556
case4,7,4600,1,0.071087
case4,7,4600,2,0.126087
case4,7,4600,3,0.205217
case4,7,4600,4,0.272174
case4,7,4600,5,0.325435
case4,7,4700,1,0.070851
case4,7,4700,2,0.125532
case4,7,4700,3,0.205532
case4,7,4700,4,0.273404
case4,7,4700,5,0.324681
case4,7,4800,1,0.070833
case4,7,4800,2,0.126667
case4,7,4800,3,0.204583
case4,7,4800,4,0.272500
case4,7,4800,5,0.325417
case4,7,4900,1,0.069796
case4,7,4900,2,0.126531
case4,7,4900,3,0.205510
case4,7,4900,4,0.271224
case4,7,4900,5,0.326939
case4,7,5000,1,0.070200
case4,7,5000,2,0.126800
case4,7,5000,3,0.205400
case4,7,5000,4,0.270600
case4,7,5000,5,0.327000
case4,7,5100,1,0.070392
case4,7,5100,2,0.127255
case4,7,5100,3,0.204902
case4,7,5100,4,0.270784
case4,7,5100,5,0.326667
case4,7,5200,1,0.069808
case4,7,5200,2,0.127308
case4,7,5200,3,0.204231
case4,7,5200,4,0.272500
case4,7,5200,5,0.326154
case4,7,5300,1,0.070000
case4,7,5300,2,0.127547
case4,7,5300,3,0.203962
case4,7,5300,4,0.271698
case4,7,5300,5,0.326792
case4,7,5400,1,0.070370
case4,7,5400,2,0.126667
case4,7,5400,3,0.203519
case4,7,5400,4,0.271296
case4,7,5400,5,0.328148
case4,7,5500,1,0.070364
case4,7,5500,2,0.127091
case4,7,5500,3,0.202182
case4,7,5500,4,0.272727
case4,7,5500,5,0.327636
case4,7,5600,1,0.070357
case4,7,5600,2,0.126964
case4,7,5600,3,0.201964
case4,7,5600,4,0.272857
case4,7,5600,5,0.327857
case4,7,5700,1,0.070000
case4,7,5700,2,0.127719
case4,7,5700,3,0.201053
case4,7,5700,4,0.272281
case4,7,5700,5,0.328947
case4,7,5800,1,0.069828
case4,7,5800,2,0.128966
case4,7,5800,3,0.200000
case4,7,5800,4,0.272414
case4,7,5800,5,0.328793
case4,7,5900,1,0.070847
case4,7,5900,2,0.128305
case4,7,5900,3,0.198644
case4,7,5900,4,0.272034
case4,7,5900,5,0.330169
case4,7,6000,1,0.070833
case4,7,6000,2,0.128333
case4,7,6000,3,0.199000
case4,7,6000,4,0.272667
case4,7,6000,5,0.329167
case4,7,6100,1,0.070656
case4,7,6100,2,0.127869
case4,7,6100,3,0.200000
case4,7,6100,4,0.273279
case4,7,6100,5,0.328197
case4,7,6200,1,0.070323
case4,7,6200,2,0.127419
case4,7,6200,3,0.200484
case4,7,6200,4,0.274194
case4,7,6200,5,0.327581
case4,7,6300,1,0.070794
case4,7,6300,2,0.127778
case4,7,6300,3,0.200159
case4,7,6300,4,0.274444
case4,7,6300,5,0.326825
case4,7,6400,1,0.071250
case4,7,6400,2,0.127969
case4,7,6400,3,0.199531
case4,7,6400,4,0.273750
case4,7,6400,5,0.327500
case4,7,6500,1,0.071538
case4,7,6500,2,0.128462
case4,7,6500,3,0.198462
case4,7,6500,4,0.272923
case4,7,6500,5,0.328615
case4,7,6600,1,0.071212
case4,7,6600,2,0.128939
case4,7,6600,3,0.198333
case4,7,6600,4,0.271818
case4,7,6600,5,0.329697
case4,7,6700,1,0.071493
case4,7,6700,2,0.128657
case4,7,6700,3,0.198358
case4,7,6700,4,0.272687
case4,7,6700,5,0.328806
case4,7,6800,1,0.071618
case4,7,6800,2,0.128235
case4,7,6800,3,0.198971
case4,7,6800,4,0.272500
case4,7,6800,5,0.328676
case4,7,6900,1,0.071449
case4,7,6900,2,0.127971
case4,7,6900,3,0.198261
case4,7,6900,4,0.272899
case4,7,6900,5,0.329420
case4,7,7000,1,0.071143
case4,7,7000,2,0.127286
case4,7,7000,3,0.198286
case4,7,7000,4,0.274714
case4,7,7000,5,0.328571
case4,7,7100,1,0.071408
case4,7,7100,2,0.126620
case4,7,7100,3,0.197324
case4,7,7100,4,0.275352
case4,7,7100,5,0.329296
case4,7,7200,1,0.071389
case4,7,7200,2,0.126111
case4,7,7200,3,0.196944
case4,7,7200,4,0.275556
case4,7,7200,5,0.330000
case4,7,7300,1,0.071233
case4,7,7300,2,0.126712
case4,7,7300,3,0.197260
case4,7,7300,4,0.275342
case4,7,7300,5,0.329452
case4,7,7400,1,0.070946
case4,7,7400,2,0.126081
case4,7,7400,3,0.197027
case4,7,7400,4,0.276486
case4,7,7400,5,0.329459
case4,7,7500,1,0.070667
case4,7,7500,2,0.126133
case4,7,7500,3,0.196933
case4,7,7500,4,0.276800
case4,7,7500,5,0.329467
case4,7,7600,1,0.070789
case4,7,7600,2,0.126447
case4,7,7600,3,0.196711
case4,7,7600,4,0.276579
case4,7,7600,5,0.329474
case4,7,7700,1,0.070260
case4,7,7700,2,0.126753
case4,7,7700,3,0.196883
case4,7,7700,4,0.276364
case4,7,7700,5,0.329740
case4,7,7800,1,0.070256
case4,7,7800,2,0.126538
case4,7,7800,3,0.196410
case4,7,7800,4,0.277051
case4,7,7800,5,0.329744
case4,7,7900,1,0.069873
case4,7,7900,2,0.126709
case4,7,7900,3,0.196582
case4,7,7900,4,0.277468
case4,7,7900,5,0.329367
case4,7,8000,1,0.070000
case4,7,8000,2,0.126750
case4,7,8000,3,0.196375
case4,7,8000,4,0.277625
case4,7,8000,5,0.329250
case4,7,8100,1,0.069630
case4,7,8100,2,0.126914
case4,7,8100,3,0.195432
case4,7,8100,4,0.277284
case4,7,8100,5,0.330741
case4,7,8200,1,0.069268
case4,7,8200,2,0.126220
case4,7,8200,3,0.195610
case4,7,8200,4,0.278293
case4,7,8200,5,0.330610
case4,7,8300,1,0.069518
case4,7,8300,2,0.126506
case4,7,8300,3,0.195663
case4,7,8300,4,0.276867
case4,7,8300,5,0.331446
case4,7,8400,1,0.069286
case4,7,8400,2,0.126548
case4,7,8400,3,0.195714
case4,7,8400,4,0.276190
case4,7,8400,5,0.332262
case4,7,8500,1,0.068941
case4,7,8500,2,0.128000
case4,7,8500,3,0.195529
case4,7,8500,4,0.276118
case4,7,8500,5,0.331412
case4,7,8600,1,0.068953
case4,7,8600,2,0.127326
case4,7,8600,3,0.196744
case4,7,8600,4,0.275000
case4,7,8600,5,0.331977
case4,7,8700,1,0.068621
case4,7,8700,2,0.127241
case4,7,8700,3,0.197011
case4,7,8700,4,0.275402
case4,7,8700,5,0.331724
case4,7,8800,1,0.068977
case4,7,8800,2,0.127386
case4,7,8800,3,0.196591
case4,7,8800,4,0.275909
case4,7,8800,5,0.331136
case4,7,8900,1,0.069326
case4,7,8900,2,0.126966
case4,7,8900,3,0.197191
case4,7,8900,4,0.275955
case4,7,8900,5,0.330562
case4,7,9000,1,0.069333
case4,7,9000,2,0.127111
case4,7,9000,3,0.197333
case4,7,9000,4,0.275333
case4,7,9000,5,0.330889
case4,7,9100,1,0.069121
case4,7,9100,2,0.127033
case4,7,9100,3,0.197473
case4,7,9100,4,0.275495
case4,7,9100,5,0.330879
case4,7,9200,1,0.068587
case4,7,9200,2,0.126957
case4,7,9200,3,0.197609
case4,7,9200,4,0.275435
case4,7,9200,5,0.331413
case4,7,9300,1,0.068925
case4,7,9300,2,0.127527
case4,7,9300,3,0.196882
case4,7,9300,4,0.274731
case4,7,9300,5,0.331935
case4,7,9400,1,0.069149
case4,7,9400,2,0.128404
case4,7,9400,3,0.196702
case4,7,9400,4,0.273511
case4,7,9400,5,0.332234
case4,7,9500,1,0.068947
case4,7,9500,2,0.128632
case4,7,9500,3,0.197158
case4,7,9500,4,0.273368
case4,7,9500,5,0.331895
case4,7,9600,1,0.068958
case4,7,9600,2,0.128750
case4,7,9600,3,0.198125
case4,7,9600,4,0.273125
case4,7,9600,5,0.331042
case4,7,9700,1,0.068763
case4,7,9700,2,0.128144
case4,7,9700,3,0.198660
case4,7,9700,4,0.272990
case4,7,9700,5,0.331443
case4,7,9800,1,0.068367
case4,7,9800,2,0.128469
case4,7,9800,3,0.198980
case4,7,9800,4,0.273776
case4,7,9800,5,0.330408
case4,7,9900,1,0.068283
case4,7,9900,2,0.128384
case4,7,9900,3,0.198788
case4,7,9900,4,0.274040
case4,7,9900,5,0.330505
case4,7,10000,1,0.068400
case4,7,10000,2,0.128600
case4,7,10000,3,0.198400
case4,7,10000,4,0.273500
case4,7,10000,5,0.331100
case4,8,100,1,0.060000
case4,8,100,2,0.150000
case4,8,100,3,0.260000
case4,8,100,4,0.220000
case4,8,100,5,0.310000
case4,8,200,1,0.090000
case4,8,200,2,0.120000
case4,8,200,3,0.270000
case4,8,200,4,0.235000
case4,8,200,5,0.285000
case4,8,300,1,0.076667
case4,8,300,2,0.146667
case4,8,300,3,0.250000
case4,8,300,4,0.240000
case4,8,300,5,0.286667
case4,8,400,1,0.072500
case4,8,400,2,0.160000
case4,8,400,3,0.235000
case4,8,400,4,0.245000
case4,8,400,5,0.287500
case4,8,500,1,0.076000
case4,8,500,2,0.160000
case4,8,500,3,0.232000
case4,8,500,4,0.236000
case4,8,500,5,0.296000
case4,8,600,1,0.078333
case4,8,600,2,0.148333
case4,8,600,3,0.235000
case4,8,600,4,0.235000
case4,8,600,5,0.303333
case4,8,700,1,0.070000
case4,8,700,2,0.142857
case4,8,700,3,0.238571
case4,8,700,4,0.238571
case4,8,700,5,0.310000
case4,8,800,1,0.070000
case4,8,800,2,0.141250
case4,8,800,3,0.227500
case4,8,800,4,0.248750
case4,8,800,5,0.312500
case4,8,900,1,0.071111
case4,8,900,2,0.140000
case4,8,900,3,0.231111
case4,8,900,4,0.245556
case4,8,900,5,0.312222
case4,8,1000,1,0.073000
case4,8,1000,2,0.141000
case4,8,1000,3,0.226000
case4,8,1000,4,0.244000
case4,8,1000,5,0.316000
case4,8,1100,1,0.070000
case4,8,1100,2,0.140000
case4,8,1100,3,0.224545
case4,8,1100,4,0.248182
case4,8,1100,5,0.317273
case4,8,1200,1,0.068333
case4,8,1200,2,0.136667
case4,8,1200,3,0.220000
case4,8,1200,4,0.250833
case4,8,1200,5,0.324167
case4,8,1300,1,0.068462
case4,8,1300,2,0.135385
case4,8,1300,3,0.216154
case4,8,1300,4,0.248462
case4,8,1300,5,0.331538
case4,8,1400,1,0.067857
case4,8,1400,2,0.135000
case4,8,1400,3,0.216429
case4,8,1400,4,0.243571
case4,8,1400,5,0.337143
case4,8,1500,1,0.068667
case4,8,1500,2,0.137333
case4,8,1500,3,0.213333
case4,8,1500,4,0.244667
case4,8,1500,5,0.336000
case4,8,1600,1,0.067500
case4,8,1600,2,0.136250
case4,8,1600,3,0.213750
case4,8,1600,4,0.246875
case4,8,1600,5,0.335625
case4,8,1700,1,0.065882
case4,8,1700,2,0.134706
case4,8,1700,3,0.215294
case4,8,1700,4,0.248235
case4,8,1700,5,0.335882
case4,8,1800,1,0.067778
case4,8,1800,2,0.137222
case4,8,1800,3,0.215000
case4,8,1800,4,0.247778
case4,8,1800,5,0.332222
case4,8,1900,1,0.067368
case4,8,1900,2,0.134737
case4,8,1900,3,0.211579
case4,8,1900,4,0.248947
case4,8,1900,5,0.337368
case4,8,2000,1,0.067000
case4,8,2000,2,0.134000
case4,8,2000,3,0.209500
case4,8,2000,4,0.251500
case4,8,2000,5,0.338000
case4,8,2100,1,0.067619
case4,8,2100,2,0.135238
case4,8,2100,3,0.207619
case4,8,2100,4,0.253333
case4,8,2100,5,0.336190
case4,8,2200,1,0.066364
case4,8,2200,2,0.135000
case4,8,2200,3,0.213636
case4,8,2200,4,0.246818
case4,8,2200,5,0.338182
case4,8,2300,1,0.066087
case4,8,2300,2,0.134783
case4,8,2300,3,0.213043
case4,8,2300,4,0.246522
case4,8,2300,5,0.339565
case4,8,2400,1,0.065833
case4,8,2400,2,0.136250
case4,8,2400,3,0.212500
case4,8,2400,4,0.247500
case4,8,2400,5,0.337917
case4,8,2500,1,0.065600
case4,8,2500,2,0.140000
case4,8,2500,3,0.211200
case4,8,2500,4,0.248400
case4,8,2500,5,0.334800
case4,8,2600,1,0.065385
case4,8,2600,2,0.138462
case4,8,2600,3,0.210000
case4,8,2600,4,0.248462
case4,8,2600,5,0.337692
case4,8,2700,1,0.065926
case4,8,2700,2,0.139630
case4,8,2700,3,0.208889
case4,8,2700,4,0.248519
case4,8,2700,5,0.337037
case4,8,2800,1,0.065000
case4,8,2800,2,0.140000
case4,8,2800,3,0.207857
case4,8,2800,4,0.252857
case4,8,2800,5,0.334286
case4,8,2900,1,0.064138
case4,8,2900,2,0.140690
case4,8,2900,3,0.208966
case4,8,2900,4,0.254138
case4,8,2900,5,0.332069
case4,8,3000,1,0.063000
case4,8,3000,2,0.141333
case4,8,3000,3,0.210333
case4,8,3000,4,0.253333
case4,8,3000,5,0.332000
case4,8,3100,1,0.063226
case4,8,3100,2,0.140968
case4,8,3100,3,0.210968
case4,8,3100,4,0.255161
case4,8,3100,5,0.329677
case4,8,3200,1,0.063125
case4,8,3200,2,0.141250
case4,8,3200,3,0.210625
case4,8,3200,4,0.257188
case4,8,3200,5,0.327813
case4,8,3300,1,0.063636
case4,8,3300,2,0.141515
case4,8,3300,3,0.208485
case4,8,3300,4,0.257576
case4,8,3300,5,0.328788
case4,8,3400,1,0.063824
case4,8,3400,2,0.143824
case4,8,3400,3,0.208824
case4,8,3400,4,0.257059
case4,8,3400,5,0.326471
case4,8,3500,1,0.064000
case4,8,3500,2,0.145714
case4,8,3500,3,0.209143
case4,8,3500,4,0.255714
case4,8,3500,5,0.325429
case4,8,3600,1,0.062500
case4,8,3600,2,0.145278
case4,8,3600,3,0.208333
case4,8,3600,4,0.256389
case4,8,3600,5,0.327500
case4,8,3700,1,0.063243
case4,8,3700,2,0.144595
case4,8,3700,3,0.208108
case4,8,3700,4,0.255405
case4,8,3700,5,0.328649
case4,8,3800,1,0.063947
case4,8,3800,2,0.144474
case4,8,3800,3,0.207895
case4,8,3800,4,0.255789
case4,8,3800,5,0.327895
case4,8,3900,1,0.065385
case4,8,3900,2,0.143333
case4,8,3900,3,0.208718
case4,8,3900,4,0.256410
case4,8,3900,5,0.326154
case4,8,4000,1,0.065000
case4,8,4000,2,0.143000
case4,8,4000,3,0.209250
case4,8,4000,4,0.256750
case4,8,4000,5,0.326000
case4,8,4100,1,0.066098
case4,8,4100,2,0.142927
case4,8,4100,3,0.207561
case4,8,4100,4,0.257073
case4,8,4100,5,0.326341
case4,8,4200,1,0.066905
case4,8,4200,2,0.143571
case4,8,4200,3,0.207381
case4,8,4200,4,0.256667
case4,8,4200,5,0.325476
case4,8,4300,1,0.066279
case4,8,4300,2,0.143721
case4,8,4300,3,0.206744
case4,8,4300,4,0.258605
case4,8,4300,5,0.324651
case4,8,4400,1,0.067500
case4,8,4400,2,0.142727
case4,8,4400,3,0.206818
case4,8,4400,4,0.258182
case4,8,4400,5,0.324773
case4,8,4500,1,0.067333
case4,8,4500,2,0.143333
case4,8,4500,3,0.207556
case4,8,4500,4,0.258444
case4,8,4500,5,0.323333
case4,8,4600,1,0.068043
case4,8,4600,2,0.141957
case4,8,4600,3,0.207391
case4,8,4600,4,0.258261
case4,8,4600,5,0.324348
case4,8,4700,1,0.068085
case4,8,4700,2,0.141702
case4,8,4700,3,0.207660
case4,8,4700,4,0.259362
case4,8,4700,5,0.323191
case4,8,4800,1,0.069375
case4,8,4800,2,0.141250
case4,8,4800,3,0.207708
case4,8,4800,4,0.258333
case4,8,4800,5,0.323333
case4,8,4900,1,0.069592
case4,8,4900,2,0.139592
case4,8,4900,3,0.207959
case4,8,4900,4,0.257347
case4,8,4900,5,0.325510
case4,8,5000,1,0.070000
case4,8,5000,2,0.138400
case4,8,5000,3,0.208000
case4,8,5000,4,0.257000
case4,8,5000,5,0.326600
case4,8,5100,1,0.069020
case4,8,5100,2,0.138235
case4,8,5100,3,0.208627
case4,8,5100,4,0.258235
case4,8,5100,5,0.325882
case4,8,5200,1,0.069231
case4,8,5200,2,0.138654
case4,8,5200,3,0.209231
case4,8,5200,4,0.257500
case4,8,5200,5,0.325385
case4,8,5300,1,0.069057
case4,8,5300,2,0.137925
case4,8,5300,3,0.209057
case4,8,5300,4,0.257547
case4,8,5300,5,0.326415
case4,8,5400,1,0.068704
case4,8,5400,2,0.138519
case4,8,5400,3,0.209444
case4,8,5400,4,0.258148
case4,8,5400,5,0.325185
case4,8,5500,1,0.068182
case4,8,5500,2,0.138545
case4,8,5500,3,0.209455
case4,8,5500,4,0.259273
case4,8,5500,5,0.324545
case4,8,5600,1,0.067679
case4,8,5600,2,0.136964
case4,8,5600,3,0.210000
case4,8,5600,4,0.259107
case4,8,5600,5,0.326250
case4,8,5700,1,0.067193
case4,8,5700,2,0.136667
case4,8,5700,3,0.209298
case4,8,5700,4,0.260526
case4,8,5700,5,0.326316
case4,8,5800,1,0.067414
case4,8,5800,2,0.136897
case4,8,5800,3,0.207586
case4,8,5800,4,0.261379
case4,8,5800,5,0.326724
case4,8,5900,1,0.066780
case4,8,5900,2,0.136949
case4,8,5900,3,0.207458
case4,8,5900,4,0.261356
case4,8,5900,5,0.327458
case4,8,6000,1,0.066833
case4,8,6000,2,0.138167
case4,8,6000,3,0.207667
case4,8,6000,4,0.260667
case4,8,6000,5,0.326667
case4,8,6100,1,0.066393
case4,8,6100,2,0.138033
case4,8,6100,3,0.207377
case4,8,6100,4,0.261967
case4,8,6100,5,0.326230
case4,8,6200,1,0.066613
case4,8,6200,2,0.137419
case4,8,6200,3,0.207419
case4,8,6200,4,0.263065
case4,8,6200,5,0.325484
case4,8,6300,1,0.066667
case4,8,6300,2,0.138413
case4,8,6300,3,0.207619
case4,8,6300,4,0.261746
case4,8,6300,5,0.325556
case4,8,6400,1,0.065937
case4,8,6400,2,0.138594
case4,8,6400,3,0.206563
case4,8,6400,4,0.261719
case4,8,6400,5,0.327188
case4,8,6500,1,0.066000
case4,8,6500,2,0.138154
case4,8,6500,3,0.205846
case4,8,6500,4,0.263077
case4,8,6500,5,0.326923
case4,8,6600,1,0.066667
case4,8,6600,2,0.138939
case4,8,6600,3,0.205000
case4,8,6600,4,0.263182
case4,8,6600,5,0.326212
case4,8,6700,1,0.067164
case4,8,6700,2,0.137910
case4,8,6700,3,0.204776
case4,8,6700,4,0.263731
case4,8,6700,5,0.326418
case4,8,6800,1,0.066912
case4,8,6800,2,0.138676
case4,8,6800,3,0.204412
case4,8,6800,4,0.263382
case4,8,6800,5,0.326618
case4,8,6900,1,0.066377
case4,8,6900,2,0.138551
case4,8,6900,3,0.204203
case4,8,6900,4,0.264493
case4,8,6900,5,0.326377
case4,8,7000,1,0.066286
case4,8,7000,2,0.138286
case4,8,7000,3,0.203857
case4,8,7000,4,0.265143
case4,8,7000,5,0.326429
case4,8,7100,1,0.066479
case4,8,7100,2,0.137887
case4,8,7100,3,0.204085
case4,8,7100,4,0.263803
case4,8,7100,5,0.327746
case4,8,7200,1,0.066806
case4,8,7200,2,0.138194
case4,8,7200,3,0.203611
case4,8,7200,4,0.264167
case4,8,7200,5,0.327222
case4,8,7300,1,0.066986
case4,8,7300,2,0.138356
case4,8,7300,3,0.204384
case4,8,7300,4,0.263699
case4,8,7300,5,0.326575
case4,8,7400,1,0.066622
case4,8,7400,2,0.138243
case4,8,7400,3,0.204865
case4,8,7400,4,0.264595
case4,8,7400,5,0.325676
case4,8,7500,1,0.066400
case4,8,7500,2,0.137733
case4,8,7500,3,0.205333
case4,8,7500,4,0.264800
case4,8,7500,5,0.325733
case4,8,7600,1,0.066053
case4,8,7600,2,0.138158
case4,8,7600,3,0.203947
case4,8,7600,4,0.264605
case4,8,7600,5,0.327237
case4,8,7700,1,0.065714
case4,8,7700,2,0.138701
case4,8,7700,3,0.203766
case4,8,7700,4,0.265325
case4,8,7700,5,0.326494
case4,8,7800,1,0.065385
case4,8,7800,2,0.139103
case4,8,7800,3,0.203718
case4,8,7800,4,0.265897
case4,8,7800,5,0.325897
case4,8,7900,1,0.065316
case4,8,7900,2,0.138734
case4,8,7900,3,0.203671
case4,8,7900,4,0.266329
case4,8,7900,5,0.325949
case4,8,8000,1,0.065125
case4,8,8000,2,0.139625
case4,8,8000,3,0.203875
case4,8,8000,4,0.266250
case4,8,8000,5,0.325125
case4,8,8100,1,0.065309
case4,8,8100,2,0.139630
case4,8,8100,3,0.203580
case4,8,8100,4,0.265802
case4,8,8100,5,0.325679
case4,8,8200,1,0.065122
case4,8,8200,2,0.139756
case4,8,8200,3,0.203171
case4,8,8200,4,0.266463
case4,8,8200,5,0.325488
case4,8,8300,1,0.064819
case4,8,8300,2,0.139639
case4,8,8300,3,0.203614
case4,8,8300,4,0.265904
case4,8,8300,5,0.326024
case4,8,8400,1,0.065000
case4,8,8400,2,0.140000
case4,8,8400,3,0.203452
case4,8,8400,4,0.264881
case4,8,8400,5,0.326667
case4,8,8500,1,0.064824
case4,8,8500,2,0.139647
case4,8,8500,3,0.203176
case4,8,8500,4,0.265529
case4,8,8500,5,0.326824
case4,8,8600,1,0.065233
case4,8,8600,2,0.139302
case4,8,8600,3,0.202674
case4,8,8600,4,0.265233
case4,8,8600,5,0.327558
case4,8,8700,1,0.065517
case4,8,8700,2,0.139425
case4,8,8700,3,0.203103
case4,8,8700,4,0.265287
case4,8,8700,5,0.326667
case4,8,8800,1,0.065795
case4,8,8800,2,0.138977
case4,8,8800,3,0.202841
case4,8,8800,4,0.265455
case4,8,8800,5,0.326932
case4,8,8900,1,0.065393
case4,8,8900,2,0.139326
case4,8,8900,3,0.203820
case4,8,8900,4,0.265056
case4,8,8900,5,0.326404
case4,8,9000,1,0.065111
case4,8,9000,2,0.139444
case4,8,9000,3,0.204000
case4,8,9000,4,0.265444
case4,8,9000,5,0.326000
case4,8,9100,1,0.064835
case4,8,9100,2,0.139560
case4,8,9100,3,0.203956
case4,8,9100,4,0.265604
case4,8,9100,5,0.326044
case4,8,9200,1,0.064565
case4,8,9200,2,0.139022
case4,8,9200,3,0.203913
case4,8,9200,4,0.265761
case4,8,9200,5,0.326739
case4,8,9300,1,0.064839
case4,8,9300,2,0.139247
case4,8,9300,3,0.203871
case4,8,9300,4,0.266237
case4,8,9300,5,0.325806
case4,8,9400,1,0.065213
case4,8,9400,2,0.139468
case4,8,9400,3,0.204043
case4,8,9400,4,0.266170
case4,8,9400,5,0.325106
case4,8,9500,1,0.065263
case4,8,9500,2,0.138947
case4,8,9500,3,0.204947
case4,8,9500,4,0.266000
case4,8,9500,5,0.324842
case4,8,9600,1,0.065104
case4,8,9600,2,0.138750
case4,8,9600,3,0.204271
case4,8,9600,4,0.267188
case4,8,9600,5,0.324688
case4,8,9700,1,0.064742
case4,8,9700,2,0.138247
case4,8,9700,3,0.203608
case4,8,9700,4,0.267835
case4,8,9700,5,0.325567
case4,8,9800,1,0.064898
case4,8,9800,2,0.138163
case4,8,9800,3,0.203673
case4,8,9800,4,0.267449
case4,8,9800,5,0.325816
case4,8,9900,1,0.064949
case4,8,9900,2,0.138384
case4,8,9900,3,0.204242
case4,8,9900,4,0.266970
case4,8,9900,5,0.325455
case4,8,10000,1,0.064800
case4,8,10000,2,0.138700
case4,8,10000,3,0.204200
case4,8,10000,4,0.267500
case4,8,10000,5,0.324800
case4,9,100,1,0.090000
case4,9,100,2,0.160000
case4,9,100,3,0.200000
case4,9,100,4,0.250000
case4,9,100,5,0.300000
case4,9,200,1,0.085000
case4,9,200,2,0.160000
case4,9,200,3,0.200000
case4,9,200,4,0.250000
case4,9,200,5,0.305000
case4,9,300,1,0.083333
case4,9,300,2,0.156667
case4,9,300,3,0.203333
case4,9,300,4,0.216667
case4,9,300,5,0.340000
case4,9,400,1,0.082500
case4,9,400,2,0.140000
case4,9,400,3,0.205000
case4,9,400,4,0.235000
case4,9,400,5,0.337500
case4,9,500,1,0.070000
case4,9,500,2,0.138000
case4,9,500,3,0.194000
case4,9,500,4,0.252000
case4,9,500,5,0.346000
case4,9,600,1,0.070000
case4,9,600,2,0.131667
case4,9,600,3,0.195000
case4,9,600,4,0.256667
case4,9,600,5,0.346667
case4,9,700,1,0.064286
case4,9,700,2,0.134286
case4,9,700,3,0.195714
case4,9,700,4,0.240000
case4,9,700,5,0.365714
case4,9,800,1,0.061250
case4,9,800,2,0.140000
case4,9,800,3,0.191250
case4,9,800,4,0.246250
case4,9,800,5,0.361250
case4,9,900,1,0.063333
case4,9,900,2,0.138889
case4,9,900,3,0.188889
case4,9,900,4,0.248889
case4,9,900,5,0.360000
case4,9,1000,1,0.064000
case4,9,1000,2,0.136000
case4,9,1000,3,0.189000
case4,9,1000,4,0.256000
case4,9,1000,5,0.355000
case4,9,1100,1,0.065455
case4,9,1100,2,0.142727
case4,9,1100,3,0.183636
case4,9,1100,4,0.254545
case4,9,1100,5,0.353636
case4,9,1200,1,0.063333
case4,9,1200,2,0.145000
case4,9,1200,3,0.187500
case4,9,1200,4,0.255833
case4,9,1200,5,0.348333
case4,9,1300,1,0.065385
case4,9,1300,2,0.142308
case4,9,1300,3,0.191538
case4,9,1300,4,0.258462
case4,9,1300,5,0.342308
case4,9,1400,1,0.069286
case4,9,1400,2,0.145000
case4,9,1400,3,0.186429
case4,9,1400,4,0.259286
case4,9,1400,5,0.340000
case4,9,1500,1,0.069333
case4,9,1500,2,0.146000
case4,9,1500,3,0.185333
case4,9,1500,4,0.256667
case4,9,1500,5,0.342667
case4,9,1600,1,0.069375
case4,9,1600,2,0.143750
case4,9,1600,3,0.184375
case4,9,1600,4,0.262500
case4,9,1600,5,0.340000
case4,9,1700,1,0.070588
case4,9,1700,2,0.142353
case4,9,1700,3,0.188235
case4,9,1700,4,0.259412
case4,9,1700,5,0.339412
case4,9,1800,1,0.070000
case4,9,1800,2,0.143333
case4,9,1800,3,0.192222
case4,9,1800,4,0.258889
case4,9,1800,5,0.335556
case4,9,1900,1,0.070000
case4,9,1900,2,0.141579
case4,9,1900,3,0.192105
case4,9,1900,4,0.257368
case4,9,1900,5,0.338947
case4,9,2000,1,0.072000
case4,9,2000,2,0.143500
case4,9,2000,3,0.189500
case4,9,2000,4,0.256000
case4,9,2000,5,0.339000
case4,9,2100,1,0.070952
case4,9,2100,2,0.145714
case4,9,2100,3,0.189524
case4,9,2100,4,0.258095
case4,9,2100,5,0.335714
case4,9,2200,1,0.070909
case4,9,2200,2,0.143182
case4,9,2200,3,0.190000
case4,9,2200,4,0.258636
case4,9,2200,5,0.337273
case4,9,2300,1,0.069565
case4,9,2300,2,0.140870
case4,9,2300,3,0.193043
case4,9,2300,4,0.260435
case4,9,2300,5,0.336087
case4,9,2400,1,0.067917
case4,9,2400,2,0.141250
case4,9,2400,3,0.192500
case4,9,2400,4,0.262083
case4,9,2400,5,0.336250
case4,9,2500,1,0.066400
case4,9,2500,2,0.141600
case4,9,2500,3,0.189200
case4,9,2500,4,0.261200
case4,9,2500,5,0.341600
case4,9,2600,1,0.066154
case4,9,2600,2,0.140385
case4,9,2600,3,0.190769
case4,9,2600,4,0.259615
case4,9,2600,5,0.343077
case4,9,2700,1,0.065556
case4,9,2700,2,0.141852
case4,9,2700,3,0.191852
case4,9,2700,4,0.260370
case4,9,2700,5,0.340370
case4,9,2800,1,0.064643
case4,9,2800,2,0.142500
case4,9,2800,3,0.192857
case4,9,2800,4,0.259286
case4,9,2800,5,0.340714
case4,9,2900,1,0.064828
case4,9,2900,2,0.142414
case4,9,2900,3,0.193448
case4,9,2900,4,0.258621
case4,9,2900,5,0.340690
case4,9,3000,1,0.064667
case4,9,3000,2,0.141000
case4,9,3000,3,0.194000
case4,9,3000,4,0.258000
case4,9,3000,5,0.342333
case4,9,3100,1,0.064839
case4,9,3100,2,0.140968
case4,9,3100,3,0.196129
case4,9,3100,4,0.257097
case4,9,3100,5,0.340968
case4,9,3200,1,0.064687
case4,9,3200,2,0.140625
case4,9,3200,3,0.196250
case4,9,3200,4,0.259375
case4,9,3200,5,0.339062
case4,9,3300,1,0.063939
case4,9,3300,2,0.140303
case4,9,3300,3,0.197576
case4,9,3300,4,0.259091
case4,9,3300,5,0.339091
case4,9,3400,1,0.063824
case4,9,3400,2,0.141471
case4,9,3400,3,0.196471
case4,9,3400,4,0.260588
case4,9,3400,5,0.337647
case4,9,3500,1,0.063714
case4,9,3500,2,0.139429
case4,9,3500,3,0.197143
case4,9,3500,4,0.258857
case4,9,3500,5,0.340857
case4,9,3600,1,0.063333
case4,9,3600,2,0.141111
case4,9,3600,3,0.196944
case4,9,3600,4,0.260278
case4,9,3600,5,0.338333
case4,9,3700,1,0.062973
case4,9,3700,2,0.142973
case4,9,3700,3,0.196757
case4,9,3700,4,0.259730
case4,9,3700,5,0.337568
case4,9,3800,1,0.063421
case4,9,3800,2,0.142895
case4,9,3800,3,0.195000
case4,9,3800,4,0.261316
case4,9,3800,5,0.337368
case4,9,3900,1,0.064103
case4,9,3900,2,0.143590
case4,9,3900,3,0.194359
case4,9,3900,4,0.261538
case4,9,3900,5,0.336410
case4,9,4000,1,0.064250
case4,9,4000,2,0.143000
case4,9,4000,3,0.195750
case4,9,4000,4,0.259750
case4,9,4000,5,0.337250
case4,9,4100,1,0.065122
case4,9,4100,2,0.141220
case4,9,4100,3,0.195610
case4,9,4100,4,0.260244
case4,9,4100,5,0.337805
case4,9,4200,1,0.065476
case4,9,4200,2,0.140476
case4,9,4200,3,0.196429
case4,9,4200,4,0.260476
case4,9,4200,5,0.337143
case4,9,4300,1,0.065581
case4,9,4300,2,0.140698
case4,9,4300,3,0.195349
case4,9,4300,4,0.260465
case4,9,4300,5,0.337907
case4,9,4400,1,0.064773
case4,9,4400,2,0.141591
case4,9,4400,3,0.196136
case4,9,4400,4,0.260682
case4,9,4400,5,0.336818
case4,9,4500,1,0.065111
case4,9,4500,2,0.141556
case4,9,4500,3,0.196222
case4,9,4500,4,0.260889
case4,9,4500,5,0.336222
case4,9,4600,1,0.064783
case4,9,4600,2,0.141304
case4,9,4600,3,0.195435
case4,9,4600,4,0.260435
case4,9,4600,5,0.338043
case4,9,4700,1,0.064894
case4,9,4700,2,0.140851
case4,9,4700,3,0.195745
case4,9,4700,4,0.260426
case4,9,4700,5,0.338085
case4,9,4800,1,0.065000
case4,9,4800,2,0.141667
case4,9,4800,3,0.195625
case4,9,4800,4,0.259792
case4,9,4800,5,0.337917
case4,9,4900,1,0.064694
case4,9,4900,2,0.142245
case4,9,4900,3,0.196327
case4,9,4900,4,0.259184
case4,9,4900,5,0.337551
case4,9,5000,1,0.065200
case4,9,5000,2,0.142600
case4,9,5000,3,0.197800
case4,9,5000,4,0.258800
case4,9,5000,5,0.335600
case4,9,5100,1,0.064510
case4,9,5100,2,0.141765
case4,9,5100,3,0.198824
case4,9,5100,4,0.257255
case4,9,5100,5,0.337647
case4,9,5200,1,0.065385
case4,9,5200,2,0.140577
case4,9,5200,3,0.198462
case4,9,5200,4,0.257115
case4,9,5200,5,0.338462
case4,9,5300,1,0.066226
case4,9,5300,2,0.139434
case4,9,5300,3,0.198491
case4,9,5300,4,0.256981
case4,9,5300,5,0.338868
case4,9,5400,1,0.066296
case4,9,5400,2,0.139259
case4,9,5400,3,0.198148
case4,9,5400,4,0.257222
case4,9,5400,5,0.339074
case4,9,5500,1,0.066364
case4,9,5500,2,0.138727
case4,9,5500,3,0.198182
case4,9,5500,4,0.257636
case4,9,5500,5,0.339091
case4,9,5600,1,0.065714
case4,9,5600,2,0.138393
case4,9,5600,3,0.198571
case4,9,5600,4,0.257679
case4,9,5600,5,0.339643
case4,9,5700,1,0.065263
case4,9,5700,2,0.138772
case4,9,5700,3,0.197193
case4,9,5700,4,0.258772
case4,9,5700,5,0.340000
case4,9,5800,1,0.065172
case4,9,5800,2,0.139310
case4,9,5800,3,0.198103
case4,9,5800,4,0.259483
case4,9,5800,5,0.337931
case4,9,5900,1,0.065424
case4,9,5900,2,0.139322
case4,9,5900,3,0.198305
case4,9,5900,4,0.259831
case4,9,5900,5,0.337119
case4,9,6000,1,0.065333
case4,9,6000,2,0.139333
case4,9,6000,3,0.198833
case4,9,6000,4,0.259833
case4,9,6000,5,0.336667
case4,9,6100,1,0.066066
case4,9,6100,2,0.139672
case4,9,6100,3,0.198361
case4,9,6100,4,0.258525
case4,9,6100,5,0.337377
case4,9,6200,1,0.066129
case4,9,6200,2,0.139194
case4,9,6200,3,0.198226
case4,9,6200,4,0.257742
case4,9,6200,5,0.338710
case4,9,6300,1,0.065556
case4,9,6300,2,0.139524
case4,9,6300,3,0.198095
case4,9,6300,4,0.258889
case4,9,6300,5,0.337937
case4,9,6400,1,0.065469
case4,9,6400,2,0.139219
case4,9,6400,3,0.197656
case4,9,6400,4,0.259062
case4,9,6400,5,0.338594
case4,9,6500,1,0.065231
case4,9,6500,2,0.138923
case4,9,6500,3,0.197846
case4,9,6500,4,0.260154
case4,9,6500,5,0.337846
case4,9,6600,1,0.066061
case4,9,6600,2,0.139242
case4,9,6600,3,0.198030
case4,9,6600,4,0.259242
case4,9,6600,5,0.337424
case4,9,6700,1,0.066119
case4,9,6700,2,0.138657
case4,9,6700,3,0.198358
case4,9,6700,4,0.259851
case4,9,6700,5,0.337015
case4,9,6800,1,0.066176
case4,9,6800,2,0.139118
case4,9,6800,3,0.198971
case4,9,6800,4,0.260147
case4,9,6800,5,0.335588
case4,9,6900,1,0.065797
case4,9,6900,2,0.139130
case4,9,6900,3,0.199855
case4,9,6900,4,0.259710
case4,9,6900,5,0.335507
case4,9,7000,1,0.065429
case4,9,7000,2,0.139286
case4,9,7000,3,0.199714
case4,9,7000,4,0.260143
case4,9,7000,5,0.335429
case4,9,7100,1,0.065634
case4,9,7100,2,0.138592
case4,9,7100,3,0.199296
case4,9,7100,4,0.260563
case4,9,7100,5,0.335915
case4,9,7200,1,0.065417
case4,9,7200,2,0.139028
case4,9,7200,3,0.199028
case4,9,7200,4,0.260694
case4,9,7200,5,0.335833
case4,9,7300,1,0.065616
case4,9,7300,2,0.138493
case4,9,7300,3,0.199726
case4,9,7300,4,0.261233
case4,9,7300,5,0.334932
case4,9,7400,1,0.066216
case4,9,7400,2,0.138243
case4,9,7400,3,0.199595
case4,9,7400,4,0.261622
case4,9,7400,5,0.334324
case4,9,7500,1,0.066667
case4,9,7500,2,0.138533
case4,9,7500,3,0.199600
case4,9,7500,4,0.261200
case4,9,7500,5,0.334000
case4,9,7600,1,0.066842
case4,9,7600,2,0.138026
case4,9,7600,3,0.199605
case4,9,7600,4,0.261842
case4,9,7600,5,0.333684
case4,9,7700,1,0.067532
case4,9,7700,2,0.138182
case4,9,7700,3,0.199481
case4,9,7700,4,0.261818
case4,9,7700,5,0.332987
case4,9,7800,1,0.068077
case4,9,7800,2,0.138077
case4,9,7800,3,0.199231
case4,9,7800,4,0.262564
case4,9,7800,5,0.332051
case4,9,7900,1,0.067975
case4,9,7900,2,0.138354
case4,9,7900,3,0.199494
case4,9,7900,4,0.262785
case4,9,7900,5,0.331392
case4,9,8000,1,0.067625
case4,9,8000,2,0.138000
case4,9,8000,3,0.200000
case4,9,8000,4,0.262250
case4,9,8000,5,0.332125
case4,9,8100,1,0.067531
case4,9,8100,2,0.138519
case4,9,8100,3,0.200123
case4,9,8100,4,0.262963
case4,9,8100,5,0.330864
case4,9,8200,1,0.067073
case4,9,8200,2,0.138902
case4,9,8200,3,0.200244
case4,9,8200,4,0.263902
case4,9,8200,5,0.329878
case4,9,8300,1,0.066867
case4,9,8300,2,0.138554
case4,9,8300,3,0.199639
case4,9,8300,4,0.264337
case4,9,8300,5,0.330602
case4,9,8400,1,0.066905
case4,9,8400,2,0.137976
case4,9,8400,3,0.199881
case4,9,8400,4,0.263929
case4,9,8400,5,0.331310
case4,9,8500,1,0.067176
case4,9,8500,2,0.136824
case4,9,8500,3,0.200118
case4,9,8500,4,0.263176
case4,9,8500,5,0.332706
case4,9,8600,1,0.067093
case4,9,8600,2,0.137326
case4,9,8600,3,0.200349
case4,9,8600,4,0.262907
case4,9,8600,5,0.332326
case4,9,8700,1,0.067356
case4,9,8700,2,0.137241
case4,9,8700,3,0.200345
case4,9,8700,4,0.262299
case4,9,8700,5,0.332759
case4,9,8800,1,0.067045
case4,9,8800,2,0.137614
case4,9,8800,3,0.200000
case4,9,8800,4,0.262727
case4,9,8800,5,0.332614
case4,9,8900,1,0.066966
case4,9,8900,2,0.137528
case4,9,8900,3,0.199326
case4,9,8900,4,0.262584
case4,9,8900,5,0.333596
case4,9,9000,1,0.066556
case4,9,9000,2,0.137000
case4,9,9000,3,0.199111
case4,9,9000,4,0.263222
case4,9,9000,5,0.334111
case4,9,9100,1,0.066374
case4,9,9100,2,0.136813
case4,9,9100,3,0.199451
case4,9,9100,4,0.263187
case4,9,9100,5,0.334176
case4,9,9200,1,0.066304
case4,9,9200,2,0.136522
case4,9,9200,3,0.199565
case4,9,9200,4,0.263587
case4,9,9200,5,0.334022
case4,9,9300,1,0.066237
case4,9,9300,2,0.136452
case4,9,9300,3,0.199140
case4,9,9300,4,0.263656
case4,9,9300,5,0.334516
case4,9,9400,1,0.066489
case4,9,9400,2,0.136702
case4,9,9400,3,0.199468
case4,9,9400,4,0.263617
case4,9,9400,5,0.333723
case4,9,9500,1,0.066632
case4,9,9500,2,0.136316
case4,9,9500,3,0.199158
case4,9,9500,4,0.263789
case4,9,9500,5,0.334105
case4,9,9600,1,0.066771
case4,9,9600,2,0.136354
case4,9,9600,3,0.199063
case4,9,9600,4,0.263437
case4,9,9600,5,0.334375
case4,9,9700,1,0.067113
case4,9,9700,2,0.136495
case4,9,9700,3,0.198041
case4,9,9700,4,0.263299
case4,9,9700,5,0.335052
case4,9,9800,1,0.067041
case4,9,9800,2,0.136122
case4,9,9800,3,0.197653
case4,9,9800,4,0.263776
case4,9,9800,5,0.335408
case4,9,9900,1,0.067172
case4,9,9900,2,0.135455
case4,9,9900,3,0.197576
case4,9,9900,4,0.264141
case4,9,9900,5,0.335657
case4,9,10000,1,0.067400
case4,9,10000,2,0.135400
case4,9,10000,3,0.197300
case4,9,10000,4,0.264500
case4,9,10000,5,0.335400
case4,10,100,1,0.080000
case4,10,100,2,0.080000
case4,10,100,3,0.210000
case4,10,100,4,0.260000
case4,10,100,5,0.370000
case4,10,200,1,0.080000
case4,10,200,2,0.140000
case4,10,200,3,0.205000
case4,10,200,4,0.250000
case4,10,200,5,0.325000
case4,10,300,1,0.073333
case4,10,300,2,0.156667
case4,10,300,3,0.206667
case4,10,300,4,0.240000
case4,10,300,5,0.323333
case4,10,400,1,0.070000
case4,10,400,2,0.155000
case4,10,400,3,0.210000
case4,10,400,4,0.235000
case4,10,400,5,0.330000
case4,10,500,1,0.068000
case4,10,500,2,0.152000
case4,10,500,3,0.204000
case4,10,500,4,0.230000
case4,10,500,5,0.346000
case4,10,600,1,0.070000
case4,10,600,2,0.155000
case4,10,600,3,0.206667
case4,10,600,4,0.240000
case4,10,600,5,0.328333
case4,10,700,1,0.070000
case4,10,700,2,0.154286
case4,10,700,3,0.205714
case4,10,700,4,0.251429
case4,10,700,5,0.318571
case4,10,800,1,0.066250
case4,10,800,2,0.152500
case4,10,800,3,0.203750
case4,10,800,4,0.248750
case4,10,800,5,0.328750
case4,10,900,1,0.066667
case4,10,900,2,0.151111
case4,10,900,3,0.201111
case4,10,900,4,0.257778
case4,10,900,5,0.323333
case4,10,1000,1,0.063000
case4,10,1000,2,0.153000
case4,10,1000,3,0.202000
case4,10,1000,4,0.260000
case4,10,1000,5,0.322000
case4,10,1100,1,0.064545
case4,10,1100,2,0.148182
case4,10,1100,3,0.205455
case4,10,1100,4,0.256364
case4,10,1100,5,0.325455
case4,10,1200,1,0.063333
case4,10,1200,2,0.145833
case4,10,1200,3,0.200000
case4,10,1200,4,0.258333
case4,10,1200,5,0.332500
case4,10,1300,1,0.066923
case4,10,1300,2,0.143077
case4,10,1300,3,0.200769
case4,10,1300,4,0.253846
case4,10,1300,5,0.335385
case4,10,1400,1,0.065714
case4,10,1400,2,0.151429
case4,10,1400,3,0.200714
case4,10,1400,4,0.246429
case4,10,1400,5,0.335714
case4,10,1500,1,0.063333
case4,10,1500,2,0.151333
case4,10,1500,3,0.198667
case4,10,1500,4,0.251333
case4,10,1500,5,0.335333
case4,10,1600,1,0.063125
case4,10,1600,2,0.150625
case4,10,1600,3,0.197500
case4,10,1600,4,0.251875
case4,10,1600,5,0.336875
case4,10,1700,1,0.062941
case4,10,1700,2,0.148824
case4,10,1700,3,0.200000
case4,10,1700,4,0.250588
case4,10,1700,5,0.337647
case4,10,1800,1,0.062222
case4,10,1800,2,0.146667
case4,10,1800,3,0.199444
case4,10,1800,4,0.252778
case4,10,1800,5,0.338889
case4,10,1900,1,0.064737
case4,10,1900,2,0.146316
case4,10,1900,3,0.198947
case4,10,1900,4,0.254211
case4,10,1900,5,0.335789
case4,10,2000,1,0.064000
case4,10,2000,2,0.146500
case4,10,2000,3,0.198000
case4,10,2000,4,0.257500
case4,10,2000,5,0.334000
case4,10,2100,1,0.064286
case4,10,2100,2,0.144762
case4,10,2100,3,0.202381
case4,10,2100,4,0.257143
case4,10,2100,5,0.331429
case4,10,2200,1,0.063182
case4,10,2200,2,0.144545
case4,10,2200,3,0.203182
case4,10,2200,4,0.258636
case4,10,2200,5,0.330455
case4,10,2300,1,0.062174
case4,10,2300,2,0.144783
case4,10,2300,3,0.204348
case4,10,2300,4,0.259130
case4,10,2300,5,0.329565
case4,10,2400,1,0.061250
case4,10,2400,2,0.142917
case4,10,2400,3,0.204583
case4,10,2400,4,0.260833
case4,10,2400,5,0.330417
case4,10,2500,1,0.061200
case4,10,2500,2,0.144000
case4,10,2500,3,0.204800
case4,10,2500,4,0.260000
case4,10,2500,5,0.330000
case4,10,2600,1,0.061154
case4,10,2600,2,0.141923
case4,10,2600,3,0.206154
case4,10,2600,4,0.260769
case4,10,2600,5,0.330000
case4,10,2700,1,0.061111
case4,10,2700,2,0.141481
case4,10,2700,3,0.204815
case4,10,2700,4,0.262222
case4,10,2700,5,0.330370
case4,10,2800,1,0.061071
case4,10,2800,2,0.141071
case4,10,2800,3,0.204286
case4,10,2800,4,0.263214
case4,10,2800,5,0.330357
case4,10,2900,1,0.061379
case4,10,2900,2,0.140345
case4,10,2900,3,0.204828
case4,10,2900,4,0.263103
case4,10,2900,5,0.330345
case4,10,3000,1,0.062333
case4,10,3000,2,0.141000
case4,10,3000,3,0.205000
case4,10,3000,4,0.262333
case4,10,3000,5,0.329333
case4,10,3100,1,0.061935
case4,10,3100,2,0.139355
case4,10,3100,3,0.206774
case4,10,3100,4,0.260645
case4,10,3100,5,0.331290
case4,10,3200,1,0.063437
case4,10,3200,2,0.137500
case4,10,3200,3,0.207500
case4,10,3200,4,0.259375
case4,10,3200,5,0.332188
case4,10,3300,1,0.062727
case4,10,3300,2,0.136970
case4,10,3300,3,0.208485
case4,10,3300,4,0.259394
case4,10,3300,5,0.332424
case4,10,3400,1,0.062059
case4,10,3400,2,0.136176
case4,10,3400,3,0.207647
case4,10,3400,4,0.261471
case4,10,3400,5,0.332647
case4,10,3500,1,0.062000
case4,10,3500,2,0.136286
case4,10,3500,3,0.207143
case4,10,3500,4,0.262286
case4,10,3500,5,0.332286
case4,10,3600,1,0.061667
case4,10,3600,2,0.136111
case4,10,3600,3,0.208056
case4,10,3600,4,0.260833
case4,10,3600,5,0.333333
case4,10,3700,1,0.061351
case4,10,3700,2,0.135405
case4,10,3700,3,0.208649
case4,10,3700,4,0.260000
case4,10,3700,5,0.334595
case4,10,3800,1,0.061316
case4,10,3800,2,0.135789
case4,10,3800,3,0.208684
case4,10,3800,4,0.257105
case4,10,3800,5,0.337105
case4,10,3900,1,0.062051
case4,10,3900,2,0.135641
case4,10,3900,3,0.209487
case4,10,3900,4,0.256410
case4,10,3900,5,0.336410
case4,10,4000,1,0.061750
case4,10,4000,2,0.135750
case4,10,4000,3,0.210000
case4,10,4000,4,0.256250
case4,10,4000,5,0.336250
case4,10,4100,1,0.061220
case4,10,4100,2,0.136341
case4,10,4100,3,0.209756
case4,10,4100,4,0.256098
case4,10,4100,5,0.336585
case4,10,4200,1,0.061190
case4,10,4200,2,0.135952
case4,10,4200,3,0.209286
case4,10,4200,4,0.257857
case4,10,4200,5,0.335714
case4,10,4300,1,0.061860
case4,10,4300,2,0.135581
case4,10,4300,3,0.208140
case4,10,4300,4,0.259767
case4,10,4300,5,0.334651
case4,10,4400,1,0.061818
case4,10,4400,2,0.135682
case4,10,4400,3,0.208182
case4,10,4400,4,0.260000
case4,10,4400,5,0.334318
case4,10,4500,1,0.061111
case4,10,4500,2,0.136000
case4,10,4500,3,0.207556
case4,10,4500,4,0.260000
case4,10,4500,5,0.335333
case4,10,4600,1,0.061087
case4,10,4600,2,0.134348
case4,10,4600,3,0.208261
case4,10,4600,4,0.260000
case4,10,4600,5,0.336304
case4,10,4700,1,0.060213
case4,10,4700,2,0.134468
case4,10,4700,3,0.207021
case4,10,4700,4,0.261702
case4,10,4700,5,0.336596
case4,10,4800,1,0.060000
case4,10,4800,2,0.134375
case4,10,4800,3,0.208750
case4,10,4800,4,0.263750
case4,10,4800,5,0.333125
case4,10,4900,1,0.059796
case4,10,4900,2,0.133878
case4,10,4900,3,0.208571
case4,10,4900,4,0.263061
case4,10,4900,5,0.334694
case4,10,5000,1,0.059600
case4,10,5000,2,0.134000
case4,10,5000,3,0.208400
case4,10,5000,4,0.262800
case4,10,5000,5,0.335200
case4,10,5100,1,0.060588
case4,10,5100,2,0.133529
case4,10,5100,3,0.209216
case4,10,5100,4,0.262549
case4,10,5100,5,0.334118
case4,10,5200,1,0.060962
case4,10,5200,2,0.133269
case4,10,5200,3,0.209231
case4,10,5200,4,0.263654
case4,10,5200,5,0.332885
case4,10,5300,1,0.061509
case4,10,5300,2,0.134340
case4,10,5300,3,0.208302
case4,10,5300,4,0.263962
case4,10,5300,5,0.331887
case4,10,5400,1,0.062037
case4,10,5400,2,0.133333
case4,10,5400,3,0.207593
case4,10,5400,4,0.265556
case4,10,5400,5,0.331481
case4,10,5500,1,0.061818
case4,10,5500,2,0.134182
case4,10,5500,3,0.207273
case4,10,5500,4,0.265818
case4,10,5500,5,0.330909
case4,10,5600,1,0.061786
case4,10,5600,2,0.133214
case4,10,5600,3,0.206250
case4,10,5600,4,0.267143
case4,10,5600,5,0.331607
case4,10,5700,1,0.061579
case4,10,5700,2,0.132456
case4,10,5700,3,0.206842
case4,10,5700,4,0.267018
case4,10,5700,5,0.332105
case4,10,5800,1,0.061379
case4,10,5800,2,0.132759
case4,10,5800,3,0.206897
case4,10,5800,4,0.267759
case4,10,5800,5,0.331207
case4,10,5900,1,0.061525
case4,10,5900,2,0.132203
case4,10,5900,3,0.206610
case4,10,5900,4,0.268136
case4,10,5900,5,0.331525
case4,10,6000,1,0.061500
case4,10,6000,2,0.132000
case4,10,6000,3,0.207167
case4,10,6000,4,0.267667
case4,10,6000,5,0.331667
case4,10,6100,1,0.061311
case4,10,6100,2,0.132295
case4,10,6100,3,0.206230
case4,10,6100,4,0.268033
case4,10,6100,5,0.332131
case4,10,6200,1,0.060645
case4,10,6200,2,0.132419
case4,10,6200,3,0.206129
case4,10,6200,4,0.268387
case4,10,6200,5,0.332419
case4,10,6300,1,0.060476
case4,10,6300,2,0.132063
case4,10,6300,3,0.206190
case4,10,6300,4,0.268413
case4,10,6300,5,0.332857
case4,10,6400,1,0.060156
case4,10,6400,2,0.131875
case4,10,6400,3,0.205781
case4,10,6400,4,0.267813
case4,10,6400,5,0.334375
case4,10,6500,1,0.060308
case4,10,6500,2,0.131692
case4,10,6500,3,0.205231
case4,10,6500,4,0.268923
case4,10,6500,5,0.333846
case4,10,6600,1,0.060152
case4,10,6600,2,0.131818
case4,10,6600,3,0.205455
case4,10,6600,4,0.268636
case4,10,6600,5,0.333939
case4,10,6700,1,0.060299
case4,10,6700,2,0.131642
case4,10,6700,3,0.205522
case4,10,6700,4,0.269403
case4,10,6700,5,0.333134
case4,10,6800,1,0.060000
case4,10,6800,2,0.131912
case4,10,6800,3,0.205000
case4,10,6800,4,0.269118
case4,10,6800,5,0.333971
case4,10,6900,1,0.059855
case4,10,6900,2,0.132029
case4,10,6900,3,0.204638
case4,10,6900,4,0.269420
case4,10,6900,5,0.334058
case4,10,7000,1,0.060000
case4,10,7000,2,0.132143
case4,10,7000,3,0.204143
case4,10,7000,4,0.269571
case4,10,7000,5,0.334143
case4,10,7100,1,0.060000
case4,10,7100,2,0.132254
case4,10,7100,3,0.205352
case4,10,7100,4,0.268592
case4,10,7100,5,0.333803
case4,10,7200,1,0.060000
case4,10,7200,2,0.132639
case4,10,7200,3,0.205833
case4,10,7200,4,0.268472
case4,10,7200,5,0.333056
case4,10,7300,1,0.059863
case4,10,7300,2,0.133288
case4,10,7300,3,0.205479
case4,10,7300,4,0.268356
case4,10,7300,5,0.333014
case4,10,7400,1,0.059865
case4,10,7400,2,0.133108
case4,10,7400,3,0.205946
case4,10,7400,4,0.267973
case4,10,7400,5,0.333108
case4,10,7500,1,0.059733
case4,10,7500,2,0.133067
case4,10,7500,3,0.205867
case4,10,7500,4,0.267600
case4,10,7500,5,0.333733
case4,10,7600,1,0.059868
case4,10,7600,2,0.133421
case4,10,7600,3,0.205658
case4,10,7600,4,0.267500
case4,10,7600,5,0.333553
case4,10,7700,1,0.059610
case4,10,7700,2,0.134026
case4,10,7700,3,0.205584
case4,10,7700,4,0.267532
case4,10,7700,5,0.333247
case4,10,7800,1,0.059615
case4,10,7800,2,0.134359
case4,10,7800,3,0.206538
case4,10,7800,4,0.266410
case4,10,7800,5,0.333077
case4,10,7900,1,0.060253
case4,10,7900,2,0.134430
case4,10,7900,3,0.206203
case4,10,7900,4,0.266835
case4,10,7900,5,0.332278
case4,10,8000,1,0.060500
case4,10,8000,2,0.134125
case4,10,8000,3,0.206000
case4,10,8000,4,0.266750
case4,10,8000,5,0.332625
case4,10,8100,1,0.061111
case4,10,8100,2,0.133457
case4,10,8100,3,0.205556
case4,10,8100,4,0.267531
case4,10,8100,5,0.332346
case4,10,8200,1,0.060976
case4,10,8200,2,0.133659
case4,10,8200,3,0.205976
case4,10,8200,4,0.266951
case4,10,8200,5,0.332439
case4,10,8300,1,0.060964
case4,10,8300,2,0.134217
case4,10,8300,3,0.205783
case4,10,8300,4,0.267229
case4,10,8300,5,0.331807
case4,10,8400,1,0.060714
case4,10,8400,2,0.134405
case4,10,8400,3,0.206190
case4,10,8400,4,0.267024
case4,10,8400,5,0.331667
case4,10,8500,1,0.060941
case4,10,8500,2,0.134000
case4,10,8500,3,0.206588
case4,10,8500,4,0.267059
case4,10,8500,5,0.331412
case4,10,8600,1,0.060930
case4,10,8600,2,0.134186
case4,10,8600,3,0.205581
case4,10,8600,4,0.267209
case4,10,8600,5,0.332093
case4,10,8700,1,0.060920
case4,10,8700,2,0.134368
case4,10,8700,3,0.205517
case4,10,8700,4,0.267126
case4,10,8700,5,0.332069
case4,10,8800,1,0.061023
case4,10,8800,2,0.134091
case4,10,8800,3,0.206023
case4,10,8800,4,0.267273
case4,10,8800,5,0.331591
case4,10,8900,1,0.061011
case4,10,8900,2,0.134831
case4,10,8900,3,0.206067
case4,10,8900,4,0.266742
case4,10,8900,5,0.331348
case4,10,9000,1,0.061111
case4,10,9000,2,0.135000
case4,10,9000,3,0.205556
case4,10,9000,4,0.267556
case4,10,9000,5,0.330778
case4,10,9100,1,0.060659
case4,10,9100,2,0.135495
case4,10,9100,3,0.204725
case4,10,9100,4,0.267692
case4,10,9100,5,0.331429
case4,10,9200,1,0.060435
case4,10,9200,2,0.135326
case4,10,9200,3,0.204565
case4,10,9200,4,0.268152
case4,10,9200,5,0.331522
case4,10,9300,1,0.060000
case4,10,9300,2,0.134839
case4,10,9300,3,0.204516
case4,10,9300,4,0.268065
case4,10,9300,5,0.332581
case4,10,9400,1,0.059787
case4,10,9400,2,0.135000
case4,10,9400,3,0.203936
case4,10,9400,4,0.268085
case4,10,9400,5,0.333191
case4,10,9500,1,0.060211
case4,10,9500,2,0.135158
case4,10,9500,3,0.203263
case4,10,9500,4,0.268316
case4,10,9500,5,0.333053
case4,10,9600,1,0.060312
case4,10,9600,2,0.135625
case4,10,9600,3,0.203333
case4,10,9600,4,0.268646
case4,10,9600,5,0.332083
case4,10,9700,1,0.060309
case4,10,9700,2,0.135670
case4,10,9700,3,0.203299
case4,10,9700,4,0.268454
case4,10,9700,5,0.332268
case4,10,9800,1,0.060102
case4,10,9800,2,0.135306
case4,10,9800,3,0.203673
case4,10,9800,4,0.268571
case4,10,9800,5,0.332347
case4,10,9900,1,0.059798
case4,10,9900,2,0.135354
case4,10,9900,3,0.203535
case4,10,9900,4,0.268990
case4,10,9900,5,0.332323
case4,10,10000,1,0.059400
case4,10,10000,2,0.135300
case4,10,10000,3,0.203800
case4,10,10000,4,0.268800
case4,10,10000,5,0.332700
case4,11,100,1,0.080000
case4,11,100,2,0.120000
case4,11,100,3,0.240000
case4,11,100,4,0.300000
case4,11,100,5,0.260000
case4,11,200,1,0.080000
case4,11,200,2,0.105000
case4,11,200,3,0.240000
case4,11,200,4,0.295000
case4,11,200,5,0.280000
case4,11,300,1,0.076667
case4,11,300,2,0.116667
case4,11,300,3,0.230000
case4,11,300,4,0.266667
case4,11,300,5,0.310000
case4,11,400,1,0.080000
case4,11,400,2,0.120000
case4,11,400,3,0.215000
case4,11,400,4,0.257500
case4,11,400,5,0.327500
case4,11,500,1,0.080000
case4,11,500,2,0.116000
case4,11,500,3,0.204000
case4,11,500,4,0.268000
case4,11,500,5,0.332000
case4,11,600,1,0.080000
case4,11,600,2,0.120000
case4,11,600,3,0.205000
case4,11,600,4,0.273333
case4,11,600,5,0.321667
case4,11,700,1,0.084286
case4,11,700,2,0.122857
case4,11,700,3,0.198571
case4,11,700,4,0.277143
case4,11,700,5,0.317143
case4,11,800,1,0.082500
case4,11,800,2,0.122500
case4,11,800,3,0.207500
case4,11,800,4,0.272500
case4,11,800,5,0.315000
case4,11,900,1,0.081111
case4,11,900,2,0.120000
case4,11,900,3,0.208889
case4,11,900,4,0.267778
case4,11,900,5,0.322222
case4,11,1000,1,0.081000
case4,11,1000,2,0.120000
case4,11,1000,3,0.210000
case4,11,1000,4,0.264000
case4,11,1000,5,0.325000
case4,11,1100,1,0.080000
case4,11,1100,2,0.117273
case4,11,1100,3,0.213636
case4,11,1100,4,0.264545
case4,11,1100,5,0.324545
case4,11,1200,1,0.078333
case4,11,1200,2,0.115000
case4,11,1200,3,0.210000
case4,11,1200,4,0.273333
case4,11,1200,5,0.323333
case4,11,1300,1,0.080769
case4,11,1300,2,0.117692
case4,11,1300,3,0.207692
case4,11,1300,4,0.268462
case4,11,1300,5,0.325385
case4,11,1400,1,0.081429
case4,11,1400,2,0.120714
case4,11,1400,3,0.205000
case4,11,1400,4,0.269286
case4,11,1400,5,0.323571
case4,11,1500,1,0.079333
case4,11,1500,2,0.121333
case4,11,1500,3,0.206000
case4,11,1500,4,0.266667
case4,11,1500,5,0.326667
case4,11,1600,1,0.080000
case4,11,1600,2,0.121875
case4,11,1600,3,0.208125
case4,11,1600,4,0.261250
case4,11,1600,5,0.328750
case4,11,1700,1,0.079412
case4,11,1700,2,0.122941
case4,11,1700,3,0.208235
case4,11,1700,4,0.261765
case4,11,1700,5,0.327647
case4,11,1800,1,0.077778
case4,11,1800,2,0.122222
case4,11,1800,3,0.206667
case4,11,1800,4,0.264444
case4,11,1800,5,0.328889
case4,11,1900,1,0.075263
case4,11,1900,2,0.121579
case4,11,1900,3,0.204737
case4,11,1900,4,0.263684
case4,11,1900,5,0.334737
case4,11,2000,1,0.075000
case4,11,2000,2,0.125000
case4,11,2000,3,0.203500
case4,11,2000,4,0.260500
case4,11,2000,5,0.336000
case4,11,2100,1,0.075238
case4,11,2100,2,0.126667
case4,11,2100,3,0.205238
case4,11,2100,4,0.261429
case4,11,2100,5,0.331429
case4,11,2200,1,0.074545
case4,11,2200,2,0.126818
case4,11,2200,3,0.207273
case4,11,2200,4,0.266818
case4,11,2200,5,0.324545
case4,11,2300,1,0.074783
case4,11,2300,2,0.130870
case4,11,2300,3,0.206522
case4,11,2300,4,0.264783
case4,11,2300,5,0.323043
case4,11,2400,1,0.074167
case4,11,2400,2,0.131250
case4,11,2400,3,0.206250
case4,11,2400,4,0.266250
case4,11,2400,5,0.322083
case4,11,2500,1,0.075200
case4,11,2500,2,0.134000
case4,11,2500,3,0.208000
case4,11,2500,4,0.261600
case4,11,2500,5,0.321200
case4,11,2600,1,0.075385
case4,11,2600,2,0.132692
case4,11,2600,3,0.209615
case4,11,2600,4,0.261923
case4,11,2600,5,0.320385
case4,11,2700,1,0.074074
case4,11,2700,2,0.131852
case4,11,2700,3,0.208519
case4,11,2700,4,0.261111
case4,11,2700,5,0.324444
case4,11,2800,1,0.073214
case4,11,2800,2,0.133214
case4,11,2800,3,0.209286
case4,11,2800,4,0.259643
case4,11,2800,5,0.324643
case4,11,2900,1,0.072069
case4,11,2900,2,0.133793
case4,11,2900,3,0.211034
case4,11,2900,4,0.259655
case4,11,2900,5,0.323448
case4,11,3000,1,0.072000
case4,11,3000,2,0.134333
case4,11,3000,3,0.211667
case4,11,3000,4,0.258000
case4,11,3000,5,0.324000
case4,11,3100,1,0.071613
case4,11,3100,2,0.134839
case4,11,3100,3,0.210968
case4,11,3100,4,0.258065
case4,11,3100,5,0.324516
case4,11,3200,1,0.072813
case4,11,3200,2,0.135000
case4,11,3200,3,0.209063
case4,11,3200,4,0.258437
case4,11,3200,5,0.324688
case4,11,3300,1,0.071818
case4,11,3300,2,0.136061
case4,11,3300,3,0.208182
case4,11,3300,4,0.258788
case4,11,3300,5,0.325152
case4,11,3400,1,0.070588
case4,11,3400,2,0.134412
case4,11,3400,3,0.207647
case4,11,3400,4,0.261471
case4,11,3400,5,0.325882
case4,11,3500,1,0.070286
case4,11,3500,2,0.134571
case4,11,3500,3,0.210571
case4,11,3500,4,0.260857
case4,11,3500,5,0.323714
case4,11,3600,1,0.069722
case4,11,3600,2,0.133056
case4,11,3600,3,0.210556
case4,11,3600,4,0.260833
case4,11,3600,5,0.325833
case4,11,3700,1,0.069189
case4,11,3700,2,0.133243
case4,11,3700,3,0.211081
case4,11,3700,4,0.260811
case4,11,3700,5,0.325676
case4,11,3800,1,0.069211
case4,11,3800,2,0.133421
case4,11,3800,3,0.210263
case4,11,3800,4,0.262105
case4,11,3800,5,0.325000
case4,11,3900,1,0.069231
case4,11,3900,2,0.132821
case4,11,3900,3,0.212564
case4,11,3900,4,0.261795
case4,11,3900,5,0.323590
case4,11,4000,1,0.069750
case4,11,4000,2,0.131750
case4,11,4000,3,0.213250
case4,11,4000,4,0.262500
case4,11,4000,5,0.322750
case4,11,4100,1,0.068537
case4,11,4100,2,0.130732
case4,11,4100,3,0.212927
case4,11,4100,4,0.264634
case4,11,4100,5,0.323171
case4,11,4200,1,0.068810
case4,11,4200,2,0.130714
case4,11,4200,3,0.213810
case4,11,4200,4,0.263333
case4,11,4200,5,0.323333
case4,11,4300,1,0.067907
case4,11,4300,2,0.130930
case4,11,4300,3,0.214419
case4,11,4300,4,0.262791
case4,11,4300,5,0.323953
case4,11,4400,1,0.068182
case4,11,4400,2,0.130000
case4,11,4400,3,0.215000
case4,11,4400,4,0.263636
case4,11,4400,5,0.323182
case4,11,4500,1,0.067778
case4,11,4500,2,0.130000
case4,11,4500,3,0.215556
case4,11,4500,4,0.264000
case4,11,4500,5,0.322667
case4,11,4600,1,0.068478
case4,11,4600,2,0.129783
case4,11,4600,3,0.214348
case4,11,4600,4,0.264783
case4,11,4600,5,0.322609
case4,11,4700,1,0.068298
case4,11,4700,2,0.128723
case4,11,4700,3,0.214894
case4,11,4700,4,0.264468
case4,11,4700,5,0.323617
case4,11,4800,1,0.068542
case4,11,4800,2,0.128958
case4,11,4800,3,0.213333
case4,11,4800,4,0.264583
case4,11,4800,5,0.324583
case4,11,4900,1,0.069388
case4,11,4900,2,0.129388
case4,11,4900,3,0.213265
case4,11,4900,4,0.264082
case4,11,4900,5,0.323878
case4,11,5000,1,0.069400
case4,11,5000,2,0.130000
case4,11,5000,3,0.213200
case4,11,5000,4,0.263400
case4,11,5000,5,0.324000
case4,11,5100,1,0.068627
case4,11,5100,2,0.129608
case4,11,5100,3,0.212745
case4,11,5100,4,0.263333
case4,11,5100,5,0.325686
case4,11,5200,1,0.067885
case4,11,5200,2,0.129615
case4,11,5200,3,0.211923
case4,11,5200,4,0.263462
case4,11,5200,5,0.327115
case4,11,5300,1,0.068113
case4,11,5300,2,0.129057
case4,11,5300,3,0.212642
case4,11,5300,4,0.263585
case4,11,5300,5,0.326604
case4,11,5400,1,0.067593
case4,11,5400,2,0.129815
case4,11,5400,3,0.212963
case4,11,5400,4,0.263333
case4,11,5400,5,0.326296
case4,11,5500,1,0.066727
case4,11,5500,2,0.130364
case4,11,5500,3,0.212909
case4,11,5500,4,0.263273
case4,11,5500,5,0.326727
case4,11,5600,1,0.066607
case4,11,5600,2,0.129464
case4,11,5600,3,0.211607
case4,11,5600,4,0.264107
case4,11,5600,5,0.328214
case4,11,5700,1,0.066667
case4,11,5700,2,0.129474
case4,11,5700,3,0.210175
case4,11,5700,4,0.264561
case4,11,5700,5,0.329123
case4,11,5800,1,0.066552
case4,11,5800,2,0.130000
case4,11,5800,3,0.210517
case4,11,5800,4,0.263966
case4,11,5800,5,0.328966
case4,11,5900,1,0.066780
case4,11,5900,2,0.129831
case4,11,5900,3,0.210169
case4,11,5900,4,0.264576
case4,11,5900,5,0.328644
case4,11,6000,1,0.066833
case4,11,6000,2,0.130167
case4,11,6000,3,0.210667
case4,11,6000,4,0.264667
case4,11,6000,5,0.327667
case4,11,6100,1,0.066721
case4,11,6100,2,0.131148
case4,11,6100,3,0.210328
case4,11,6100,4,0.264098
case4,11,6100,5,0.327705
case4,11,6200,1,0.067097
case4,11,6200,2,0.130645
case4,11,6200,3,0.210806
case4,11,6200,4,0.264355
case4,11,6200,5,0.327097
case4,11,6300,1,0.066508
case4,11,6300,2,0.131111
case4,11,6300,3,0.210317
case4,11,6300,4,0.263651
case4,11,6300,5,0.328413
case4,11,6400,1,0.066250
case4,11,6400,2,0.130781
case4,11,6400,3,0.209844
case4,11,6400,4,0.264219
case4,11,6400,5,0.328906
case4,11,6500,1,0.066000
case4,11,6500,2,0.131385
case4,11,6500,3,0.210000
case4,11,6500,4,0.263692
case4,11,6500,5,0.328923
case4,11,6600,1,0.065455
case4,11,6600,2,0.131818
case4,11,6600,3,0.210758
case4,11,6600,4,0.263788
case4,11,6600,5,0.328182
case4,11,6700,1,0.065821
case4,11,6700,2,0.131940
case4,11,6700,3,0.211343
case4,11,6700,4,0.264030
case4,11,6700,5,0.326866
case4,11,6800,1,0.065441
case4,11,6800,2,0.132059
case4,11,6800,3,0.211176
case4,11,6800,4,0.263824
case4,11,6800,5,0.327500
case4,11,6900,1,0.066087
case4,11,6900,2,0.131014
case4,11,6900,3,0.210145
case4,11,6900,4,0.263478
case4,11,6900,5,0.329275
case4,11,7000,1,0.066143
case4,11,7000,2,0.131143
case4,11,7000,3,0.210286
case4,11,7000,4,0.263286
case4,11,7000,5,0.329143
case4,11,7100,1,0.065915
case4,11,7100,2,0.130986
case4,11,7100,3,0.209437
case4,11,7100,4,0.264085
case4,11,7100,5,0.329577
case4,11,7200,1,0.065833
case4,11,7200,2,0.130833
case4,11,7200,3,0.209861
case4,11,7200,4,0.264306
case4,11,7200,5,0.329167
case4,11,7300,1,0.065753
case4,11,7300,2,0.130685
case4,11,7300,3,0.209726
case4,11,7300,4,0.264932
case4,11,7300,5,0.328904
case4,11,7400,1,0.065811
case4,11,7400,2,0.130270
case4,11,7400,3,0.210270
case4,11,7400,4,0.264595
case4,11,7400,5,0.329054
case4,11,7500,1,0.066533
case4,11,7500,2,0.129733
case4,11,7500,3,0.210667
case4,11,7500,4,0.264533
case4,11,7500,5,0.328533
case4,11,7600,1,0.066316
case4,11,7600,2,0.130132
case4,11,7600,3,0.210526
case4,11,7600,4,0.264342
case4,11,7600,5,0.328684
case4,11,7700,1,0.066494
case4,11,7700,2,0.130390
case4,11,7700,3,0.210130
case4,11,7700,4,0.264416
case4,11,7700,5,0.328571
case4,11,7800,1,0.066667
case4,11,7800,2,0.131282
case4,11,7800,3,0.209872
case4,11,7800,4,0.264231
case4,11,7800,5,0.327949
case4,11,7900,1,0.066582
case4,11,7900,2,0.131139
case4,11,7900,3,0.210253
case4,11,7900,4,0.264177
case4,11,7900,5,0.327848
case4,11,8000,1,0.066375
case4,11,8000,2,0.131250
case4,11,8000,3,0.210250
case4,11,8000,4,0.263875
case4,11,8000,5,0.328250
case4,11,8100,1,0.066173
case4,11,8100,2,0.131111
case4,11,8100,3,0.210247
case4,11,8100,4,0.263704
case4,11,8100,5,0.328765
case4,11,8200,1,0.065488
case4,11,8200,2,0.131341
case4,11,8200,3,0.210244
case4,11,8200,4,0.263780
case4,11,8200,5,0.329146
case4,11,8300,1,0.065422
case4,11,8300,2,0.131205
case4,11,8300,3,0.210000
case4,11,8300,4,0.264699
case4,11,8300,5,0.328675
case4,11,8400,1,0.065238
case4,11,8400,2,0.130833
case4,11,8400,3,0.209881
case4,11,8400,4,0.264881
case4,11,8400,5,0.329167
case4,11,8500,1,0.064941
case4,11,8500,2,0.131059
case4,11,8500,3,0.209176
case4,11,8500,4,0.266000
case4,11,8500,5,0.328824
case4,11,8600,1,0.065116
case4,11,8600,2,0.130581
case4,11,8600,3,0.209070
case4,11,8600,4,0.266279
case4,11,8600,5,0.328953
case4,11,8700,1,0.064943
case4,11,8700,2,0.130805
case4,11,8700,3,0.209310
case4,11,8700,4,0.266552
case4,11,8700,5,0.328391
case4,11,8800,1,0.064659
case4,11,8800,2,0.130568
case4,11,8800,3,0.209205
case4,11,8800,4,0.266250
case4,11,8800,5,0.329318
case4,11,8900,1,0.064045
case4,11,8900,2,0.130562
case4,11,8900,3,0.208315
case4,11,8900,4,0.266966
case4,11,8900,5,0.330112
case4,11,9000,1,0.064000
case4,11,9000,2,0.130889
case4,11,9000,3,0.207778
case4,11,9000,4,0.266889
case4,11,9000,5,0.330444
case4,11,9100,1,0.063736
case4,11,9100,2,0.130989
case4,11,9100,3,0.207253
case4,11,9100,4,0.267363
case4,11,9100,5,0.330659
case4,11,9200,1,0.063696
case4,11,9200,2,0.130435
case4,11,9200,3,0.208043
case4,11,9200,4,0.266630
case4,11,9200,5,0.331196
case4,11,9300,1,0.063763
case4,11,9300,2,0.130430
case4,11,9300,3,0.208172
case4,11,9300,4,0.267312
case4,11,9300,5,0.330323
case4,11,9400,1,0.063830
case4,11,9400,2,0.130957
case4,11,9400,3,0.207766
case4,11,9400,4,0.266702
case4,11,9400,5,0.330745
case4,11,9500,1,0.063579
case4,11,9500,2,0.130737
case4,11,9500,3,0.208526
case4,11,9500,4,0.266526
case4,11,9500,5,0.330632
case4,11,9600,1,0.063542
case4,11,9600,2,0.130312
case4,11,9600,3,0.208750
case4,11,9600,4,0.266354
case4,11,9600,5,0.331042
case4,11,9700,1,0.063505
case4,11,9700,2,0.130722
case4,11,9700,3,0.208660
case4,11,9700,4,0.266392
case4,11,9700,5,0.330722
case4,11,9800,1,0.063265
case4,11,9800,2,0.130408
case4,11,9800,3,0.208265
case4,11,9800,4,0.267143
case4,11,9800,5,0.330918
case4,11,9900,1,0.063030
case4,11,9900,2,0.130505
case4,11,9900,3,0.208182
case4,11,9900,4,0.266869
case4,11,9900,5,0.331414
case4,11,10000,1,0.062900
case4,11,10000,2,0.130300
case4,11,10000,3,0.208400
case4,11,10000,4,0.267200
case4,11,10000,5,0.331200
case4,12,100,1,0.060000
case4,12,100,2,0.140000
case4,12,100,3,0.140000
case4,12,100,4,0.270000
case4,12,100,5,0.390000
case4,12,200,1,0.065000
case4,12,200,2,0.150000
case4,12,200,3,0.185000
case4,12,200,4,0.260000
case4,12,200,5,0.340000
case4,12,300,1,0.073333
case4,12,300,2,0.140000
case4,12,300,3,0.190000
case4,12,300,4,0.290000
case4,12,300,5,0.306667
case4,12,400,1,0.067500
case4,12,400,2,0.130000
case4,12,400,3,0.202500
case4,12,400,4,0.277500
case4,12,400,5,0.322500
case4,12,500,1,0.066000
case4,12,500,2,0.120000
case4,12,500,3,0.212000
case4,12,500,4,0.274000
case4,12,500,5,0.328000
case4,12,600,1,0.073333
case4,12,600,2,0.118333
case4,12,600,3,0.216667
case4,12,600,4,0.271667
case4,12,600,5,0.320000
case4,12,700,1,0.071429
case4,12,700,2,0.118571
case4,12,700,3,0.215714
case4,12,700,4,0.267143
case4,12,700,5,0.327143
case4,12,800,1,0.072500
case4,12,800,2,0.121250
case4,12,800,3,0.216250
case4,12,800,4,0.273750
case4,12,800,5,0.316250
case4,12,900,1,0.077778
case4,12,900,2,0.117778
case4,12,900,3,0.210000
case4,12,900,4,0.274444
case4,12,900,5,0.320000
case4,12,1000,1,0.075000
case4,12,1000,2,0.119000
case4,12,1000,3,0.204000
case4,12,1000,4,0.282000
case4,12,1000,5,0.320000
case4,12,1100,1,0.076364
case4,12,1100,2,0.124545
case4,12,1100,3,0.200909
case4,12,1100,4,0.280909
case4,12,1100,5,0.317273
case4,12,1200,1,0.075000
case4,12,1200,2,0.127500
case4,12,1200,3,0.200833
case4,12,1200,4,0.284167
case4,12,1200,5,0.312500
case4,12,1300,1,0.074615
case4,12,1300,2,0.127692
case4,12,1300,3,0.200769
case4,12,1300,4,0.284615
case4,12,1300,5,0.312308
case4,12,1400,1,0.077143
case4,12,1400,2,0.128571
case4,12,1400,3,0.201429
case4,12,1400,4,0.286429
case4,12,1400,5,0.306429
case4,12,1500,1,0.080000
case4,12,1500,2,0.128667
case4,12,1500,3,0.198000
case4,12,1500,4,0.285333
case4,12,1500,5,0.308000
case4,12,1600,1,0.080000
case4,12,1600,2,0.128750
case4,12,1600,3,0.200000
case4,12,1600,4,0.281875
case4,12,1600,5,0.309375
case4,12,1700,1,0.078824
case4,12,1700,2,0.133529
case4,12,1700,3,0.196471
case4,12,1700,4,0.281765
case4,12,1700,5,0.309412
case4,12,1800,1,0.078889
case4,12,1800,2,0.132222
case4,12,1800,3,0.195000
case4,12,1800,4,0.279444
case4,12,1800,5,0.314444
case4,12,1900,1,0.078947
case4,12,1900,2,0.129474
case4,12,1900,3,0.197368
case4,12,1900,4,0.283158
case4,12,1900,5,0.311053
case4,12,2000,1,0.080000
case4,12,2000,2,0.130000
case4,12,2000,3,0.195500
case4,12,2000,4,0.281000
case4,12,2000,5,0.313500
case4,12,2100,1,0.079524
case4,12,2100,2,0.131905
case4,12,2100,3,0.192381
case4,12,2100,4,0.282381
case4,12,2100,5,0.313810
case4,12,2200,1,0.078182
case4,12,2200,2,0.132273
case4,12,2200,3,0.192273
case4,12,2200,4,0.281818
case4,12,2200,5,0.315455
case4,12,2300,1,0.077391
case4,12,2300,2,0.131739
case4,12,2300,3,0.193913
case4,12,2300,4,0.282174
case4,12,2300,5,0.314783
case4,12,2400,1,0.075833
case4,12,2400,2,0.131250
case4,12,2400,3,0.193750
case4,12,2400,4,0.280833
case4,12,2400,5,0.318333
case4,12,2500,1,0.074800
case4,12,2500,2,0.131600
case4,12,2500,3,0.194000
case4,12,2500,4,0.281600
case4,12,2500,5,0.318000
case4,12,2600,1,0.074615
case4,12,2600,2,0.131923
case4,12,2600,3,0.193462
case4,12,2600,4,0.280385
case4,12,2600,5,0.319615
case4,12,2700,1,0.075185
case4,12,2700,2,0.132222
case4,12,2700,3,0.192593
case4,12,2700,4,0.278519
case4,12,2700,5,0.321481
case4,12,2800,1,0.076071
case4,12,2800,2,0.134286
case4,12,2800,3,0.191786
case4,12,2800,4,0.278929
case4,12,2800,5,0.318929
case4,12,2900,1,0.075862
case4,12,2900,2,0.135517
case4,12,2900,3,0.192414
case4,12,2900,4,0.277241
case4,12,2900,5,0.318966
case4,12,3000,1,0.075333
case4,12,3000,2,0.135667
case4,12,3000,3,0.191667
case4,12,3000,4,0.277667
case4,12,3000,5,0.319667
case4,12,3100,1,0.074194
case4,12,3100,2,0.136129
case4,12,3100,3,0.192258
case4,12,3100,4,0.276452
case4,12,3100,5,0.320968
case4,12,3200,1,0.074063
case4,12,3200,2,0.135937
case4,12,3200,3,0.195937
case4,12,3200,4,0.274687
case4,12,3200,5,0.319375
case4,12,3300,1,0.075152
case4,12,3300,2,0.135455
case4,12,3300,3,0.194545
case4,12,3300,4,0.274848
case4,12,3300,5,0.320000
case4,12,3400,1,0.074412
case4,12,3400,2,0.135588
case4,12,3400,3,0.193824
case4,12,3400,4,0.273529
case4,12,3400,5,0.322647
case4,12,3500,1,0.074571
case4,12,3500,2,0.134571
case4,12,3500,3,0.193429
case4,12,3500,4,0.274286
case4,12,3500,5,0.323143
case4,12,3600,1,0.075278
case4,12,3600,2,0.133333
case4,12,3600,3,0.194167
case4,12,3600,4,0.275278
case4,12,3600,5,0.321944
case4,12,3700,1,0.075135
case4,12,3700,2,0.134054
case4,12,3700,3,0.192432
case4,12,3700,4,0.275946
case4,12,3700,5,0.322432
case4,12,3800,1,0.074474
case4,12,3800,2,0.133947
case4,12,3800,3,0.192632
case4,12,3800,4,0.276842
case4,12,3800,5,0.322105
case4,12,3900,1,0.075385
case4,12,3900,2,0.134103
case4,12,3900,3,0.193077
case4,12,3900,4,0.275385
case4,12,3900,5,0.322051
case4,12,4000,1,0.076000
case4,12,4000,2,0.134250
case4,12,4000,3,0.192250
case4,12,4000,4,0.276000
case4,12,4000,5,0.321500
case4,12,4100,1,0.076341
case4,12,4100,2,0.134390
case4,12,4100,3,0.191951
case4,12,4100,4,0.276098
case4,12,4100,5,0.321220
case4,12,4200,1,0.076667
case4,12,4200,2,0.133333
case4,12,4200,3,0.193095
case4,12,4200,4,0.275714
case4,12,4200,5,0.321190
case4,12,4300,1,0.076047
case4,12,4300,2,0.134419
case4,12,4300,3,0.193023
case4,12,4300,4,0.275814
case4,12,4300,5,0.320698
case4,12,4400,1,0.075000
case4,12,4400,2,0.133864
case4,12,4400,3,0.193636
case4,12,4400,4,0.276136
case4,12,4400,5,0.321364
case4,12,4500,1,0.074222
case4,12,4500,2,0.133778
case4,12,4500,3,0.194444
case4,12,4500,4,0.276889
case4,12,4500,5,0.320667
case4,12,4600,1,0.074348
case4,12,4600,2,0.132609
case4,12,4600,3,0.194565
case4,12,4600,4,0.276087
case4,12,4600,5,0.322391
case4,12,4700,1,0.074043
case4,12,4700,2,0.132340
case4,12,4700,3,0.195745
case4,12,4700,4,0.276809
case4,12,4700,5,0.321064
case4,12,4800,1,0.074167
case4,12,4800,2,0.132500
case4,12,4800,3,0.195625
case4,12,4800,4,0.277708
case4,12,4800,5,0.320000
case4,12,4900,1,0.074082
case4,12,4900,2,0.132041
case4,12,4900,3,0.195714
case4,12,4900,4,0.277755
case4,12,4900,5,0.320408
case4,12,5000,1,0.073800
case4,12,5000,2,0.131800
case4,12,5000,3,0.197600
case4,12,5000,4,0.277800
case4,12,5000,5,0.319000
case4,12,5100,1,0.073725
case4,12,5100,2,0.131569
case4,12,5100,3,0.198627
case4,12,5100,4,0.275294
case4,12,5100,5,0.320784
case4,12,5200,1,0.074038
case4,12,5200,2,0.131923
case4,12,5200,3,0.198462
case4,12,5200,4,0.274808
case4,12,5200,5,0.320769
case4,12,5300,1,0.073962
case4,12,5300,2,0.131132
case4,12,5300,3,0.198302
case4,12,5300,4,0.275094
case4,12,5300,5,0.321509
case4,12,5400,1,0.075000
case4,12,5400,2,0.130741
case4,12,5400,3,0.199815
case4,12,5400,4,0.273704
case4,12,5400,5,0.320741
case4,12,5500,1,0.074909
case4,12,5500,2,0.130182
case4,12,5500,3,0.199818
case4,12,5500,4,0.273455
case4,12,5500,5,0.321636
case4,12,5600,1,0.074821
case4,12,5600,2,0.129643
case4,12,5600,3,0.201250
case4,12,5600,4,0.272143
case4,12,5600,5,0.322143
case4,12,5700,1,0.074386
case4,12,5700,2,0.130175
case4,12,5700,3,0.201053
case4,12,5700,4,0.273333
case4,12,5700,5,0.321053
case4,12,5800,1,0.074138
case4,12,5800,2,0.130690
case4,12,5800,3,0.200172
case4,12,5800,4,0.273793
case4,12,5800,5,0.321207
case4,12,5900,1,0.074068
case4,12,5900,2,0.131186
case4,12,5900,3,0.200847
case4,12,5900,4,0.273898
case4,12,5900,5,0.320000
case4,12,6000,1,0.075500
case4,12,6000,2,0.131000
case4,12,6000,3,0.200667
case4,12,6000,4,0.273667
case4,12,6000,5,0.319167
case4,12,6100,1,0.075082
case4,12,6100,2,0.131967
case4,12,6100,3,0.200984
case4,12,6100,4,0.272787
case4,12,6100,5,0.319180
case4,12,6200,1,0.074839
case4,12,6200,2,0.131129
case4,12,6200,3,0.200968
case4,12,6200,4,0.273548
case4,12,6200,5,0.319516
case4,12,6300,1,0.074762
case4,12,6300,2,0.130794
case4,12,6300,3,0.202540
case4,12,6300,4,0.273175
case4,12,6300,5,0.318730
case4,12,6400,1,0.074844
case4,12,6400,2,0.129844
case4,12,6400,3,0.201406
case4,12,6400,4,0.274062
case4,12,6400,5,0.319844
case4,12,6500,1,0.074923
case4,12,6500,2,0.130308
case4,12,6500,3,0.201231
case4,12,6500,4,0.273385
case4,12,6500,5,0.320154
case4,12,6600,1,0.074697
case4,12,6600,2,0.130455
case4,12,6600,3,0.201212
case4,12,6600,4,0.272727
case4,12,6600,5,0.320909
case4,12,6700,1,0.074328
case4,12,6700,2,0.130149
case4,12,6700,3,0.201642
case4,12,6700,4,0.272836
case4,12,6700,5,0.321045
case4,12,6800,1,0.074412
case4,12,6800,2,0.130294
case4,12,6800,3,0.202647
case4,12,6800,4,0.272941
case4,12,6800,5,0.319706
case4,12,6900,1,0.074783
case4,12,6900,2,0.130290
case4,12,6900,3,0.202899
case4,12,6900,4,0.271739
case4,12,6900,5,0.320290
case4,12,7000,1,0.075429
case4,12,7000,2,0.129714
case4,12,7000,3,0.202429
case4,12,7000,4,0.271714
case4,12,7000,5,0.320714
case4,12,7100,1,0.075493
case4,12,7100,2,0.130282
case4,12,7100,3,0.201690
case4,12,7100,4,0.271408
case4,12,7100,5,0.321127
case4,12,7200,1,0.075278
case4,12,7200,2,0.130278
case4,12,7200,3,0.201389
case4,12,7200,4,0.271806
case4,12,7200,5,0.321250
case4,12,7300,1,0.074932
case4,12,7300,2,0.130411
case4,12,7300,3,0.200959
case4,12,7300,4,0.271370
case4,12,7300,5,0.322329
case4,12,7400,1,0.074595
case4,12,7400,2,0.130270
case4,12,7400,3,0.201081
case4,12,7400,4,0.270811
case4,12,7400,5,0.323243
case4,12,7500,1,0.074667
case4,12,7500,2,0.129733
case4,12,7500,3,0.201733
case4,12,7500,4,0.270267
case4,12,7500,5,0.323600
case4,12,7600,1,0.074342
case4,12,7600,2,0.130000
case4,12,7600,3,0.201842
case4,12,7600,4,0.270000
case4,12,7600,5,0.323816
case4,12,7700,1,0.074286
case4,12,7700,2,0.129610
case4,12,7700,3,0.204026
case4,12,7700,4,0.269351
case4,12,7700,5,0.322727
case4,12,7800,1,0.074103
case4,12,7800,2,0.129359
case4,12,7800,3,0.203462
case4,12,7800,4,0.269487
case4,12,7800,5,0.323590
case4,12,7900,1,0.074177
case4,12,7900,2,0.130127
case4,12,7900,3,0.203418
case4,12,7900,4,0.268481
case4,12,7900,5,0.323797
case4,12,8000,1,0.074250
case4,12,8000,2,0.130625
case4,12,8000,3,0.203125
case4,12,8000,4,0.267875
case4,12,8000,5,0.324125
case4,12,8100,1,0.074074
case4,12,8100,2,0.130617
case4,12,8100,3,0.202469
case4,12,8100,4,0.268519
case4,12,8100,5,0.324321
case4,12,8200,1,0.073780
case4,12,8200,2,0.130610
case4,12,8200,3,0.201585
case4,12,8200,4,0.269390
case4,12,8200,5,0.324634
case4,12,8300,1,0.073855
case4,12,8300,2,0.130602
case4,12,8300,3,0.201566
case4,12,8300,4,0.270000
case4,12,8300,5,0.323976
case4,12,8400,1,0.073690
case4,12,8400,2,0.130833
case4,12,8400,3,0.201548
case4,12,8400,4,0.270357
case4,12,8400,5,0.323571
case4,12,8500,1,0.073059
case4,12,8500,2,0.130824
case4,12,8500,3,0.202471
case4,12,8500,4,0.269882
case4,12,8500,5,0.323765
case4,12,8600,1,0.073721
case4,12,8600,2,0.130930
case4,12,8600,3,0.201977
case4,12,8600,4,0.270116
case4,12,8600,5,0.323256
case4,12,8700,1,0.073448
case4,12,8700,2,0.130920
case4,12,8700,3,0.202414
case4,12,8700,4,0.270575
case4,12,8700,5,0.322644
case4,12,8800,1,0.073068
case4,12,8800,2,0.130909
case4,12,8800,3,0.203295
case4,12,8800,4,0.270114
case4,12,8800,5,0.322614
case4,12,8900,1,0.072809
case4,12,8900,2,0.131910
case4,12,8900,3,0.202584
case4,12,8900,4,0.270112
case4,12,8900,5,0.322584
case4,12,9000,1,0.072667
case4,12,9000,2,0.131667
case4,12,9000,3,0.201889
case4,12,9000,4,0.271333
case4,12,9000,5,0.322444
case4,12,9100,1,0.072967
case4,12,9100,2,0.131099
case4,12,9100,3,0.201868
case4,12,9100,4,0.270769
case4,12,9100,5,0.323297
case4,12,9200,1,0.073152
case4,12,9200,2,0.131630
case4,12,9200,3,0.201413
case4,12,9200,4,0.270652
case4,12,9200,5,0.323152
case4,12,9300,1,0.073548
case4,12,9300,2,0.131398
case4,12,9300,3,0.201290
case4,12,9300,4,0.271183
case4,12,9300,5,0.322581
case4,12,9400,1,0.073404
case4,12,9400,2,0.132021
case4,12,9400,3,0.200851
case4,12,9400,4,0.270851
case4,12,9400,5,0.322872
case4,12,9500,1,0.073684
case4,12,9500,2,0.131789
case4,12,9500,3,0.200842
case4,12,9500,4,0.270737
case4,12,9500,5,0.322947
case4,12,9600,1,0.073646
case4,12,9600,2,0.132083
case4,12,9600,3,0.199896
case4,12,9600,4,0.270521
case4,12,9600,5,0.323854
case4,12,9700,1,0.073505
case4,12,9700,2,0.131237
case4,12,9700,3,0.201340
case4,12,9700,4,0.269897
case4,12,9700,5,0.324021
case4,12,9800,1,0.073878
case4,12,9800,2,0.131122
case4,12,9800,3,0.201531
case4,12,9800,4,0.269592
case4,12,9800,5,0.323878
case4,12,9900,1,0.074242
case4,12,9900,2,0.131212
case4,12,9900,3,0.201616
case4,12,9900,4,0.269192
case4,12,9900,5,0.323737
case4,12,10000,1,0.074000
case4,12,10000,2,0.131300
case4,12,10000,3,0.201800
case4,12,10000,4,0.268600
case4,12,10000,5,0.324300
case4,13,100,1,0.050000
case4,13,100,2,0.150000
case4,13,100,3,0.210000
case4,13,100,4,0.290000
case4,13,100,5,0.300000
case4,13,200,1,0.045000
case4,13,200,2,0.140000
case4,13,200,3,0.205000
case4,13,200,4,0.250000
case4,13,200,5,0.360000
case4,13,300,1,0.056667
case4,13,300,2,0.133333
case4,13,300,3,0.193333
case4,13,300,4,0.260000
case4,13,300,5,0.356667
case4,13,400,1,0.060000
case4,13,400,2,0.132500
case4,13,400,3,0.182500
case4,13,400,4,0.282500
case4,13,400,5,0.342500
case4,13,500,1,0.056000
case4,13,500,2,0.128000
case4,13,500,3,0.178000
case4,13,500,4,0.288000
case4,13,500,5,0.350000
case4,13,600,1,0.055000
case4,13,600,2,0.126667
case4,13,600,3,0.180000
case4,13,600,4,0.286667
case4,13,600,5,0.351667
case4,13,700,1,0.060000
case4,13,700,2,0.122857
case4,13,700,3,0.184286
case4,13,700,4,0.284286
case4,13,700,5,0.348571
case4,13,800,1,0.060000
case4,13,800,2,0.125000
case4,13,800,3,0.188750
case4,13,800,4,0.278750
case4,13,800,5,0.347500
case4,13,900,1,0.064444
case4,13,900,2,0.128889
case4,13,900,3,0.185556
case4,13,900,4,0.276667
case4,13,900,5,0.344444
case4,13,1000,1,0.062000
case4,13,1000,2,0.129000
case4,13,1000,3,0.184000
case4,13,1000,4,0.281000
case4,13,1000,5,0.344000
case4,13,1100,1,0.063636
case4,13,1100,2,0.130000
case4,13,1100,3,0.185455
case4,13,1100,4,0.277273
case4,13,1100,5,0.343636
case4,13,1200,1,0.060833
case4,13,1200,2,0.129167
case4,13,1200,3,0.188333
case4,13,1200,4,0.280000
case4,13,1200,5,0.341667
case4,13,1300,1,0.060000
case4,13,1300,2,0.129231
case4,13,1300,3,0.193077
case4,13,1300,4,0.275385
case4,13,1300,5,0.342308
case4,13,1400,1,0.061429
case4,13,1400,2,0.127857
case4,13,1400,3,0.193571
case4,13,1400,4,0.277857
case4,13,1400,5,0.339286
case4,13,1500,1,0.064000
case4,13,1500,2,0.125333
case4,13,1500,3,0.200667
case4,13,1500,4,0.270667
case4,13,1500,5,0.339333
case4,13,1600,1,0.063750
case4,13,1600,2,0.128750
case4,13,1600,3,0.201250
case4,13,1600,4,0.266875
case4,13,1600,5,0.339375
case4,13,1700,1,0.066471
case4,13,1700,2,0.132353
case4,13,1700,3,0.197647
case4,13,1700,4,0.263529
case4,13,1700,5,0.340000
case4,13,1800,1,0.068889
case4,13,1800,2,0.130000
case4,13,1800,3,0.193333
case4,13,1800,4,0.264444
case4,13,1800,5,0.343333
case4,13,1900,1,0.070000
case4,13,1900,2,0.130000
case4,13,1900,3,0.191579
case4,13,1900,4,0.263684
case4,13,1900,5,0.344737
case4,13,2000,1,0.070000
case4,13,2000,2,0.128500
case4,13,2000,3,0.192500
case4,13,2000,4,0.262000
case4,13,2000,5,0.347000
case4,13,2100,1,0.069048
case4,13,2100,2,0.128095
case4,13,2100,3,0.193810
case4,13,2100,4,0.261905
case4,13,2100,5,0.347143
case4,13,2200,1,0.067273
case4,13,2200,2,0.128182
case4,13,2200,3,0.196818
case4,13,2200,4,0.264545
case4,13,2200,5,0.343182
case4,13,2300,1,0.065217
case4,13,2300,2,0.128696
case4,13,2300,3,0.197391
case4,13,2300,4,0.268261
case4,13,2300,5,0.340435
case4,13,2400,1,0.064583
case4,13,2400,2,0.128750
case4,13,2400,3,0.197500
case4,13,2400,4,0.264167
case4,13,2400,5,0.345000
case4,13,2500,1,0.065200
case4,13,2500,2,0.127600
case4,13,2500,3,0.197200
case4,13,2500,4,0.263600
case4,13,2500,5,0.346400
case4,13,2600,1,0.064615
case4,13,2600,2,0.125769
case4,13,2600,3,0.198846
case4,13,2600,4,0.264615
case4,13,2600,5,0.346154
case4,13,2700,1,0.064444
case4,13,2700,2,0.128519
case4,13,2700,3,0.199630
case4,13,2700,4,0.261111
case4,13,2700,5,0.346296
case4,13,2800,1,0.064286
case4,13,2800,2,0.127143
case4,13,2800,3,0.200000
case4,13,2800,4,0.263929
case4,13,2800,5,0.344643
case4,13,2900,1,0.064138
case4,13,2900,2,0.128966
case4,13,2900,3,0.197931
case4,13,2900,4,0.266897
case4,13,2900,5,0.342069
case4,13,3000,1,0.064000
case4,13,3000,2,0.129667
case4,13,3000,3,0.196667
case4,13,3000,4,0.269000
case4,13,3000,5,0.340667
case4,13,3100,1,0.063871
case4,13,3100,2,0.132581
case4,13,3100,3,0.197097
case4,13,3100,4,0.266129
case4,13,3100,5,0.340323
case4,13,3200,1,0.064375
case4,13,3200,2,0.132188
case4,13,3200,3,0.198750
case4,13,3200,4,0.266875
case4,13,3200,5,0.337813
case4,13,3300,1,0.065455
case4,13,3300,2,0.130909
case4,13,3300,3,0.199091
case4,13,3300,4,0.267879
case4,13,3300,5,0.336667
case4,13,3400,1,0.065588
case4,13,3400,2,0.130294
case4,13,3400,3,0.200882
case4,13,3400,4,0.267941
case4,13,3400,5,0.335294
case4,13,3500,1,0.065429
case4,13,3500,2,0.128571
case4,13,3500,3,0.200857
case4,13,3500,4,0.268571
case4,13,3500,5,0.336571
case4,13,3600,1,0.065833
case4,13,3600,2,0.128333
case4,13,3600,3,0.199167
case4,13,3600,4,0.268889
case4,13,3600,5,0.337778
case4,13,3700,1,0.065676
case4,13,3700,2,0.128919
case4,13,3700,3,0.199459
case4,13,3700,4,0.267297
case4,13,3700,5,0.338649
case4,13,3800,1,0.065000
case4,13,3800,2,0.128684
case4,13,3800,3,0.197632
case4,13,3800,4,0.269211
case4,13,3800,5,0.339474
case4,13,3900,1,0.065128
case4,13,3900,2,0.129487
case4,13,3900,3,0.197949
case4,13,3900,4,0.269231
case4,13,3900,5,0.338205
case4,13,4000,1,0.064250
case4,13,4000,2,0.131000
case4,13,4000,3,0.196500
case4,13,4000,4,0.268000
case4,13,4000,5,0.340250
case4,13,4100,1,0.064146
case4,13,4100,2,0.131951
case4,13,4100,3,0.197317
case4,13,4100,4,0.267561
case4,13,4100,5,0.339024
case4,13,4200,1,0.063571
case4,13,4200,2,0.132857
case4,13,4200,3,0.195238
case4,13,4200,4,0.267619
case4,13,4200,5,0.340714
case4,13,4300,1,0.063256
case4,13,4300,2,0.132791
case4,13,4300,3,0.195581
case4,13,4300,4,0.266512
case4,13,4300,5,0.341860
case4,13,4400,1,0.064091
case4,13,4400,2,0.132727
case4,13,4400,3,0.195682
case4,13,4400,4,0.265227
case4,13,4400,5,0.342273
case4,13,4500,1,0.064667
case4,13,4500,2,0.133333
case4,13,4500,3,0.196222
case4,13,4500,4,0.264000
case4,13,4500,5,0.341778
case4,13,4600,1,0.065217
case4,13,4600,2,0.134130
case4,13,4600,3,0.196087
case4,13,4600,4,0.263261
case4,13,4600,5,0.341304
case4,13,4700,1,0.064894
case4,13,4700,2,0.133404
case4,13,4700,3,0.197660
case4,13,4700,4,0.262979
case4,13,4700,5,0.341064
case4,13,4800,1,0.064375
case4,13,4800,2,0.133125
case4,13,4800,3,0.196875
case4,13,4800,4,0.263750
case4,13,4800,5,0.341875
case4,13,4900,1,0.064898
case4,13,4900,2,0.134286
case4,13,4900,3,0.196735
case4,13,4900,4,0.263469
case4,13,4900,5,0.340612
case4,13,5000,1,0.065000
case4,13,5000,2,0.134200
case4,13,5000,3,0.197000
case4,13,5000,4,0.263400
case4,13,5000,5,0.340400
case4,13,5100,1,0.064510
case4,13,5100,2,0.132941
case4,13,5100,3,0.198824
case4,13,5100,4,0.263137
case4,13,5100,5,0.340588
case4,13,5200,1,0.065000
case4,13,5200,2,0.134615
case4,13,5200,3,0.198846
case4,13,5200,4,0.262115
case4,13,5200,5,0.339423
case4,13,5300,1,0.065472
case4,13,5300,2,0.133585
case4,13,5300,3,0.198491
case4,13,5300,4,0.262264
case4,13,5300,5,0.340189
case4,13,5400,1,0.065000
case4,13,5400,2,0.133704
case4,13,5400,3,0.197963
case4,13,5400,4,0.263333
case4,13,5400,5,0.340000
case4,13,5500,1,0.064727
case4,13,5500,2,0.134909
case4,13,5500,3,0.197818
case4,13,5500,4,0.262182
case4,13,5500,5,0.340364
case4,13,5600,1,0.063929
case4,13,5600,2,0.135893
case4,13,5600,3,0.197679
case4,13,5600,4,0.262857
case4,13,5600,5,0.339643
case4,13,5700,1,0.064211
case4,13,5700,2,0.135263
case4,13,5700,3,0.198947
case4,13,5700,4,0.262632
case4,13,5700,5,0.338947
case4,13,5800,1,0.063793
case4,13,5800,2,0.135862
case4,13,5800,3,0.198621
case4,13,5800,4,0.262586
case4,13,5800,5,0.339138
case4,13,5900,1,0.063220
case4,13,5900,2,0.135763
case4,13,5900,3,0.198814
case4,13,5900,4,0.262542
case4,13,5900,5,0.339661
case4,13,6000,1,0.063333
case4,13,6000,2,0.136333
case4,13,6000,3,0.199000
case4,13,6000,4,0.262167
case4,13,6000,5,0.339167
case4,13,6100,1,0.063443
case4,13,6100,2,0.136885
case4,13,6100,3,0.199672
case4,13,6100,4,0.261475
case4,13,6100,5,0.338525
case4,13,6200,1,0.063871
case4,13,6200,2,0.137258
case4,13,6200,3,0.199355
case4,13,6200,4,0.260968
case4,13,6200,5,0.338548
case4,13,6300,1,0.063968
case4,13,6300,2,0.136508
case4,13,6300,3,0.200000
case4,13,6300,4,0.261587
case4,13,6300,5,0.337937
case4,13,6400,1,0.064062
case4,13,6400,2,0.137187
case4,13,6400,3,0.200000
case4,13,6400,4,0.260937
case4,13,6400,5,0.337813
case4,13,6500,1,0.064308
case4,13,6500,2,0.137077
case4,13,6500,3,0.199538
case4,13,6500,4,0.260923
case4,13,6500,5,0.338154
case4,13,6600,1,0.064242
case4,13,6600,2,0.136515
case4,13,6600,3,0.200758
case4,13,6600,4,0.261667
case4,13,6600,5,0.336818
case4,13,6700,1,0.064478
case4,13,6700,2,0.136119
case4,13,6700,3,0.201194
case4,13,6700,4,0.261194
case4,13,6700,5,0.337015
case4,13,6800,1,0.065147
case4,13,6800,2,0.135588
case4,13,6800,3,0.202500
case4,13,6800,4,0.260147
case4,13,6800,5,0.336618
case4,13,6900,1,0.065507
case4,13,6900,2,0.135652
case4,13,6900,3,0.201304
case4,13,6900,4,0.259275
case4,13,6900,5,0.338261
case4,13,7000,1,0.065714
case4,13,7000,2,0.136714
case4,13,7000,3,0.200857
case4,13,7000,4,0.258857
case4,13,7000,5,0.337857
case4,13,7100,1,0.065775
case4,13,7100,2,0.136761
case4,13,7100,3,0.200704
case4,13,7100,4,0.259155
case4,13,7100,5,0.337606
case4,13,7200,1,0.065833
case4,13,7200,2,0.136667
case4,13,7200,3,0.202361
case4,13,7200,4,0.258333
case4,13,7200,5,0.336806
case4,13,7300,1,0.065753
case4,13,7300,2,0.137260
case4,13,7300,3,0.201507
case4,13,7300,4,0.259589
case4,13,7300,5,0.335890
case4,13,7400,1,0.066081
case4,13,7400,2,0.137703
case4,13,7400,3,0.200811
case4,13,7400,4,0.259459
case4,13,7400,5,0.335946
case4,13,7500,1,0.066000
case4,13,7500,2,0.137733
case4,13,7500,3,0.200667
case4,13,7500,4,0.261200
case4,13,7500,5,0.334400
case4,13,7600,1,0.066184
case4,13,7600,2,0.137632
case4,13,7600,3,0.200921
case4,13,7600,4,0.261447
case4,13,7600,5,0.333816
case4,13,7700,1,0.065844
case4,13,7700,2,0.137922
case4,13,7700,3,0.202597
case4,13,7700,4,0.260519
case4,13,7700,5,0.333117
case4,13,7800,1,0.065897
case4,13,7800,2,0.137949
case4,13,7800,3,0.202308
case4,13,7800,4,0.261282
case4,13,7800,5,0.332564
case4,13,7900,1,0.066329
case4,13,7900,2,0.137215
case4,13,7900,3,0.202658
case4,13,7900,4,0.260759
case4,13,7900,5,0.333038
case4,13,8000,1,0.066500
case4,13,8000,2,0.136750
case4,13,8000,3,0.202875
case4,13,8000,4,0.261625
case4,13,8000,5,0.332250
case4,13,8100,1,0.066420
case4,13,8100,2,0.136543
case4,13,8100,3,0.203086
case4,13,8100,4,0.261728
case4,13,8100,5,0.332222
case4,13,8200,1,0.066220
case4,13,8200,2,0.135610
case4,13,8200,3,0.203293
case4,13,8200,4,0.262317
case4,13,8200,5,0.332561
case4,13,8300,1,0.066024
case4,13,8300,2,0.135663
case4,13,8300,3,0.203494
case4,13,8300,4,0.263253
case4,13,8300,5,0.331566
case4,13,8400,1,0.066786
case4,13,8400,2,0.135357
case4,13,8400,3,0.203333
case4,13,8400,4,0.262738
case4,13,8400,5,0.331786
case4,13,8500,1,0.066824
case4,13,8500,2,0.135294
case4,13,8500,3,0.201882
case4,13,8500,4,0.262941
case4,13,8500,5,0.333059
case4,13,8600,1,0.066744
case4,13,8600,2,0.134767
case4,13,8600,3,0.201744
case4,13,8600,4,0.263256
case4,13,8600,5,0.333488
case4,13,8700,1,0.066552
case4,13,8700,2,0.135057
case4,13,8700,3,0.200690
case4,13,8700,4,0.263218
case4,13,8700,5,0.334483
case4,13,8800,1,0.066932
case4,13,8800,2,0.135341
case4,13,8800,3,0.200114
case4,13,8800,4,0.263750
case4,13,8800,5,0.333864
case4,13,8900,1,0.066966
case4,13,8900,2,0.135281
case4,13,8900,3,0.200000
case4,13,8900,4,0.264270
case4,13,8900,5,0.333483
case4,13,9000,1,0.067333
case4,13,9000,2,0.135667
case4,13,9000,3,0.200222
case4,13,9000,4,0.264222
case4,13,9000,5,0.332556
case4,13,9100,1,0.067253
case4,13,9100,2,0.135385
case4,13,9100,3,0.200549
case4,13,9100,4,0.263846
case4,13,9100,5,0.332967
case4,13,9200,1,0.067065
case4,13,9200,2,0.135109
case4,13,9200,3,0.201196
case4,13,9200,4,0.263696
case4,13,9200,5,0.332935
case4,13,9300,1,0.066989
case4,13,9300,2,0.135161
case4,13,9300,3,0.200430
case4,13,9300,4,0.263226
case4,13,9300,5,0.334194
case4,13,9400,1,0.067021
case4,13,9400,2,0.135319
case4,13,9400,3,0.201064
case4,13,9400,4,0.263085
case4,13,9400,5,0.333511
case4,13,9500,1,0.066632
case4,13,9500,2,0.135053
case4,13,9500,3,0.201684
case4,13,9500,4,0.262421
case4,13,9500,5,0.334211
case4,13,9600,1,0.066458
case4,13,9600,2,0.135313
case4,13,9600,3,0.201667
case4,13,9600,4,0.263333
case4,13,9600,5,0.333229
case4,13,9700,1,0.066907
case4,13,9700,2,0.134948
case4,13,9700,3,0.201340
case4,13,9700,4,0.263814
case4,13,9700,5,0.332990
case4,13,9800,1,0.066939
case4,13,9800,2,0.134796
case4,13,9800,3,0.201633
case4,13,9800,4,0.264388
case4,13,9800,5,0.332245
case4,13,9900,1,0.067172
case4,13,9900,2,0.134747
case4,13,9900,3,0.201515
case4,13,9900,4,0.265051
case4,13,9900,5,0.331515
case4,13,10000,1,0.067400
case4,13,10000,2,0.135600
case4,13,10000,3,0.201200
case4,13,10000,4,0.264400
case4,13,10000,5,0.331400
case4,14,100,1,0.080000
case4,14,100,2,0.170000
case4,14,100,3,0.210000
case4,14,100,4,0.250000
case4,14,100,5,0.290000
case4,14,200,1,0.070000
case4,14,200,2,0.165000
case4,14,200,3,0.190000
case4,14,200,4,0.255000
case4,14,200,5,0.320000
case4,14,300,1,0.066667
case4,14,300,2,0.173333
case4,14,300,3,0.176667
case4,14,300,4,0.263333
case4,14,300,5,0.320000
case4,14,400,1,0.065000
case4,14,400,2,0.180000
case4,14,400,3,0.177500
case4,14,400,4,0.252500
case4,14,400,5,0.325000
case4,14,500,1,0.066000
case4,14,500,2,0.180000
case4,14,500,3,0.196000
case4,14,500,4,0.256000
case4,14,500,5,0.302000
case4,14,600,1,0.068333
case4,14,600,2,0.168333
case4,14,600,3,0.195000
case4,14,600,4,0.261667
case4,14,600,5,0.306667
case4,14,700,1,0.070000
case4,14,700,2,0.167143
case4,14,700,3,0.191429
case4,14,700,4,0.260000
case4,14,700,5,0.311429
case4,14,800,1,0.067500
case4,14,800,2,0.162500
case4,14,800,3,0.191250
case4,14,800,4,0.258750
case4,14,800,5,0.320000
case4,14,900,1,0.068889
case4,14,900,2,0.162222
case4,14,900,3,0.190000
case4,14,900,4,0.258889
case4,14,900,5,0.320000
case4,14,1000,1,0.069000
case4,14,1000,2,0.157000
case4,14,1000,3,0.188000
case4,14,1000,4,0.270000
case4,14,1000,5,0.316000
case4,14,1100,1,0.068182
case4,14,1100,2,0.160000
case4,14,1100,3,0.193636
case4,14,1100,4,0.272727
case4,14,1100,5,0.305455
case4,14,1200,1,0.066667
case4,14,1200,2,0.157500
case4,14,1200,3,0.190833
case4,14,1200,4,0.269167
case4,14,1200,5,0.315833
case4,14,1300,1,0.063846
case4,14,1300,2,0.159231
case4,14,1300,3,0.186923
case4,14,1300,4,0.266923
case4,14,1300,5,0.323077
case4,14,1400,1,0.063571
case4,14,1400,2,0.156429
case4,14,1400,3,0.189286
case4,14,1400,4,0.265714
case4,14,1400,5,0.325000
case4,14,1500,1,0.067333
case4,14,1500,2,0.154667
case4,14,1500,3,0.184000
case4,14,1500,4,0.268667
case4,14,1500,5,0.325333
case4,14,1600,1,0.068750
case4,14,1600,2,0.153125
case4,14,1600,3,0.183125
case4,14,1600,4,0.271250
case4,14,1600,5,0.323750
case4,14,1700,1,0.070000
case4,14,1700,2,0.155294
case4,14,1700,3,0.183529
case4,14,1700,4,0.269412
case4,14,1700,5,0.321765
case4,14,1800,1,0.071111
case4,14,1800,2,0.153889
case4,14,1800,3,0.183889
case4,14,1800,4,0.271111
case4,14,1800,5,0.320000
case4,14,1900,1,0.071579
case4,14,1900,2,0.155263
case4,14,1900,3,0.186316
case4,14,1900,4,0.267895
case4,14,1900,5,0.318947
case4,14,2000,1,0.071000
case4,14,2000,2,0.155000
case4,14,2000,3,0.183000
case4,14,2000,4,0.270000
case4,14,2000,5,0.321000
case4,14,2100,1,0.069048
case4,14,2100,2,0.154286
case4,14,2100,3,0.184286
case4,14,2100,4,0.267619
case4,14,2100,5,0.324762
case4,14,2200,1,0.069091
case4,14,2200,2,0.152273
case4,14,2200,3,0.186818
case4,14,2200,4,0.269091
case4,14,2200,5,0.322727
case4,14,2300,1,0.070000
case4,14,2300,2,0.153478
case4,14,2300,3,0.185217
case4,14,2300,4,0.267826
case4,14,2300,5,0.323478
case4,14,2400,1,0.069167
case4,14,2400,2,0.152500
case4,14,2400,3,0.185000
case4,14,2400,4,0.271250
case4,14,2400,5,0.322083
case4,14,2500,1,0.069200
case4,14,2500,2,0.152800
case4,14,2500,3,0.187200
case4,14,2500,4,0.271600
case4,14,2500,5,0.319200
case4,14,2600,1,0.068846
case4,14,2600,2,0.150769
case4,14,2600,3,0.189231
case4,14,2600,4,0.274615
case4,14,2600,5,0.316538
case4,14,2700,1,0.069630
case4,14,2700,2,0.150741
case4,14,2700,3,0.190741
case4,14,2700,4,0.272963
case4,14,2700,5,0.315926
case4,14,2800,1,0.070714
case4,14,2800,2,0.149286
case4,14,2800,3,0.191786
case4,14,2800,4,0.272857
case4,14,2800,5,0.315357
case4,14,2900,1,0.071034
case4,14,2900,2,0.147931
case4,14,2900,3,0.192414
case4,14,2900,4,0.272414
case4,14,2900,5,0.316207
case4,14,3000,1,0.071000
case4,14,3000,2,0.147333
case4,14,3000,3,0.196000
case4,14,3000,4,0.269333
case4,14,3000,5,0.316333
case4,14,3100,1,0.073226
case4,14,3100,2,0.148387
case4,14,3100,3,0.195161
case4,14,3100,4,0.268065
case4,14,3100,5,0.315161
case4,14,3200,1,0.071563
case4,14,3200,2,0.147500
case4,14,3200,3,0.195000
case4,14,3200,4,0.269375
case4,14,3200,5,0.316563
case4,14,3300,1,0.072121
case4,14,3300,2,0.148182
case4,14,3300,3,0.192727
case4,14,3300,4,0.270303
case4,14,3300,5,0.316667
case4,14,3400,1,0.072353
case4,14,3400,2,0.145588
case4,14,3400,3,0.192941
case4,14,3400,4,0.270588
case4,14,3400,5,0.318529
case4,14,3500,1,0.072571
case4,14,3500,2,0.144857
case4,14,3500,3,0.192857
case4,14,3500,4,0.271429
case4,14,3500,5,0.318286
case4,14,3600,1,0.071667
case4,14,3600,2,0.143889
case4,14,3600,3,0.192778
case4,14,3600,4,0.273333
case4,14,3600,5,0.318333
case4,14,3700,1,0.071081
case4,14,3700,2,0.144324
case4,14,3700,3,0.193514
case4,14,3700,4,0.271622
case4,14,3700,5,0.319459
case4,14,3800,1,0.070526
case4,14,3800,2,0.143947
case4,14,3800,3,0.193684
case4,14,3800,4,0.272105
case4,14,3800,5,0.319737
case4,14,3900,1,0.070769
case4,14,3900,2,0.144872
case4,14,3900,3,0.193333
case4,14,3900,4,0.271282
case4,14,3900,5,0.319744
case4,14,4000,1,0.070750
case4,14,4000,2,0.143500
case4,14,4000,3,0.193000
case4,14,4000,4,0.271250
case4,14,4000,5,0.321500
case4,14,4100,1,0.070244
case4,14,4100,2,0.142683
case4,14,4100,3,0.194146
case4,14,4100,4,0.271463
case4,14,4100,5,0.321463
case4,14,4200,1,0.069524
case4,14,4200,2,0.143095
case4,14,4200,3,0.192143
case4,14,4200,4,0.269762
case4,14,4200,5,0.325476
case4,14,4300,1,0.070233
case4,14,4300,2,0.142791
case4,14,4300,3,0.191860
case4,14,4300,4,0.270233
case4,14,4300,5,0.324884
case4,14,4400,1,0.071136
case4,14,4400,2,0.141818
case4,14,4400,3,0.193864
case4,14,4400,4,0.268409
case4,14,4400,5,0.324773
case4,14,4500,1,0.070444
case4,14,4500,2,0.140889
case4,14,4500,3,0.195556
case4,14,4500,4,0.268000
case4,14,4500,5,0.325111
case4,14,4600,1,0.070652
case4,14,4600,2,0.140870
case4,14,4600,3,0.196739
case4,14,4600,4,0.267826
case4,14,4600,5,0.323913
case4,14,4700,1,0.070213
case4,14,4700,2,0.141702
case4,14,4700,3,0.197447
case4,14,4700,4,0.267021
case4,14,4700,5,0.323617
case4,14,4800,1,0.070625
case4,14,4800,2,0.142708
case4,14,4800,3,0.196667
case4,14,4800,4,0.267708
case4,14,4800,5,0.322292
case4,14,4900,1,0.070408
case4,14,4900,2,0.141837
case4,14,4900,3,0.196531
case4,14,4900,4,0.267143
case4,14,4900,5,0.324082
case4,14,5000,1,0.070000
case4,14,5000,2,0.141600
case4,14,5000,3,0.198000
case4,14,5000,4,0.266800
case4,14,5000,5,0.323600
case4,14,5100,1,0.069412
case4,14,5100,2,0.141373
case4,14,5100,3,0.198824
case4,14,5100,4,0.266078
case4,14,5100,5,0.324314
case4,14,5200,1,0.069231
case4,14,5200,2,0.142500
case4,14,5200,3,0.197885
case4,14,5200,4,0.265962
case4,14,5200,5,0.324423
case4,14,5300,1,0.069434
case4,14,5300,2,0.142264
case4,14,5300,3,0.198302
case4,14,5300,4,0.265660
case4,14,5300,5,0.324340
case4,14,5400,1,0.069259
case4,14,5400,2,0.142222
case4,14,5400,3,0.198333
case4,14,5400,4,0.267593
case4,14,5400,5,0.322593
case4,14,5500,1,0.068909
case4,14,5500,2,0.141636
case4,14,5500,3,0.198909
case4,14,5500,4,0.268182
case4,14,5500,5,0.322364
case4,14,5600,1,0.069107
case4,14,5600,2,0.142321
case4,14,5600,3,0.199464
case4,14,5600,4,0.266964
case4,14,5600,5,0.322143
case4,14,5700,1,0.068596
case4,14,5700,2,0.143158
case4,14,5700,3,0.198947
case4,14,5700,4,0.267193
case4,14,5700,5,0.322105
case4,14,5800,1,0.068103
case4,14,5800,2,0.143621
case4,14,5800,3,0.199483
case4,14,5800,4,0.266724
case4,14,5800,5,0.322069
case4,14,5900,1,0.068475
case4,14,5900,2,0.142712
case4,14,5900,3,0.200000
case4,14,5900,4,0.266610
case4,14,5900,5,0.322203
case4,14,6000,1,0.068333
case4,14,6000,2,0.143000
case4,14,6000,3,0.199667
case4,14,6000,4,0.267000
case4,14,6000,5,0.322000
case4,14,6100,1,0.068361
case4,14,6100,2,0.143279
case4,14,6100,3,0.199508
case4,14,6100,4,0.265902
case4,14,6100,5,0.322951
case4,14,6200,1,0.068065
case4,14,6200,2,0.143226
case4,14,6200,3,0.200484
case4,14,6200,4,0.266452
case4,14,6200,5,0.321774
case4,14,6300,1,0.068095
case4,14,6300,2,0.141905
case4,14,6300,3,0.201111
case4,14,6300,4,0.266667
case4,14,6300,5,0.322222
case4,14,6400,1,0.068594
case4,14,6400,2,0.141406
case4,14,6400,3,0.200625
case4,14,6400,4,0.265313
case4,14,6400,5,0.324062
case4,14,6500,1,0.068154
case4,14,6500,2,0.142000
case4,14,6500,3,0.200769
case4,14,6500,4,0.266154
case4,14,6500,5,0.322923
case4,14,6600,1,0.068182
case4,14,6600,2,0.141818
case4,14,6600,3,0.199848
case4,14,6600,4,0.267121
case4,14,6600,5,0.323030
case4,14,6700,1,0.068358
case4,14,6700,2,0.141194
case4,14,6700,3,0.199403
case4,14,6700,4,0.268657
case4,14,6700,5,0.322388
case4,14,6800,1,0.068529
case4,14,6800,2,0.140588
case4,14,6800,3,0.199265
case4,14,6800,4,0.270441
case4,14,6800,5,0.321176
case4,14,6900,1,0.068551
case4,14,6900,2,0.141014
case4,14,6900,3,0.200000
case4,14,6900,4,0.270870
case4,14,6900,5,0.319565
case4,14,7000,1,0.068857
case4,14,7000,2,0.140857
case4,14,7000,3,0.199429
case4,14,7000,4,0.270429
case4,14,7000,5,0.320429
case4,14,7100,1,0.068732
case4,14,7100,2,0.140563
case4,14,7100,3,0.198873
case4,14,7100,4,0.271408
case4,14,7100,5,0.320423
case4,14,7200,1,0.068611
case4,14,7200,2,0.139861
case4,14,7200,3,0.199306
case4,14,7200,4,0.271250
case4,14,7200,5,0.320972
case4,14,7300,1,0.068767
case4,14,7300,2,0.139178
case4,14,7300,3,0.199589
case4,14,7300,4,0.270959
case4,14,7300,5,0.321507
case4,14,7400,1,0.068919
case4,14,7400,2,0.138919
case4,14,7400,3,0.198649
case4,14,7400,4,0.271757
case4,14,7400,5,0.321757
case4,14,7500,1,0.069600
case4,14,7500,2,0.139333
case4,14,7500,3,0.197467
case4,14,7500,4,0.270800
case4,14,7500,5,0.322800
case4,14,7600,1,0.069605
case4,14,7600,2,0.138816
case4,14,7600,3,0.197105
case4,14,7600,4,0.270132
case4,14,7600,5,0.324342
case4,14,7700,1,0.069481
case4,14,7700,2,0.138831
case4,14,7700,3,0.196883
case4,14,7700,4,0.269870
case4,14,7700,5,0.324935
case4,14,7800,1,0.069359
case4,14,7800,2,0.138718
case4,14,7800,3,0.196795
case4,14,7800,4,0.269744
case4,14,7800,5,0.325385
case4,14,7900,1,0.068734
case4,14,7900,2,0.138354
case4,14,7900,3,0.197595
case4,14,7900,4,0.269494
case4,14,7900,5,0.325823
case4,14,8000,1,0.069000
case4,14,8000,2,0.137875
case4,14,8000,3,0.198000
case4,14,8000,4,0.269625
case4,14,8000,5,0.325500
case4,14,8100,1,0.068765
case4,14,8100,2,0.137160
case4,14,8100,3,0.198519
case4,14,8100,4,0.269753
case4,14,8100,5,0.325802
case4,14,8200,1,0.069146
case4,14,8200,2,0.136463
case4,14,8200,3,0.198659
case4,14,8200,4,0.270000
case4,14,8200,5,0.325732
case4,14,8300,1,0.068916
case4,14,8300,2,0.136867
case4,14,8300,3,0.199277
case4,14,8300,4,0.269398
case4,14,8300,5,0.325542
case4,14,8400,1,0.069048
case4,14,8400,2,0.136786
case4,14,8400,3,0.199881
case4,14,8400,4,0.268690
case4,14,8400,5,0.325595
case4,14,8500,1,0.069412
case4,14,8500,2,0.136353
case4,14,8500,3,0.199176
case4,14,8500,4,0.269529
case4,14,8500,5,0.325529
case4,14,8600,1,0.069535
case4,14,8600,2,0.136395
case4,14,8600,3,0.200000
case4,14,8600,4,0.269070
case4,14,8600,5,0.325000
case4,14,8700,1,0.069540
case4,14,8700,2,0.136552
case4,14,8700,3,0.200115
case4,14,8700,4,0.269425
case4,14,8700,5,0.324368
case4,14,8800,1,0.069773
case4,14,8800,2,0.136591
case4,14,8800,3,0.200114
case4,14,8800,4,0.268977
case4,14,8800,5,0.324545
case4,14,8900,1,0.069438
case4,14,8900,2,0.136067
case4,14,8900,3,0.200337
case4,14,8900,4,0.269326
case4,14,8900,5,0.324831
case4,14,9000,1,0.069000
case4,14,9000,2,0.136444
case4,14,9000,3,0.201111
case4,14,9000,4,0.268889
case4,14,9000,5,0.324556
case4,14,9100,1,0.068791
case4,14,9100,2,0.136813
case4,14,9100,3,0.200879
case4,14,9100,4,0.269341
case4,14,9100,5,0.324176
case4,14,9200,1,0.069022
case4,14,9200,2,0.136413
case4,14,9200,3,0.200870
case4,14,9200,4,0.268913
case4,14,9200,5,0.324783
case4,14,9300,1,0.068710
case4,14,9300,2,0.136989
case4,14,9300,3,0.200968
case4,14,9300,4,0.269570
case4,14,9300,5,0.323763
case4,14,9400,1,0.068936
case4,14,9400,2,0.137128
case4,14,9400,3,0.201064
case4,14,9400,4,0.269468
case4,14,9400,5,0.323404
case4,14,9500,1,0.069263
case4,14,9500,2,0.137053
case4,14,9500,3,0.201263
case4,14,9500,4,0.269474
case4,14,9500,5,0.322947
case4,14,9600,1,0.069167
case4,14,9600,2,0.137187
case4,14,9600,3,0.201563
case4,14,9600,4,0.269479
case4,14,9600,5,0.322604
case4,14,9700,1,0.069691
case4,14,9700,2,0.137320
case4,14,9700,3,0.201753
case4,14,9700,4,0.269278
case4,14,9700,5,0.321959
case4,14,9800,1,0.069796
case4,14,9800,2,0.137245
case4,14,9800,3,0.201429
case4,14,9800,4,0.269490
case4,14,9800,5,0.322041
case4,14,9900,1,0.069798
case4,14,9900,2,0.137273
case4,14,9900,3,0.201414
case4,14,9900,4,0.269394
case4,14,9900,5,0.322121
case4,14,10000,1,0.069800
case4,14,10000,2,0.137400
case4,14,10000,3,0.201100
case4,14,10000,4,0.268800
case4,14,10000,5,0.322900
case4,15,100,1,0.080000
case4,15,100,2,0.120000
case4,15,100,3,0.150000
case4,15,100,4,0.340000
case4,15,100,5,0.310000
case4,15,200,1,0.065000
case4,15,200,2,0.130000
case4,15,200,3,0.170000
case4,15,200,4,0.305000
case4,15,200,5,0.330000
case4,15,300,1,0.063333
case4,15,300,2,0.133333
case4,15,300,3,0.173333
case4,15,300,4,0.290000
case4,15,300,5,0.340000
case4,15,400,1,0.065000
case4,15,400,2,0.127500
case4,15,400,3,0.187500
case4,15,400,4,0.275000
case4,15,400,5,0.345000
case4,15,500,1,0.058000
case4,15,500,2,0.128000
case4,15,500,3,0.190000
case4,15,500,4,0.282000
case4,15,500,5,0.342000
case4,15,600,1,0.063333
case4,15,600,2,0.130000
case4,15,600,3,0.186667
case4,15,600,4,0.275000
case4,15,600,5,0.345000
case4,15,700,1,0.062857
case4,15,700,2,0.135714
case4,15,700,3,0.187143
case4,15,700,4,0.275714
case4,15,700,5,0.338571
case4,15,800,1,0.066250
case4,15,800,2,0.130000
case4,15,800,3,0.185000
case4,15,800,4,0.270000
case4,15,800,5,0.348750
case4,15,900,1,0.067778
case4,15,900,2,0.128889
case4,15,900,3,0.190000
case4,15,900,4,0.273333
case4,15,900,5,0.340000
case4,15,1000,1,0.068000
case4,15,1000,2,0.126000
case4,15,1000,3,0.193000
case4,15,1000,4,0.275000
case4,15,1000,5,0.338000
case4,15,1100,1,0.068182
case4,15,1100,2,0.128182
case4,15,1100,3,0.193636
case4,15,1100,4,0.274545
case4,15,1100,5,0.335455
case4,15,1200,1,0.066667
case4,15,1200,2,0.128333
case4,15,1200,3,0.192500
case4,15,1200,4,0.271667
case4,15,1200,5,0.340833
case4,15,1300,1,0.068462
case4,15,1300,2,0.130769
case4,15,1300,3,0.189231
case4,15,1300,4,0.265385
case4,15,1300,5,0.346154
case4,15,1400,1,0.067857
case4,15,1400,2,0.132143
case4,15,1400,3,0.190714
case4,15,1400,4,0.265000
case4,15,1400,5,0.344286
case4,15,1500,1,0.068000
case4,15,1500,2,0.132667
case4,15,1500,3,0.196000
case4,15,1500,4,0.262667
case4,15,1500,5,0.340667
case4,15,1600,1,0.068125
case4,15,1600,2,0.131250
case4,15,1600,3,0.195000
case4,15,1600,4,0.263125
case4,15,1600,5,0.342500
case4,15,1700,1,0.068235
case4,15,1700,2,0.130588
case4,15,1700,3,0.195294
case4,15,1700,4,0.262941
case4,15,1700,5,0.342941
case4,15,1800,1,0.070000
case4,15,1800,2,0.127778
case4,15,1800,3,0.193333
case4,15,1800,4,0.266667
case4,15,1800,5,0.342222
case4,15,1900,1,0.068947
case4,15,1900,2,0.128421
case4,15,1900,3,0.193158
case4,15,1900,4,0.270000
case4,15,1900,5,0.339474
case4,15,2000,1,0.067500
case4,15,2000,2,0.127500
case4,15,2000,3,0.193000
case4,15,2000,4,0.271500
case4,15,2000,5,0.340500
case4,15,2100,1,0.068095
case4,15,2100,2,0.125714
case4,15,2100,3,0.197619
case4,15,2100,4,0.272857
case4,15,2100,5,0.335714
case4,15,2200,1,0.067727
case4,15,2200,2,0.128182
case4,15,2200,3,0.194091
case4,15,2200,4,0.271818
case4,15,2200,5,0.338182
case4,15,2300,1,0.066957
case4,15,2300,2,0.129565
case4,15,2300,3,0.195652
case4,15,2300,4,0.270870
case4,15,2300,5,0.336957
case4,15,2400,1,0.067500
case4,15,2400,2,0.128333
case4,15,2400,3,0.195000
case4,15,2400,4,0.273750
case4,15,2400,5,0.335417
case4,15,2500,1,0.067200
case4,15,2500,2,0.131600
case4,15,2500,3,0.195200
case4,15,2500,4,0.268400
case4,15,2500,5,0.337600
case4,15,2600,1,0.067308
case4,15,2600,2,0.131154
case4,15,2600,3,0.197692
case4,15,2600,4,0.266538
case4,15,2600,5,0.337308
case4,15,2700,1,0.066667
case4,15,2700,2,0.129630
case4,15,2700,3,0.198889
case4,15,2700,4,0.271111
case4,15,2700,5,0.333704
case4,15,2800,1,0.066071
case4,15,2800,2,0.130714
case4,15,2800,3,0.200714
case4,15,2800,4,0.268571
case4,15,2800,5,0.333929
case4,15,2900,1,0.065862
case4,15,2900,2,0.131724
case4,15,2900,3,0.198621
case4,15,2900,4,0.268621
case4,15,2900,5,0.335172
case4,15,3000,1,0.066667
case4,15,3000,2,0.132000
case4,15,3000,3,0.200333
case4,15,3000,4,0.266667
case4,15,3000,5,0.334333
case4,15,3100,1,0.065806
case4,15,3100,2,0.132581
case4,15,3100,3,0.198387
case4,15,3100,4,0.266774
case4,15,3100,5,0.336452
case4,15,3200,1,0.066250
case4,15,3200,2,0.132812
case4,15,3200,3,0.197500
case4,15,3200,4,0.266875
case4,15,3200,5,0.336562
case4,15,3300,1,0.065455
case4,15,3300,2,0.132121
case4,15,3300,3,0.199697
case4,15,3300,4,0.266970
case4,15,3300,5,0.335758
case4,15,3400,1,0.066176
case4,15,3400,2,0.131176
case4,15,3400,3,0.199118
case4,15,3400,4,0.267941
case4,15,3400,5,0.335588
case4,15,3500,1,0.066000
case4,15,3500,2,0.130857
case4,15,3500,3,0.199714
case4,15,3500,4,0.268000
case4,15,3500,5,0.335429
case4,15,3600,1,0.067222
case4,15,3600,2,0.130278
case4,15,3600,3,0.198889
case4,15,3600,4,0.268056
case4,15,3600,5,0.335556
case4,15,3700,1,0.067838
case4,15,3700,2,0.130541
case4,15,3700,3,0.200811
case4,15,3700,4,0.265676
case4,15,3700,5,0.335135
case4,15,3800,1,0.067368
case4,15,3800,2,0.130263
case4,15,3800,3,0.202105
case4,15,3800,4,0.263158
case4,15,3800,5,0.337105
case4,15,3900,1,0.067436
case4,15,3900,2,0.129744
case4,15,3900,3,0.201795
case4,15,3900,4,0.261026
case4,15,3900,5,0.340000
case4,15,4000,1,0.067500
case4,15,4000,2,0.129750
case4,15,4000,3,0.200000
case4,15,4000,4,0.262000
case4,15,4000,5,0.340750
case4,15,4100,1,0.067561
case4,15,4100,2,0.129756
case4,15,4100,3,0.199512
case4,15,4100,4,0.264146
case4,15,4100,5,0.339024
case4,15,4200,1,0.068095
case4,15,4200,2,0.130714
case4,15,4200,3,0.200238
case4,15,4200,4,0.263571
case4,15,4200,5,0.337381
case4,15,4300,1,0.067674
case4,15,4300,2,0.130000
case4,15,4300,3,0.200930
case4,15,4300,4,0.264651
case4,15,4300,5,0.336744
case4,15,4400,1,0.068182
case4,15,4400,2,0.129545
case4,15,4400,3,0.201136
case4,15,4400,4,0.265000
case4,15,4400,5,0.336136
case4,15,4500,1,0.068000
case4,15,4500,2,0.130222
case4,15,4500,3,0.199333
case4,15,4500,4,0.264667
case4,15,4500,5,0.337778
case4,15,4600,1,0.068043
case4,15,4600,2,0.130652
case4,15,4600,3,0.198696
case4,15,4600,4,0.265000
case4,15,4600,5,0.337609
case4,15,4700,1,0.067872
case4,15,4700,2,0.130851
case4,15,4700,3,0.201064
case4,15,4700,4,0.263830
case4,15,4700,5,0.336383
case4,15,4800,1,0.067500
case4,15,4800,2,0.131458
case4,15,4800,3,0.201250
case4,15,4800,4,0.264375
case4,15,4800,5,0.335417
case4,15,4900,1,0.067755
case4,15,4900,2,0.131633
case4,15,4900,3,0.200612
case4,15,4900,4,0.264694
case4,15,4900,5,0.335306
case4,15,5000,1,0.067800
case4,15,5000,2,0.132400
case4,15,5000,3,0.201200
case4,15,5000,4,0.264800
case4,15,5000,5,0.333800
case4,15,5100,1,0.068627
case4,15,5100,2,0.131765
case4,15,5100,3,0.200784
case4,15,5100,4,0.264510
case4,15,5100,5,0.334314
case4,15,5200,1,0.068846
case4,15,5200,2,0.131731
case4,15,5200,3,0.200000
case4,15,5200,4,0.265000
case4,15,5200,5,0.334423
case4,15,5300,1,0.068868
case4,15,5300,2,0.132264
case4,15,5300,3,0.200377
case4,15,5300,4,0.264528
case4,15,5300,5,0.333962
case4,15,5400,1,0.068333
case4,15,5400,2,0.132222
case4,15,5400,3,0.200370
case4,15,5400,4,0.264259
case4,15,5400,5,0.334815
case4,15,5500,1,0.068364
case4,15,5500,2,0.131455
case4,15,5500,3,0.200727
case4,15,5500,4,0.264727
case4,15,5500,5,0.334727
case4,15,5600,1,0.068571
case4,15,5600,2,0.131250
case4,15,5600,3,0.200714
case4,15,5600,4,0.264643
case4,15,5600,5,0.334821
case4,15,5700,1,0.068070
case4,15,5700,2,0.131053
case4,15,5700,3,0.201404
case4,15,5700,4,0.265263
case4,15,5700,5,0.334211
case4,15,5800,1,0.068621
case4,15,5800,2,0.130862
case4,15,5800,3,0.202414
case4,15,5800,4,0.264828
case4,15,5800,5,0.333276
case4,15,5900,1,0.068644
case4,15,5900,2,0.130678
case4,15,5900,3,0.202034
case4,15,5900,4,0.264576
case4,15,5900,5,0.334068
case4,15,6000,1,0.068500
case4,15,6000,2,0.131500
case4,15,6000,3,0.202667
case4,15,6000,4,0.264000
case4,15,6000,5,0.333333
case4,15,6100,1,0.068033
case4,15,6100,2,0.131967
case4,15,6100,3,0.201475
case4,15,6100,4,0.265574
case4,15,6100,5,0.332951
case4,15,6200,1,0.067903
case4,15,6200,2,0.131935
case4,15,6200,3,0.201129
case4,15,6200,4,0.265806
case4,15,6200,5,0.333226
case4,15,6300,1,0.068413
case4,15,6300,2,0.132222
case4,15,6300,3,0.200317
case4,15,6300,4,0.264921
case4,15,6300,5,0.334127
case4,15,6400,1,0.068906
case4,15,6400,2,0.131562
case4,15,6400,3,0.200625
case4,15,6400,4,0.264375
case4,15,6400,5,0.334531
case4,15,6500,1,0.068462
case4,15,6500,2,0.131692
case4,15,6500,3,0.201385
case4,15,6500,4,0.264000
case4,15,6500,5,0.334462
case4,15,6600,1,0.068182
case4,15,6600,2,0.131970
case4,15,6600,3,0.200758
case4,15,6600,4,0.264394
case4,15,6600,5,0.334697
case4,15,6700,1,0.068358
case4,15,6700,2,0.132537
case4,15,6700,3,0.200299
case4,15,6700,4,0.264478
case4,15,6700,5,0.334328
case4,15,6800,1,0.068824
case4,15,6800,2,0.132647
case4,15,6800,3,0.199853
case4,15,6800,4,0.265000
case4,15,6800,5,0.333676
case4,15,6900,1,0.069275
case4,15,6900,2,0.132174
case4,15,6900,3,0.199855
case4,15,6900,4,0.264058
case4,15,6900,5,0.334638
case4,15,7000,1,0.068857
case4,15,7000,2,0.132286
case4,15,7000,3,0.198714
case4,15,7000,4,0.265000
case4,15,7000,5,0.335143
case4,15,7100,1,0.069155
case4,15,7100,2,0.132113
case4,15,7100,3,0.198592
case4,15,7100,4,0.264789
case4,15,7100,5,0.335352
case4,15,7200,1,0.069306
case4,15,7200,2,0.131944
case4,15,7200,3,0.199167
case4,15,7200,4,0.264861
case4,15,7200,5,0.334722
case4,15,7300,1,0.069452
case4,15,7300,2,0.131918
case4,15,7300,3,0.198904
case4,15,7300,4,0.264521
case4,15,7300,5,0.335205
case4,15,7400,1,0.069054
case4,15,7400,2,0.131757
case4,15,7400,3,0.199595
case4,15,7400,4,0.264189
case4,15,7400,5,0.335405
case4,15,7500,1,0.069467
case4,15,7500,2,0.131067
case4,15,7500,3,0.199600
case4,15,7500,4,0.264533
case4,15,7500,5,0.335333
case4,15,7600,1,0.069342
case4,15,7600,2,0.131711
case4,15,7600,3,0.199079
case4,15,7600,4,0.264474
case4,15,7600,5,0.335395
case4,15,7700,1,0.069481
case4,15,7700,2,0.131818
case4,15,7700,3,0.198571
case4,15,7700,4,0.264675
case4,15,7700,5,0.335455
case4,15,7800,1,0.069359
case4,15,7800,2,0.132692
case4,15,7800,3,0.197692
case4,15,7800,4,0.265128
case4,15,7800,5,0.335128
case4,15,7900,1,0.069241
case4,15,7900,2,0.132911
case4,15,7900,3,0.197468
case4,15,7900,4,0.265823
case4,15,7900,5,0.334557
case4,15,8000,1,0.069250
case4,15,8000,2,0.132750
case4,15,8000,3,0.197500
case4,15,8000,4,0.266250
case4,15,8000,5,0.334250
case4,15,8100,1,0.069506
case4,15,8100,2,0.132099
case4,15,8100,3,0.197284
case4,15,8100,4,0.266543
case4,15,8100,5,0.334568
case4,15,8200,1,0.069390
case4,15,8200,2,0.132317
case4,15,8200,3,0.197927
case4,15,8200,4,0.266098
case4,15,8200,5,0.334268
case4,15,8300,1,0.069277
case4,15,8300,2,0.132048
case4,15,8300,3,0.197349
case4,15,8300,4,0.265904
case4,15,8300,5,0.335422
case4,15,8400,1,0.068929
case4,15,8400,2,0.132024
case4,15,8400,3,0.197619
case4,15,8400,4,0.266548
case4,15,8400,5,0.334881
case4,15,8500,1,0.068588
case4,15,8500,2,0.132235
case4,15,8500,3,0.197647
case4,15,8500,4,0.265882
case4,15,8500,5,0.335647
case4,15,8600,1,0.068837
case4,15,8600,2,0.132093
case4,15,8600,3,0.197907
case4,15,8600,4,0.265465
case4,15,8600,5,0.335698
case4,15,8700,1,0.069080
case4,15,8700,2,0.131494
case4,15,8700,3,0.198276
case4,15,8700,4,0.264023
case4,15,8700,5,0.337126
case4,15,8800,1,0.068977
case4,15,8800,2,0.131250
case4,15,8800,3,0.199205
case4,15,8800,4,0.262386
case4,15,8800,5,0.338182
case4,15,8900,1,0.068427
case4,15,8900,2,0.131348
case4,15,8900,3,0.199438
case4,15,8900,4,0.262247
case4,15,8900,5,0.338539
case4,15,9000,1,0.067778
case4,15,9000,2,0.131667
case4,15,9000,3,0.199444
case4,15,9000,4,0.263000
case4,15,9000,5,0.338111
case4,15,9100,1,0.067582
case4,15,9100,2,0.131538
case4,15,9100,3,0.199670
case4,15,9100,4,0.263626
case4,15,9100,5,0.337582
case4,15,9200,1,0.067391
case4,15,9200,2,0.131413
case4,15,9200,3,0.199891
case4,15,9200,4,0.263261
case4,15,9200,5,0.338043
case4,15,9300,1,0.067742
case4,15,9300,2,0.131505
case4,15,9300,3,0.198925
case4,15,9300,4,0.263226
case4,15,9300,5,0.338602
case4,15,9400,1,0.067447
case4,15,9400,2,0.131489
case4,15,9400,3,0.199255
case4,15,9400,4,0.262660
case4,15,9400,5,0.339149
case4,15,9500,1,0.067263
case4,15,9500,2,0.132105
case4,15,9500,3,0.198632
case4,15,9500,4,0.263263
case4,15,9500,5,0.338737
case4,15,9600,1,0.066979
case4,15,9600,2,0.131562
case4,15,9600,3,0.198958
case4,15,9600,4,0.263333
case4,15,9600,5,0.339167
case4,15,9700,1,0.067010
case4,15,9700,2,0.131443
case4,15,9700,3,0.198557
case4,15,9700,4,0.263814
case4,15,9700,5,0.339175
case4,15,9800,1,0.066939
case4,15,9800,2,0.131531
case4,15,9800,3,0.198776
case4,15,9800,4,0.264082
case4,15,9800,5,0.338673
case4,15,9900,1,0.067172
case4,15,9900,2,0.132323
case4,15,9900,3,0.198586
case4,15,9900,4,0.263535
case4,15,9900,5,0.338384
case4,15,10000,1,0.067100
case4,15,10000,2,0.132600
case4,15,10000,3,0.198800
case4,15,10000,4,0.263000
case4,15,10000,5,0.338500
case4,16,100,1,0.060000
case4,16,100,2,0.120000
case4,16,100,3,0.230000
case4,16,100,4,0.270000
case4,16,100,5,0.320000
case4,16,200,1,0.045000
case4,16,200,2,0.150000
case4,16,200,3,0.200000
case4,16,200,4,0.250000
case4,16,200,5,0.355000
case4,16,300,1,0.063333
case4,16,300,2,0.153333
case4,16,300,3,0.203333
case4,16,300,4,0.246667
case4,16,300,5,0.333333
case4,16,400,1,0.067500
case4,16,400,2,0.130000
case4,16,400,3,0.197500
case4,16,400,4,0.262500
case4,16,400,5,0.342500
case4,16,500,1,0.068000
case4,16,500,2,0.144000
case4,16,500,3,0.196000
case4,16,500,4,0.252000
case4,16,500,5,0.340000
case4,16,600,1,0.063333
case4,16,600,2,0.138333
case4,16,600,3,0.205000
case4,16,600,4,0.261667
case4,16,600,5,0.331667
case4,16,700,1,0.061429
case4,16,700,2,0.142857
case4,16,700,3,0.210000
case4,16,700,4,0.260000
case4,16,700,5,0.325714
case4,16,800,1,0.061250
case4,16,800,2,0.136250
case4,16,800,3,0.215000
case4,16,800,4,0.257500
case4,16,800,5,0.330000
case4,16,900,1,0.063333
case4,16,900,2,0.133333
case4,16,900,3,0.212222
case4,16,900,4,0.254444
case4,16,900,5,0.336667
case4,16,1000,1,0.063000
case4,16,1000,2,0.131000
case4,16,1000,3,0.212000
case4,16,1000,4,0.261000
case4,16,1000,5,0.333000
case4,16,1100,1,0.063636
case4,16,1100,2,0.130909
case4,16,1100,3,0.211818
case4,16,1100,4,0.258182
case4,16,1100,5,0.335455
case4,16,1200,1,0.069167
case4,16,1200,2,0.127500
case4,16,1200,3,0.214167
case4,16,1200,4,0.257500
case4,16,1200,5,0.331667
case4,16,1300,1,0.068462
case4,16,1300,2,0.124615
case4,16,1300,3,0.216154
case4,16,1300,4,0.254615
case4,16,1300,5,0.336154
case4,16,1400,1,0.068571
case4,16,1400,2,0.127857
case4,16,1400,3,0.215714
case4,16,1400,4,0.253571
case4,16,1400,5,0.334286
case4,16,1500,1,0.066000
case4,16,1500,2,0.132000
case4,16,1500,3,0.213333
case4,16,1500,4,0.255333
case4,16,1500,5,0.333333
case4,16,1600,1,0.066250
case4,16,1600,2,0.132500
case4,16,1600,3,0.207500
case4,16,1600,4,0.261250
case4,16,1600,5,0.332500
case4,16,1700,1,0.068235
case4,16,1700,2,0.133529
case4,16,1700,3,0.202353
case4,16,1700,4,0.258235
case4,16,1700,5,0.337647
case4,16,1800,1,0.067222
case4,16,1800,2,0.135556
case4,16,1800,3,0.200556
case4,16,1800,4,0.263333
case4,16,1800,5,0.333333
case4,16,1900,1,0.066316
case4,16,1900,2,0.139474
case4,16,1900,3,0.199474
case4,16,1900,4,0.262105
case4,16,1900,5,0.332632
case4,16,2000,1,0.067000
case4,16,2000,2,0.142500
case4,16,2000,3,0.199500
case4,16,2000,4,0.261000
case4,16,2000,5,0.330000
case4,16,2100,1,0.068095
case4,16,2100,2,0.140952
case4,16,2100,3,0.202381
case4,16,2100,4,0.260476
case4,16,2100,5,0.328095
case4,16,2200,1,0.068636
case4,16,2200,2,0.143182
case4,16,2200,3,0.202273
case4,16,2200,4,0.260000
case4,16,2200,5,0.325909
case4,16,2300,1,0.067391
case4,16,2300,2,0.142609
case4,16,2300,3,0.202609
case4,16,2300,4,0.260000
case4,16,2300,5,0.327391
case4,16,2400,1,0.067500
case4,16,2400,2,0.144167
case4,16,2400,3,0.202500
case4,16,2400,4,0.259167
case4,16,2400,5,0.326667
case4,16,2500,1,0.068000
case4,16,2500,2,0.144400
case4,16,2500,3,0.202800
case4,16,2500,4,0.258400
case4,16,2500,5,0.326400
case4,16,2600,1,0.068077
case4,16,2600,2,0.143846
case4,16,2600,3,0.199615
case4,16,2600,4,0.258846
case4,16,2600,5,0.329615
case4,16,2700,1,0.068889
case4,16,2700,2,0.141111
case4,16,2700,3,0.197037
case4,16,2700,4,0.262222
case4,16,2700,5,0.330741
case4,16,2800,1,0.068214
case4,16,2800,2,0.141429
case4,16,2800,3,0.195000
case4,16,2800,4,0.263571
case4,16,2800,5,0.331786
case4,16,2900,1,0.069310
case4,16,2900,2,0.141034
case4,16,2900,3,0.194483
case4,16,2900,4,0.264828
case4,16,2900,5,0.330345
case4,16,3000,1,0.069000
case4,16,3000,2,0.143000
case4,16,3000,3,0.194667
case4,16,3000,4,0.264000
case4,16,3000,5,0.329333
case4,16,3100,1,0.068710
case4,16,3100,2,0.144516
case4,16,3100,3,0.195806
case4,16,3100,4,0.262903
case4,16,3100,5,0.328065
case4,16,3200,1,0.069375
case4,16,3200,2,0.143750
case4,16,3200,3,0.195625
case4,16,3200,4,0.262500
case4,16,3200,5,0.328750
case4,16,3300,1,0.068182
case4,16,3300,2,0.143636
case4,16,3300,3,0.196364
case4,16,3300,4,0.261818
case4,16,3300,5,0.330000
case4,16,3400,1,0.067647
case4,16,3400,2,0.142059
case4,16,3400,3,0.197353
case4,16,3400,4,0.264118
case4,16,3400,5,0.328824
case4,16,3500,1,0.067429
case4,16,3500,2,0.142571
case4,16,3500,3,0.196286
case4,16,3500,4,0.266000
case4,16,3500,5,0.327714
case4,16,3600,1,0.066944
case4,16,3600,2,0.143611
case4,16,3600,3,0.196111
case4,16,3600,4,0.265278
case4,16,3600,5,0.328056
case4,16,3700,1,0.067027
case4,16,3700,2,0.143514
case4,16,3700,3,0.194324
case4,16,3700,4,0.266757
case4,16,3700,5,0.328378
case4,16,3800,1,0.068158
case4,16,3800,2,0.143684
case4,16,3800,3,0.192895
case4,16,3800,4,0.264211
case4,16,3800,5,0.331053
case4,16,3900,1,0.068462
case4,16,3900,2,0.144359
case4,16,3900,3,0.193077
case4,16,3900,4,0.264103
case4,16,3900,5,0.330000
case4,16,4000,1,0.068500
case4,16,4000,2,0.145250
case4,16,4000,3,0.193000
case4,16,4000,4,0.264500
case4,16,4000,5,0.328750
case4,16,4100,1,0.067805
case4,16,4100,2,0.145366
case4,16,4100,3,0.193659
case4,16,4100,4,0.265366
case4,16,4100,5,0.327805
case4,16,4200,1,0.068095
case4,16,4200,2,0.145238
case4,16,4200,3,0.194286
case4,16,4200,4,0.265476
case4,16,4200,5,0.326905
case4,16,4300,1,0.068837
case4,16,4300,2,0.143721
case4,16,4300,3,0.194651
case4,16,4300,4,0.265814
case4,16,4300,5,0.326977
case4,16,4400,1,0.069318
case4,16,4400,2,0.143409
case4,16,4400,3,0.194545
case4,16,4400,4,0.265455
case4,16,4400,5,0.327273
case4,16,4500,1,0.069778
case4,16,4500,2,0.144000
case4,16,4500,3,0.194444
case4,16,4500,4,0.264667
case4,16,4500,5,0.327111
case4,16,4600,1,0.069783
case4,16,4600,2,0.143913
case4,16,4600,3,0.193696
case4,16,4600,4,0.265217
case4,16,4600,5,0.327391
case4,16,4700,1,0.070000
case4,16,4700,2,0.143617
case4,16,4700,3,0.194468
case4,16,4700,4,0.265319
case4,16,4700,5,0.326596
case4,16,4800,1,0.070208
case4,16,4800,2,0.143333
case4,16,4800,3,0.194583
case4,16,4800,4,0.265417
case4,16,4800,5,0.326458
case4,16,4900,1,0.069796
case4,16,4900,2,0.143469
case4,16,4900,3,0.194286
case4,16,4900,4,0.265714
case4,16,4900,5,0.326735
case4,16,5000,1,0.069600
case4,16,5000,2,0.143800
case4,16,5000,3,0.194400
case4,16,5000,4,0.264600
case4,16,5000,5,0.327600
case4,16,5100,1,0.069020
case4,16,5100,2,0.143333
case4,16,5100,3,0.194706
case4,16,5100,4,0.265490
case4,16,5100,5,0.327451
case4,16,5200,1,0.069615
case4,16,5200,2,0.142500
case4,16,5200,3,0.194615
case4,16,5200,4,0.266154
case4,16,5200,5,0.327115
case4,16,5300,1,0.069623
case4,16,5300,2,0.142264
case4,16,5300,3,0.193585
case4,16,5300,4,0.265849
case4,16,5300,5,0.328679
case4,16,5400,1,0.068704
case4,16,5400,2,0.141852
case4,16,5400,3,0.194815
case4,16,5400,4,0.265370
case4,16,5400,5,0.329259
case4,16,5500,1,0.069455
case4,16,5500,2,0.140909
case4,16,5500,3,0.194909
case4,16,5500,4,0.266182
case4,16,5500,5,0.328545
case4,16,5600,1,0.069821
case4,16,5600,2,0.141071
case4,16,5600,3,0.193750
case4,16,5600,4,0.267500
case4,16,5600,5,0.327857
case4,16,5700,1,0.068947
case4,16,5700,2,0.140175
case4,16,5700,3,0.194912
case4,16,5700,4,0.266667
case4,16,5700,5,0.329298
case4,16,5800,1,0.068276
case4,16,5800,2,0.140000
case4,16,5800,3,0.195000
case4,16,5800,4,0.266379
case4,16,5800,5,0.330345
case4,16,5900,1,0.068136
case4,16,5900,2,0.141017
case4,16,5900,3,0.195593
case4,16,5900,4,0.265932
case4,16,5900,5,0.329322
case4,16,6000,1,0.067500
case4,16,6000,2,0.139667
case4,16,6000,3,0.196833
case4,16,6000,4,0.266500
case4,16,6000,5,0.329500
case4,16,6100,1,0.067049
case4,16,6100,2,0.140328
case4,16,6100,3,0.195738
case4,16,6100,4,0.267377
case4,16,6100,5,0.329508
case4,16,6200,1,0.066774
case4,16,6200,2,0.139839
case4,16,6200,3,0.195484
case4,16,6200,4,0.267581
case4,16,6200,5,0.330323
case4,16,6300,1,0.066508
case4,16,6300,2,0.140159
case4,16,6300,3,0.194444
case4,16,6300,4,0.268254
case4,16,6300,5,0.330635
case4,16,6400,1,0.067187
case4,16,6400,2,0.140156
case4,16,6400,3,0.193906
case4,16,6400,4,0.267969
case4,16,6400,5,0.330781
case4,16,6500,1,0.066615
case4,16,6500,2,0.141077
case4,16,6500,3,0.194615
case4,16,6500,4,0.266000
case4,16,6500,5,0.331692
case4,16,6600,1,0.066061
case4,16,6600,2,0.141667
case4,16,6600,3,0.194242
case4,16,6600,4,0.265909
case4,16,6600,5,0.332121
case4,16,6700,1,0.066418
case4,16,6700,2,0.141642
case4,16,6700,3,0.194627
case4,16,6700,4,0.265075
case4,16,6700,5,0.332239
case4,16,6800,1,0.066471
case4,16,6800,2,0.141471
case4,16,6800,3,0.195147
case4,16,6800,4,0.265147
case4,16,6800,5,0.331765
case4,16,6900,1,0.065942
case4,16,6900,2,0.140870
case4,16,6900,3,0.195507
case4,16,6900,4,0.265652
case4,16,6900,5,0.332029
case4,16,7000,1,0.066143
case4,16,7000,2,0.141429
case4,16,7000,3,0.195857
case4,16,7000,4,0.265143
case4,16,7000,5,0.331429
case4,16,7100,1,0.066479
case4,16,7100,2,0.141268
case4,16,7100,3,0.195915
case4,16,7100,4,0.265211
case4,16,7100,5,0.331127
case4,16,7200,1,0.067083
case4,16,7200,2,0.140556
case4,16,7200,3,0.195833
case4,16,7200,4,0.266111
case4,16,7200,5,0.330417
case4,16,7300,1,0.066575
case4,16,7300,2,0.141233
case4,16,7300,3,0.195479
case4,16,7300,4,0.266575
case4,16,7300,5,0.330137
case4,16,7400,1,0.066622
case4,16,7400,2,0.140270
case4,16,7400,3,0.195000
case4,16,7400,4,0.266351
case4,16,7400,5,0.331757
case4,16,7500,1,0.067200
case4,16,7500,2,0.140133
case4,16,7500,3,0.194533
case4,16,7500,4,0.265867
case4,16,7500,5,0.332267
case4,16,7600,1,0.067500
case4,16,7600,2,0.139605
case4,16,7600,3,0.194211
case4,16,7600,4,0.265526
case4,16,7600,5,0.333158
case4,16,7700,1,0.067532
case4,16,7700,2,0.139481
case4,16,7700,3,0.194675
case4,16,7700,4,0.265195
case4,16,7700,5,0.333117
case4,16,7800,1,0.067308
case4,16,7800,2,0.140256
case4,16,7800,3,0.194487
case4,16,7800,4,0.264872
case4,16,7800,5,0.333077
case4,16,7900,1,0.067595
case4,16,7900,2,0.140886
case4,16,7900,3,0.194430
case4,16,7900,4,0.264051
case4,16,7900,5,0.333038
case4,16,8000,1,0.067375
case4,16,8000,2,0.141125
case4,16,8000,3,0.194000
case4,16,8000,4,0.264500
case4,16,8000,5,0.333000
case4,16,8100,1,0.067160
case4,16,8100,2,0.140988
case4,16,8100,3,0.193827
case4,16,8100,4,0.264938
case4,16,8100,5,0.333086
case4,16,8200,1,0.066829
case4,16,8200,2,0.140000
case4,16,8200,3,0.194390
case4,16,8200,4,0.265366
case4,16,8200,5,0.333415
case4,16,8300,1,0.067108
case4,16,8300,2,0.139398
case4,16,8300,3,0.193855
case4,16,8300,4,0.266386
case4,16,8300,5,0.333253
case4,16,8400,1,0.066667
case4,16,8400,2,0.139643
case4,16,8400,3,0.193810
case4,16,8400,4,0.266786
case4,16,8400,5,0.333095
case4,16,8500,1,0.066706
case4,16,8500,2,0.139294
case4,16,8500,3,0.193412
case4,16,8500,4,0.267059
case4,16,8500,5,0.333529
case4,16,8600,1,0.067093
case4,16,8600,2,0.139070
case4,16,8600,3,0.192907
case4,16,8600,4,0.267558
case4,16,8600,5,0.333372
case4,16,8700,1,0.067816
case4,16,8700,2,0.138736
case4,16,8700,3,0.193333
case4,16,8700,4,0.267241
case4,16,8700,5,0.332874
case4,16,8800,1,0.068182
case4,16,8800,2,0.138523
case4,16,8800,3,0.193636
case4,16,8800,4,0.266591
case4,16,8800,5,0.333068
case4,16,8900,1,0.068315
case4,16,8900,2,0.139213
case4,16,8900,3,0.193708
case4,16,8900,4,0.266292
case4,16,8900,5,0.332472
case4,16,9000,1,0.068333
case4,16,9000,2,0.139333
case4,16,9000,3,0.194222
case4,16,9000,4,0.265889
case4,16,9000,5,0.332222
case4,16,9100,1,0.068132
case4,16,9100,2,0.139451
case4,16,9100,3,0.194835
case4,16,9100,4,0.265604
case4,16,9100,5,0.331978
case4,16,9200,1,0.068152
case4,16,9200,2,0.139348
case4,16,9200,3,0.194565
case4,16,9200,4,0.265652
case4,16,9200,5,0.332283
case4,16,9300,1,0.068710
case4,16,9300,2,0.138925
case4,16,9300,3,0.195161
case4,16,9300,4,0.265914
case4,16,9300,5,0.331290
case4,16,9400,1,0.068511
case4,16,9400,2,0.138298
case4,16,9400,3,0.195213
case4,16,9400,4,0.265957
case4,16,9400,5,0.332021
case4,16,9500,1,0.068737
case4,16,9500,2,0.137895
case4,16,9500,3,0.195474
case4,16,9500,4,0.266632
case4,16,9500,5,0.331263
case4,16,9600,1,0.068437
case4,16,9600,2,0.137604
case4,16,9600,3,0.194896
case4,16,9600,4,0.268021
case4,16,9600,5,0.331042
case4,16,9700,1,0.068144
case4,16,9700,2,0.137423
case4,16,9700,3,0.195773
case4,16,9700,4,0.267423
case4,16,9700,5,0.331237
case4,16,9800,1,0.068469
case4,16,9800,2,0.137449
case4,16,9800,3,0.196224
case4,16,9800,4,0.267347
case4,16,9800,5,0.330510
case4,16,9900,1,0.068586
case4,16,9900,2,0.137677
case4,16,9900,3,0.196364
case4,16,9900,4,0.267273
case4,16,9900,5,0.330101
case4,16,10000,1,0.068500
case4,16,10000,2,0.137600
case4,16,10000,3,0.196000
case4,16,10000,4,0.267900
case4,16,10000,5,0.330000
case4,17,100,1,0.070000
case4,17,100,2,0.130000
case4,17,100,3,0.190000
case4,17,100,4,0.320000
case4,17,100,5,0.290000
case4,17,200,1,0.070000
case4,17,200,2,0.145000
case4,17,200,3,0.190000
case4,17,200,4,0.280000
case4,17,200,5,0.315000
case4,17,300,1,0.060000
case4,17,300,2,0.150000
case4,17,300,3,0.200000
case4,17,300,4,0.286667
case4,17,300,5,0.303333
case4,17,400,1,0.062500
case4,17,400,2,0.145000
case4,17,400,3,0.195000
case4,17,400,4,0.302500
case4,17,400,5,0.295000
case4,17,500,1,0.064000
case4,17,500,2,0.140000
case4,17,500,3,0.182000
case4,17,500,4,0.306000
case4,17,500,5,0.308000
case4,17,600,1,0.065000
case4,17,600,2,0.143333
case4,17,600,3,0.188333
case4,17,600,4,0.301667
case4,17,600,5,0.301667
case4,17,700,1,0.065714
case4,17,700,2,0.142857
case4,17,700,3,0.191429
case4,17,700,4,0.285714
case4,17,700,5,0.314286
case4,17,800,1,0.065000
case4,17,800,2,0.141250
case4,17,800,3,0.191250
case4,17,800,4,0.285000
case4,17,800,5,0.317500
case4,17,900,1,0.065556
case4,17,900,2,0.133333
case4,17,900,3,0.195556
case4,17,900,4,0.287778
case4,17,900,5,0.317778
case4,17,1000,1,0.066000
case4,17,1000,2,0.131000
case4,17,1000,3,0.196000
case4,17,1000,4,0.283000
case4,17,1000,5,0.324000
case4,17,1100,1,0.068182
case4,17,1100,2,0.132727
case4,17,1100,3,0.194545
case4,17,1100,4,0.285455
case4,17,1100,5,0.319091
case4,17,1200,1,0.066667
case4,17,1200,2,0.133333
case4,17,1200,3,0.196667
case4,17,1200,4,0.283333
case4,17,1200,5,0.320000
case4,17,1300,1,0.066154
case4,17,1300,2,0.136923
case4,17,1300,3,0.196923
case4,17,1300,4,0.283077
case4,17,1300,5,0.316923
case4,17,1400,1,0.066429
case4,17,1400,2,0.135000
case4,17,1400,3,0.200000
case4,17,1400,4,0.282143
case4,17,1400,5,0.316429
case4,17,1500,1,0.064000
case4,17,1500,2,0.132000
case4,17,1500,3,0.202000
case4,17,1500,4,0.282000
case4,17,1500,5,0.320000
case4,17,1600,1,0.066250
case4,17,1600,2,0.133125
case4,17,1600,3,0.199375
case4,17,1600,4,0.281875
case4,17,1600,5,0.319375
case4,17,1700,1,0.068824
case4,17,1700,2,0.131176
case4,17,1700,3,0.199412
case4,17,1700,4,0.277647
case4,17,1700,5,0.322941
case4,17,1800,1,0.068889
case4,17,1800,2,0.128889
case4,17,1800,3,0.201667
case4,17,1800,4,0.276667
case4,17,1800,5,0.323889
case4,17,1900,1,0.070000
case4,17,1900,2,0.128947
case4,17,1900,3,0.201053
case4,17,1900,4,0.277368
case4,17,1900,5,0.322632
case4,17,2000,1,0.068500
case4,17,2000,2,0.130000
case4,17,2000,3,0.203000
case4,17,2000,4,0.277500
case4,17,2000,5,0.321000
case4,17,2100,1,0.071429
case4,17,2100,2,0.130952
case4,17,2100,3,0.201429
case4,17,2100,4,0.278571
case4,17,2100,5,0.317619
case4,17,2200,1,0.071818
case4,17,2200,2,0.128182
case4,17,2200,3,0.202727
case4,17,2200,4,0.278636
case4,17,2200,5,0.318636
case4,17,2300,1,0.069565
case4,17,2300,2,0.130435
case4,17,2300,3,0.203478
case4,17,2300,4,0.277391
case4,17,2300,5,0.319130
case4,17,2400,1,0.068750
case4,17,2400,2,0.130417
case4,17,2400,3,0.204167
case4,17,2400,4,0.275000
case4,17,2400,5,0.321667
case4,17,2500,1,0.068800
case4,17,2500,2,0.130400
case4,17,2500,3,0.200000
case4,17,2500,4,0.275600
case4,17,2500,5,0.325200
case4,17,2600,1,0.069231
case4,17,2600,2,0.130769
case4,17,2600,3,0.198462
case4,17,2600,4,0.275385
case4,17,2600,5,0.326154
case4,17,2700,1,0.068148
case4,17,2700,2,0.133333
case4,17,2700,3,0.198519
case4,17,2700,4,0.275556
case4,17,2700,5,0.324444
case4,17,2800,1,0.067857
case4,17,2800,2,0.131071
case4,17,2800,3,0.197143
case4,17,2800,4,0.276786
case4,17,2800,5,0.327143
case4,17,2900,1,0.067241
case4,17,2900,2,0.132759
case4,17,2900,3,0.196207
case4,17,2900,4,0.275862
case4,17,2900,5,0.327931
case4,17,3000,1,0.067333
case4,17,3000,2,0.132333
case4,17,3000,3,0.195667
case4,17,3000,4,0.276333
case4,17,3000,5,0.328333
case4,17,3100,1,0.067419
case4,17,3100,2,0.130645
case4,17,3100,3,0.195161
case4,17,3100,4,0.276452
case4,17,3100,5,0.330323
case4,17,3200,1,0.067500
case4,17,3200,2,0.131250
case4,17,3200,3,0.194688
case4,17,3200,4,0.276250
case4,17,3200,5,0.330313
case4,17,3300,1,0.067576
case4,17,3300,2,0.132121
case4,17,3300,3,0.194848
case4,17,3300,4,0.274242
case4,17,3300,5,0.331212
case4,17,3400,1,0.067059
case4,17,3400,2,0.133235
case4,17,3400,3,0.195294
case4,17,3400,4,0.272647
case4,17,3400,5,0.331765
case4,17,3500,1,0.066571
case4,17,3500,2,0.133143
case4,17,3500,3,0.195143
case4,17,3500,4,0.272571
case4,17,3500,5,0.332571
case4,17,3600,1,0.066111
case4,17,3600,2,0.132500
case4,17,3600,3,0.195000
case4,17,3600,4,0.271111
case4,17,3600,5,0.335278
case4,17,3700,1,0.067027
case4,17,3700,2,0.134595
case4,17,3700,3,0.193784
case4,17,3700,4,0.270000
case4,17,3700,5,0.334595
case4,17,3800,1,0.066316
case4,17,3800,2,0.136053
case4,17,3800,3,0.194211
case4,17,3800,4,0.269737
case4,17,3800,5,0.333684
case4,17,3900,1,0.066154
case4,17,3900,2,0.135897
case4,17,3900,3,0.194615
case4,17,3900,4,0.268462
case4,17,3900,5,0.334872
case4,17,4000,1,0.065750
case4,17,4000,2,0.135250
case4,17,4000,3,0.194750
case4,17,4000,4,0.268000
case4,17,4000,5,0.336250
case4,17,4100,1,0.064878
case4,17,4100,2,0.135610
case4,17,4100,3,0.194146
case4,17,4100,4,0.270000
case4,17,4100,5,0.335366
case4,17,4200,1,0.065714
case4,17,4200,2,0.136190
case4,17,4200,3,0.194762
case4,17,4200,4,0.270476
case4,17,4200,5,0.332857
case4,17,4300,1,0.066744
case4,17,4300,2,0.134651
case4,17,4300,3,0.196047
case4,17,4300,4,0.268837
case4,17,4300,5,0.333721
case4,17,4400,1,0.066591
case4,17,4400,2,0.134318
case4,17,4400,3,0.195227
case4,17,4400,4,0.270909
case4,17,4400,5,0.332955
case4,17,4500,1,0.066889
case4,17,4500,2,0.134889
case4,17,4500,3,0.198222
case4,17,4500,4,0.268222
case4,17,4500,5,0.331778
case4,17,4600,1,0.066522
case4,17,4600,2,0.134565
case4,17,4600,3,0.198043
case4,17,4600,4,0.270217
case4,17,4600,5,0.330652
case4,17,4700,1,0.066383
case4,17,4700,2,0.135957
case4,17,4700,3,0.198085
case4,17,4700,4,0.268298
case4,17,4700,5,0.331277
case4,17,4800,1,0.067292
case4,17,4800,2,0.135208
case4,17,4800,3,0.198750
case4,17,4800,4,0.267917
case4,17,4800,5,0.330833
case4,17,4900,1,0.067755
case4,17,4900,2,0.134694
case4,17,4900,3,0.197347
case4,17,4900,4,0.269592
case4,17,4900,5,0.330612
case4,17,5000,1,0.067800
case4,17,5000,2,0.135600
case4,17,5000,3,0.197200
case4,17,5000,4,0.269400
case4,17,5000,5,0.330000
case4,17,5100,1,0.067255
case4,17,5100,2,0.135490
case4,17,5100,3,0.197255
case4,17,5100,4,0.270196
case4,17,5100,5,0.329804
case4,17,5200,1,0.066731
case4,17,5200,2,0.135385
case4,17,5200,3,0.198462
case4,17,5200,4,0.270385
case4,17,5200,5,0.329038
case4,17,5300,1,0.066981
case4,17,5300,2,0.135472
case4,17,5300,3,0.198491
case4,17,5300,4,0.270000
case4,17,5300,5,0.329057
case4,17,5400,1,0.067407
case4,17,5400,2,0.134259
case4,17,5400,3,0.198519
case4,17,5400,4,0.270556
case4,17,5400,5,0.329259
case4,17,5500,1,0.067273
case4,17,5500,2,0.133273
case4,17,5500,3,0.197455
case4,17,5500,4,0.272000
case4,17,5500,5,0.330000
case4,17,5600,1,0.067143
case4,17,5600,2,0.133393
case4,17,5600,3,0.196607
case4,17,5600,4,0.272143
case4,17,5600,5,0.330714
case4,17,5700,1,0.066316
case4,17,5700,2,0.133333
case4,17,5700,3,0.197544
case4,17,5700,4,0.271228
case4,17,5700,5,0.331579
case4,17,5800,1,0.066034
case4,17,5800,2,0.133276
case4,17,5800,3,0.197414
case4,17,5800,4,0.270862
case4,17,5800,5,0.332414
case4,17,5900,1,0.066949
case4,17,5900,2,0.132542
case4,17,5900,3,0.196441
case4,17,5900,4,0.271695
case4,17,5900,5,0.332373
case4,17,6000,1,0.066500
case4,17,6000,2,0.132000
case4,17,6000,3,0.196500
case4,17,6000,4,0.273167
case4,17,6000,5,0.331833
case4,17,6100,1,0.067213
case4,17,6100,2,0.132295
case4,17,6100,3,0.195410
case4,17,6100,4,0.272623
case4,17,6100,5,0.332459
case4,17,6200,1,0.067097
case4,17,6200,2,0.132097
case4,17,6200,3,0.195484
case4,17,6200,4,0.272581
case4,17,6200,5,0.332742
case4,17,6300,1,0.066825
case4,17,6300,2,0.132540
case4,17,6300,3,0.196349
case4,17,6300,4,0.272698
case4,17,6300,5,0.331587
case4,17,6400,1,0.067031
case4,17,6400,2,0.132500
case4,17,6400,3,0.196250
case4,17,6400,4,0.272031
case4,17,6400,5,0.332188
case4,17,6500,1,0.067231
case4,17,6500,2,0.133385
case4,17,6500,3,0.195692
case4,17,6500,4,0.271692
case4,17,6500,5,0.332000
case4,17,6600,1,0.066970
case4,17,6600,2,0.133939
case4,17,6600,3,0.195909
case4,17,6600,4,0.271061
case4,17,6600,5,0.332121
case4,17,6700,1,0.066567
case4,17,6700,2,0.134328
case4,17,6700,3,0.196567
case4,17,6700,4,0.270597
case4,17,6700,5,0.331940
case4,17,6800,1,0.066471
case4,17,6800,2,0.134265
case4,17,6800,3,0.196618
case4,17,6800,4,0.270735
case4,17,6800,5,0.331912
case4,17,6900,1,0.066377
case4,17,6900,2,0.134493
case4,17,6900,3,0.197101
case4,17,6900,4,0.270000
case4,17,6900,5,0.332029
case4,17,7000,1,0.066286
case4,17,7000,2,0.134429
case4,17,7000,3,0.197429
case4,17,7000,4,0.270286
case4,17,7000,5,0.331571
case4,17,7100,1,0.066338
case4,17,7100,2,0.134085
case4,17,7100,3,0.197465
case4,17,7100,4,0.270141
case4,17,7100,5,0.331972
case4,17,7200,1,0.066111
case4,17,7200,2,0.134028
case4,17,7200,3,0.197083
case4,17,7200,4,0.270833
case4,17,7200,5,0.331944
case4,17,7300,1,0.066986
case4,17,7300,2,0.133562
case4,17,7300,3,0.197397
case4,17,7300,4,0.269178
case4,17,7300,5,0.332877
case4,17,7400,1,0.066892
case4,17,7400,2,0.133784
case4,17,7400,3,0.197432
case4,17,7400,4,0.268514
case4,17,7400,5,0.333378
case4,17,7500,1,0.066933
case4,17,7500,2,0.134400
case4,17,7500,3,0.197333
case4,17,7500,4,0.267733
case4,17,7500,5,0.333600
case4,17,7600,1,0.066974
case4,17,7600,2,0.133816
case4,17,7600,3,0.197895
case4,17,7600,4,0.268421
case4,17,7600,5,0.332895
case4,17,7700,1,0.067013
case4,17,7700,2,0.133636
case4,17,7700,3,0.198571
case4,17,7700,4,0.267922
case4,17,7700,5,0.332857
case4,17,7800,1,0.067051
case4,17,7800,2,0.133462
case4,17,7800,3,0.199231
case4,17,7800,4,0.268590
case4,17,7800,5,0.331667
case4,17,7900,1,0.067975
case4,17,7900,2,0.133797
case4,17,7900,3,0.198987
case4,17,7900,4,0.268481
case4,17,7900,5,0.330759
case4,17,8000,1,0.068000
case4,17,8000,2,0.133625
case4,17,8000,3,0.199250
case4,17,8000,4,0.268625
case4,17,8000,5,0.330500
case4,17,8100,1,0.068025
case4,17,8100,2,0.133827
case4,17,8100,3,0.198148
case4,17,8100,4,0.268519
case4,17,8100,5,0.331481
case4,17,8200,1,0.068293
case4,17,8200,2,0.133415
case4,17,8200,3,0.198049
case4,17,8200,4,0.268171
case4,17,8200,5,0.332073
case4,17,8300,1,0.068434
case4,17,8300,2,0.133855
case4,17,8300,3,0.197952
case4,17,8300,4,0.267590
case4,17,8300,5,0.332169
case4,17,8400,1,0.068571
case4,17,8400,2,0.133690
case4,17,8400,3,0.197619
case4,17,8400,4,0.267262
case4,17,8400,5,0.332857
case4,17,8500,1,0.068588
case4,17,8500,2,0.134588
case4,17,8500,3,0.198000
case4,17,8500,4,0.266824
case4,17,8500,5,0.332000
case4,17,8600,1,0.068605
case4,17,8600,2,0.134419
case4,17,8600,3,0.197907
case4,17,8600,4,0.267209
case4,17,8600,5,0.331860
case4,17,8700,1,0.068621
case4,17,8700,2,0.135172
case4,17,8700,3,0.197471
case4,17,8700,4,0.266092
case4,17,8700,5,0.332644
case4,17,8800,1,0.068182
case4,17,8800,2,0.134432
case4,17,8800,3,0.198409
case4,17,8800,4,0.265682
case4,17,8800,5,0.333295
case4,17,8900,1,0.068202
case4,17,8900,2,0.134382
case4,17,8900,3,0.199326
case4,17,8900,4,0.265730
case4,17,8900,5,0.332360
case4,17,9000,1,0.068111
case4,17,9000,2,0.134444
case4,17,9000,3,0.199333
case4,17,9000,4,0.266000
case4,17,9000,5,0.332111
case4,17,9100,1,0.068352
case4,17,9100,2,0.134725
case4,17,9100,3,0.199341
case4,17,9100,4,0.266154
case4,17,9100,5,0.331429
case4,17,9200,1,0.068261
case4,17,9200,2,0.135109
case4,17,9200,3,0.199239
case4,17,9200,4,0.266196
case4,17,9200,5,0.331196
case4,17,9300,1,0.068602
case4,17,9300,2,0.135376
case4,17,9300,3,0.199462
case4,17,9300,4,0.266022
case4,17,9300,5,0.330538
case4,17,9400,1,0.068936
case4,17,9400,2,0.135851
case4,17,9400,3,0.199787
case4,17,9400,4,0.265638
case4,17,9400,5,0.329787
case4,17,9500,1,0.068842
case4,17,9500,2,0.136211
case4,17,9500,3,0.199053
case4,17,9500,4,0.266000
case4,17,9500,5,0.329895
case4,17,9600,1,0.068437
case4,17,9600,2,0.135729
case4,17,9600,3,0.199167
case4,17,9600,4,0.266354
case4,17,9600,5,0.330313
case4,17,9700,1,0.068454
case4,17,9700,2,0.135876
case4,17,9700,3,0.199381
case4,17,9700,4,0.265670
case4,17,9700,5,0.330619
case4,17,9800,1,0.068469
case4,17,9800,2,0.135918
case4,17,9800,3,0.199082
case4,17,9800,4,0.266122
case4,17,9800,5,0.330408
case4,17,9900,1,0.068586
case4,17,9900,2,0.135556
case4,17,9900,3,0.199899
case4,17,9900,4,0.265960
case4,17,9900,5,0.330000
case4,17,10000,1,0.068300
case4,17,10000,2,0.135800
case4,17,10000,3,0.199800
case4,17,10000,4,0.265800
case4,17,10000,5,0.330300
case4,18,100,1,0.070000
case4,18,100,2,0.110000
case4,18,100,3,0.280000
case4,18,100,4,0.250000
case4,18,100,5,0.290000
case4,18,200,1,0.060000
case4,18,200,2,0.120000
case4,18,200,3,0.225000
case4,18,200,4,0.270000
case4,18,200,5,0.325000
case4,18,300,1,0.073333
case4,18,300,2,0.126667
case4,18,300,3,0.196667
case4,18,300,4,0.280000
case4,18,300,5,0.323333
case4,18,400,1,0.065000
case4,18,400,2,0.115000
case4,18,400,3,0.190000
case4,18,400,4,0.285000
case4,18,400,5,0.345000
case4,18,500,1,0.066000
case4,18,500,2,0.108000
case4,18,500,3,0.202000
case4,18,500,4,0.286000
case4,18,500,5,0.338000
case4,18,600,1,0.071667
case4,18,600,2,0.116667
case4,18,600,3,0.201667
case4,18,600,4,0.285000
case4,18,600,5,0.325000
case4,18,700,1,0.067143
case4,18,700,2,0.118571
case4,18,700,3,0.201429
case4,18,700,4,0.277143
case4,18,700,5,0.335714
case4,18,800,1,0.068750
case4,18,800,2,0.123750
case4,18,800,3,0.196250
case4,18,800,4,0.276250
case4,18,800,5,0.335000
case4,18,900,1,0.065556
case4,18,900,2,0.127778
case4,18,900,3,0.205556
case4,18,900,4,0.272222
case4,18,900,5,0.328889
case4,18,1000,1,0.067000
case4,18,1000,2,0.128000
case4,18,1000,3,0.206000
case4,18,1000,4,0.272000
case4,18,1000,5,0.327000
case4,18,1100,1,0.064545
case4,18,1100,2,0.130000
case4,18,1100,3,0.203636
case4,18,1100,4,0.268182
case4,18,1100,5,0.333636
case4,18,1200,1,0.062500
case4,18,1200,2,0.131667
case4,18,1200,3,0.204167
case4,18,1200,4,0.267500
case4,18,1200,5,0.334167
case4,18,1300,1,0.066923
case4,18,1300,2,0.126154
case4,18,1300,3,0.203077
case4,18,1300,4,0.267692
case4,18,1300,5,0.336154
case4,18,1400,1,0.068571
case4,18,1400,2,0.126429
case4,18,1400,3,0.202143
case4,18,1400,4,0.265000
case4,18,1400,5,0.337857
case4,18,1500,1,0.069333
case4,18,1500,2,0.124667
case4,18,1500,3,0.205333
case4,18,1500,4,0.264000
case4,18,1500,5,0.336667
case4,18,1600,1,0.072500
case4,18,1600,2,0.121250
case4,18,1600,3,0.203750
case4,18,1600,4,0.264375
case4,18,1600,5,0.338125
case4,18,1700,1,0.070588
case4,18,1700,2,0.121765
case4,18,1700,3,0.203529
case4,18,1700,4,0.265882
case4,18,1700,5,0.338235
case4,18,1800,1,0.071667
case4,18,1800,2,0.122222
case4,18,1800,3,0.203889
case4,18,1800,4,0.266111
case4,18,1800,5,0.336111
case4,18,1900,1,0.068421
case4,18,1900,2,0.124211
case4,18,1900,3,0.204211
case4,18,1900,4,0.266842
case4,18,1900,5,0.336316
case4,18,2000,1,0.069000
case4,18,2000,2,0.123000
case4,18,2000,3,0.201000
case4,18,2000,4,0.269500
case4,18,2000,5,0.337500
case4,18,2100,1,0.066667
case4,18,2100,2,0.123810
case4,18,2100,3,0.199048
case4,18,2100,4,0.275238
case4,18,2100,5,0.335238
case4,18,2200,1,0.066364
case4,18,2200,2,0.124545
case4,18,2200,3,0.200455
case4,18,2200,4,0.274545
case4,18,2200,5,0.334091
case4,18,2300,1,0.066087
case4,18,2300,2,0.125652
case4,18,2300,3,0.200435
case4,18,2300,4,0.270870
case4,18,2300,5,0.336957
case4,18,2400,1,0.065417
case4,18,2400,2,0.128750
case4,18,2400,3,0.201250
case4,18,2400,4,0.270833
case4,18,2400,5,0.333750
case4,18,2500,1,0.064800
case4,18,2500,2,0.130400
case4,18,2500,3,0.198400
case4,18,2500,4,0.272000
case4,18,2500,5,0.334400
case4,18,2600,1,0.065769
case4,18,2600,2,0.130000
case4,18,2600,3,0.198462
case4,18,2600,4,0.274231
case4,18,2600,5,0.331538
case4,18,2700,1,0.064815
case4,18,2700,2,0.130000
case4,18,2700,3,0.200000
case4,18,2700,4,0.272222
case4,18,2700,5,0.332963
case4,18,2800,1,0.064643
case4,18,2800,2,0.130714
case4,18,2800,3,0.200714
case4,18,2800,4,0.271429
case4,18,2800,5,0.332500
case4,18,2900,1,0.064138
case4,18,2900,2,0.128966
case4,18,2900,3,0.202069
case4,18,2900,4,0.269655
case4,18,2900,5,0.335172
case4,18,3000,1,0.063667
case4,18,3000,2,0.132333
case4,18,3000,3,0.201667
case4,18,3000,4,0.267000
case4,18,3000,5,0.335333
case4,18,3100,1,0.064516
case4,18,3100,2,0.132903
case4,18,3100,3,0.200968
case4,18,3100,4,0.267742
case4,18,3100,5,0.333871
case4,18,3200,1,0.065625
case4,18,3200,2,0.131875
case4,18,3200,3,0.199375
case4,18,3200,4,0.265313
case4,18,3200,5,0.337813
case4,18,3300,1,0.066061
case4,18,3300,2,0.130606
case4,18,3300,3,0.200606
case4,18,3300,4,0.265758
case4,18,3300,5,0.336970
case4,18,3400,1,0.067353
case4,18,3400,2,0.131765
case4,18,3400,3,0.202059
case4,18,3400,4,0.264118
case4,18,3400,5,0.334706
case4,18,3500,1,0.066571
case4,18,3500,2,0.132000
case4,18,3500,3,0.203429
case4,18,3500,4,0.262571
case4,18,3500,5,0.335429
case4,18,3600,1,0.067500
case4,18,3600,2,0.132500
case4,18,3600,3,0.203889
case4,18,3600,4,0.260278
case4,18,3600,5,0.335833
case4,18,3700,1,0.067838
case4,18,3700,2,0.131081
case4,18,3700,3,0.203514
case4,18,3700,4,0.260541
case4,18,3700,5,0.337027
case4,18,3800,1,0.067895
case4,18,3800,2,0.129474
case4,18,3800,3,0.205526
case4,18,3800,4,0.260000
case4,18,3800,5,0.337105
case4,18,3900,1,0.068462
case4,18,3900,2,0.130256
case4,18,3900,3,0.204872
case4,18,3900,4,0.259744
case4,18,3900,5,0.336667
case4,18,4000,1,0.068500
case4,18,4000,2,0.130500
case4,18,4000,3,0.204250
case4,18,4000,4,0.261250
case4,18,4000,5,0.335500
case4,18,4100,1,0.067073
case4,18,4100,2,0.130976
case4,18,4100,3,0.203659
case4,18,4100,4,0.262439
case4,18,4100,5,0.335854
case4,18,4200,1,0.066905
case4,18,4200,2,0.130952
case4,18,4200,3,0.204048
case4,18,4200,4,0.261429
case4,18,4200,5,0.336667
case4,18,4300,1,0.067674
case4,18,4300,2,0.130698
case4,18,4300,3,0.203953
case4,18,4300,4,0.261163
case4,18,4300,5,0.336512
case4,18,4400,1,0.068182
case4,18,4400,2,0.130455
case4,18,4400,3,0.203409
case4,18,4400,4,0.260000
case4,18,4400,5,0.337955
case4,18,4500,1,0.067333
case4,18,4500,2,0.130667
case4,18,4500,3,0.203333
case4,18,4500,4,0.260222
case4,18,4500,5,0.338444
case4,18,4600,1,0.067174
case4,18,4600,2,0.131522
case4,18,4600,3,0.202826
case4,18,4600,4,0.261087
case4,18,4600,5,0.337391
case4,18,4700,1,0.066809
case4,18,4700,2,0.131702
case4,18,4700,3,0.203404
case4,18,4700,4,0.262128
case4,18,4700,5,0.335957
case4,18,4800,1,0.067500
case4,18,4800,2,0.132292
case4,18,4800,3,0.202708
case4,18,4800,4,0.262292
case4,18,4800,5,0.335208
case4,18,4900,1,0.066939
case4,18,4900,2,0.132245
case4,18,4900,3,0.202449
case4,18,4900,4,0.263061
case4,18,4900,5,0.335306
case4,18,5000,1,0.066600
case4,18,5000,2,0.132600
case4,18,5000,3,0.202600
case4,18,5000,4,0.262400
case4,18,5000,5,0.335800
case4,18,5100,1,0.066078
case4,18,5100,2,0.132549
case4,18,5100,3,0.203137
case4,18,5100,4,0.261569
case4,18,5100,5,0.336667
case4,18,5200,1,0.066154
case4,18,5200,2,0.133846
case4,18,5200,3,0.202500
case4,18,5200,4,0.260769
case4,18,5200,5,0.336731
case4,18,5300,1,0.066038
case4,18,5300,2,0.134340
case4,18,5300,3,0.203396
case4,18,5300,4,0.261698
case4,18,5300,5,0.334528
case4,18,5400,1,0.065556
case4,18,5400,2,0.134815
case4,18,5400,3,0.202963
case4,18,5400,4,0.263148
case4,18,5400,5,0.333519
case4,18,5500,1,0.065636
case4,18,5500,2,0.134364
case4,18,5500,3,0.201818
case4,18,5500,4,0.263636
case4,18,5500,5,0.334545
case4,18,5600,1,0.065357
case4,18,5600,2,0.135000
case4,18,5600,3,0.201964
case4,18,5600,4,0.263750
case4,18,5600,5,0.333929
case4,18,5700,1,0.065263
case4,18,5700,2,0.135263
case4,18,5700,3,0.202807
case4,18,5700,4,0.263509
case4,18,5700,5,0.333158
case4,18,5800,1,0.066034
case4,18,5800,2,0.134655
case4,18,5800,3,0.202414
case4,18,5800,4,0.262931
case4,18,5800,5,0.333966
case4,18,5900,1,0.065254
case4,18,5900,2,0.133898
case4,18,5900,3,0.202203
case4,18,5900,4,0.262712
case4,18,5900,5,0.335932
case4,18,6000,1,0.065500
case4,18,6000,2,0.134000
case4,18,6000,3,0.203000
case4,18,6000,4,0.262500
case4,18,6000,5,0.335000
case4,18,6100,1,0.066066
case4,18,6100,2,0.133607
case4,18,6100,3,0.202787
case4,18,6100,4,0.263279
case4,18,6100,5,0.334262
case4,18,6200,1,0.067419
case4,18,6200,2,0.133226
case4,18,6200,3,0.203226
case4,18,6200,4,0.261613
case4,18,6200,5,0.334516
case4,18,6300,1,0.067302
case4,18,6300,2,0.133175
case4,18,6300,3,0.203016
case4,18,6300,4,0.261587
case4,18,6300,5,0.334921
case4,18,6400,1,0.067656
case4,18,6400,2,0.133281
case4,18,6400,3,0.202344
case4,18,6400,4,0.261719
case4,18,6400,5,0.335000
case4,18,6500,1,0.067846
case4,18,6500,2,0.132769
case4,18,6500,3,0.202462
case4,18,6500,4,0.261385
case4,18,6500,5,0.335538
case4,18,6600,1,0.067576
case4,18,6600,2,0.132879
case4,18,6600,3,0.202273
case4,18,6600,4,0.262576
case4,18,6600,5,0.334697
case4,18,6700,1,0.068657
case4,18,6700,2,0.133433
case4,18,6700,3,0.201493
case4,18,6700,4,0.262537
case4,18,6700,5,0.333881
case4,18,6800,1,0.068235
case4,18,6800,2,0.133235
case4,18,6800,3,0.202353
case4,18,6800,4,0.261765
case4,18,6800,5,0.334412
case4,18,6900,1,0.067826
case4,18,6900,2,0.133623
case4,18,6900,3,0.202174
case4,18,6900,4,0.262319
case4,18,6900,5,0.334058
case4,18,7000,1,0.067857
case4,18,7000,2,0.132857
case4,18,7000,3,0.202143
case4,18,7000,4,0.263429
case4,18,7000,5,0.333714
case4,18,7100,1,0.067606
case4,18,7100,2,0.133803
case4,18,7100,3,0.202254
case4,18,7100,4,0.262254
case4,18,7100,5,0.334085
case4,18,7200,1,0.067361
case4,18,7200,2,0.134028
case4,18,7200,3,0.202222
case4,18,7200,4,0.261667
case4,18,7200,5,0.334722
case4,18,7300,1,0.067123
case4,18,7300,2,0.133562
case4,18,7300,3,0.203562
case4,18,7300,4,0.261644
case4,18,7300,5,0.334110
case4,18,7400,1,0.067027
case4,18,7400,2,0.133243
case4,18,7400,3,0.203378
case4,18,7400,4,0.261757
case4,18,7400,5,0.334595
case4,18,7500,1,0.066800
case4,18,7500,2,0.132667
case4,18,7500,3,0.203867
case4,18,7500,4,0.262000
case4,18,7500,5,0.334667
case4,18,7600,1,0.066579
case4,18,7600,2,0.133026
case4,18,7600,3,0.204342
case4,18,7600,4,0.261974
case4,18,7600,5,0.334079
case4,18,7700,1,0.066364
case4,18,7700,2,0.132987
case4,18,7700,3,0.204935
case4,18,7700,4,0.262208
case4,18,7700,5,0.333506
case4,18,7800,1,0.066538
case4,18,7800,2,0.132564
case4,18,7800,3,0.204487
case4,18,7800,4,0.263333
case4,18,7800,5,0.333077
case4,18,7900,1,0.066835
case4,18,7900,2,0.132278
case4,18,7900,3,0.204557
case4,18,7900,4,0.263418
case4,18,7900,5,0.332911
case4,18,8000,1,0.066625
case4,18,8000,2,0.131375
case4,18,8000,3,0.203625
case4,18,8000,4,0.264375
case4,18,8000,5,0.334000
case4,18,8100,1,0.066543
case4,18,8100,2,0.131481
case4,18,8100,3,0.204444
case4,18,8100,4,0.263951
case4,18,8100,5,0.333580
case4,18,8200,1,0.066463
case4,18,8200,2,0.131341
case4,18,8200,3,0.204634
case4,18,8200,4,0.264390
case4,18,8200,5,0.333171
case4,18,8300,1,0.066386
case4,18,8300,2,0.130843
case4,18,8300,3,0.205301
case4,18,8300,4,0.264217
case4,18,8300,5,0.333253
case4,18,8400,1,0.066310
case4,18,8400,2,0.130595
case4,18,8400,3,0.205000
case4,18,8400,4,0.264643
case4,18,8400,5,0.333452
case4,18,8500,1,0.066235
case4,18,8500,2,0.130471
case4,18,8500,3,0.205176
case4,18,8500,4,0.264353
case4,18,8500,5,0.333765
case4,18,8600,1,0.065930
case4,18,8600,2,0.130581
case4,18,8600,3,0.204767
case4,18,8600,4,0.265000
case4,18,8600,5,0.333721
case4,18,8700,1,0.065977
case4,18,8700,2,0.130690
case4,18,8700,3,0.204713
case4,18,8700,4,0.265517
case4,18,8700,5,0.333103
case4,18,8800,1,0.066250
case4,18,8800,2,0.131250
case4,18,8800,3,0.205000
case4,18,8800,4,0.265341
case4,18,8800,5,0.332159
case4,18,8900,1,0.066292
case4,18,8900,2,0.131348
case4,18,8900,3,0.204607
case4,18,8900,4,0.264831
case4,18,8900,5,0.332921
case4,18,9000,1,0.066333
case4,18,9000,2,0.131667
case4,18,9000,3,0.204222
case4,18,9000,4,0.265333
case4,18,9000,5,0.332444
case4,18,9100,1,0.066813
case4,18,9100,2,0.131429
case4,18,9100,3,0.204176
case4,18,9100,4,0.264725
case4,18,9100,5,0.332857
case4,18,9200,1,0.066957
case4,18,9200,2,0.131304
case4,18,9200,3,0.204565
case4,18,9200,4,0.265000
case4,18,9200,5,0.332174
case4,18,9300,1,0.066774
case4,18,9300,2,0.131290
case4,18,9300,3,0.205054
case4,18,9300,4,0.264409
case4,18,9300,5,0.332473
case4,18,9400,1,0.066809
case4,18,9400,2,0.130851
case4,18,9400,3,0.205213
case4,18,9400,4,0.264468
case4,18,9400,5,0.332660
case4,18,9500,1,0.067053
case4,18,9500,2,0.130737
case4,18,9500,3,0.205684
case4,18,9500,4,0.263789
case4,18,9500,5,0.332737
case4,18,9600,1,0.067187
case4,18,9600,2,0.131146
case4,18,9600,3,0.205313
case4,18,9600,4,0.262813
case4,18,9600,5,0.333542
case4,18,9700,1,0.067216
case4,18,9700,2,0.131340
case4,18,9700,3,0.205155
case4,18,9700,4,0.262577
case4,18,9700,5,0.333711
case4,18,9800,1,0.067653
case4,18,9800,2,0.131429
case4,18,9800,3,0.205000
case4,18,9800,4,0.262449
case4,18,9800,5,0.333469
case4,18,9900,1,0.067778
case4,18,9900,2,0.131111
case4,18,9900,3,0.205758
case4,18,9900,4,0.262626
case4,18,9900,5,0.332727
case4,18,10000,1,0.067900
case4,18,10000,2,0.131600
case4,18,10000,3,0.205600
case4,18,10000,4,0.262100
case4,18,10000,5,0.332800
case4,19,100,1,0.040000
case4,19,100,2,0.150000
case4,19,100,3,0.210000
case4,19,100,4,0.310000
case4,19,100,5,0.290000
case4,19,200,1,0.040000
case4,19,200,2,0.140000
case4,19,200,3,0.195000
case4,19,200,4,0.290000
case4,19,200,5,0.335000
case4,19,300,1,0.063333
case4,19,300,2,0.136667
case4,19,300,3,0.180000
case4,19,300,4,0.296667
case4,19,300,5,0.323333
case4,19,400,1,0.062500
case4,19,400,2,0.142500
case4,19,400,3,0.190000
case4,19,400,4,0.292500
case4,19,400,5,0.312500
case4,19,500,1,0.064000
case4,19,500,2,0.130000
case4,19,500,3,0.194000
case4,19,500,4,0.288000
case4,19,500,5,0.324000
case4,19,600,1,0.061667
case4,19,600,2,0.131667
case4,19,600,3,0.198333
case4,19,600,4,0.293333
case4,19,600,5,0.315000
case4,19,700,1,0.061429
case4,19,700,2,0.132857
case4,19,700,3,0.194286
case4,19,700,4,0.298571
case4,19,700,5,0.312857
case4,19,800,1,0.061250
case4,19,800,2,0.128750
case4,19,800,3,0.193750
case4,19,800,4,0.293750
case4,19,800,5,0.322500
case4,19,900,1,0.057778
case4,19,900,2,0.128889
case4,19,900,3,0.194444
case4,19,900,4,0.288889
case4,19,900,5,0.330000
case4,19,1000,1,0.059000
case4,19,1000,2,0.134000
case4,19,1000,3,0.199000
case4,19,1000,4,0.288000
case4,19,1000,5,0.320000
case4,19,1100,1,0.059091
case4,19,1100,2,0.130000
case4,19,1100,3,0.203636
case4,19,1100,4,0.290000
case4,19,1100,5,0.317273
case4,19,1200,1,0.059167
case4,19,1200,2,0.130000
case4,19,1200,3,0.200833
case4,19,1200,4,0.286667
case4,19,1200,5,0.323333
case4,19,1300,1,0.061538
case4,19,1300,2,0.128462
case4,19,1300,3,0.197692
case4,19,1300,4,0.288462
case4,19,1300,5,0.323846
case4,19,1400,1,0.060714
case4,19,1400,2,0.128571
case4,19,1400,3,0.200000
case4,19,1400,4,0.283571
case4,19,1400,5,0.327143
case4,19,1500,1,0.060667
case4,19,1500,2,0.124000
case4,19,1500,3,0.202000
case4,19,1500,4,0.283333
case4,19,1500,5,0.330000
case4,19,1600,1,0.063750
case4,19,1600,2,0.128750
case4,19,1600,3,0.200000
case4,19,1600,4,0.281250
case4,19,1600,5,0.326250
case4,19,1700,1,0.064118
case4,19,1700,2,0.129412
case4,19,1700,3,0.200000
case4,19,1700,4,0.284706
case4,19,1700,5,0.321765
case4,19,1800,1,0.065556
case4,19,1800,2,0.133333
case4,19,1800,3,0.195000
case4,19,1800,4,0.281667
case4,19,1800,5,0.324444
case4,19,1900,1,0.066842
case4,19,1900,2,0.132632
case4,19,1900,3,0.193684
case4,19,1900,4,0.281579
case4,19,1900,5,0.325263
case4,19,2000,1,0.067000
case4,19,2000,2,0.135000
case4,19,2000,3,0.192000
case4,19,2000,4,0.280500
case4,19,2000,5,0.325500
case4,19,2100,1,0.067619
case4,19,2100,2,0.137619
case4,19,2100,3,0.191429
case4,19,2100,4,0.275238
case4,19,2100,5,0.328095
case4,19,2200,1,0.066818
case4,19,2200,2,0.138636
case4,19,2200,3,0.193636
case4,19,2200,4,0.273182
case4,19,2200,5,0.327727
case4,19,2300,1,0.066957
case4,19,2300,2,0.139130
case4,19,2300,3,0.192609
case4,19,2300,4,0.272609
case4,19,2300,5,0.328696
case4,19,2400,1,0.066667
case4,19,2400,2,0.137500
case4,19,2400,3,0.195000
case4,19,2400,4,0.270833
case4,19,2400,5,0.330000
case4,19,2500,1,0.064400
case4,19,2500,2,0.137600
case4,19,2500,3,0.196000
case4,19,2500,4,0.271200
case4,19,2500,5,0.330800
case4,19,2600,1,0.065385
case4,19,2600,2,0.136154
case4,19,2600,3,0.195385
case4,19,2600,4,0.273077
case4,19,2600,5,0.330000
case4,19,2700,1,0.063333
case4,19,2700,2,0.135926
case4,19,2700,3,0.197407
case4,19,2700,4,0.272593
case4,19,2700,5,0.330741
case4,19,2800,1,0.063214
case4,19,2800,2,0.136786
case4,19,2800,3,0.196786
case4,19,2800,4,0.273929
case4,19,2800,5,0.329286
case4,19,2900,1,0.064138
case4,19,2900,2,0.137241
case4,19,2900,3,0.198621
case4,19,2900,4,0.274138
case4,19,2900,5,0.325862
case4,19,3000,1,0.064667
case4,19,3000,2,0.137667
case4,19,3000,3,0.200667
case4,19,3000,4,0.275000
case4,19,3000,5,0.322000
case4,19,3100,1,0.065161
case4,19,3100,2,0.137419
case4,19,3100,3,0.202258
case4,19,3100,4,0.275806
case4,19,3100,5,0.319355
case4,19,3200,1,0.066562
case4,19,3200,2,0.136875
case4,19,3200,3,0.201563
case4,19,3200,4,0.275625
case4,19,3200,5,0.319375
case4,19,3300,1,0.066364
case4,19,3300,2,0.137576
case4,19,3300,3,0.203333
case4,19,3300,4,0.273030
case4,19,3300,5,0.319697
case4,19,3400,1,0.065588
case4,19,3400,2,0.136765
case4,19,3400,3,0.202059
case4,19,3400,4,0.273824
case4,19,3400,5,0.321765
case4,19,3500,1,0.065714
case4,19,3500,2,0.135429
case4,19,3500,3,0.201714
case4,19,3500,4,0.273714
case4,19,3500,5,0.323429
case4,19,3600,1,0.066389
case4,19,3600,2,0.135833
case4,19,3600,3,0.201389
case4,19,3600,4,0.273333
case4,19,3600,5,0.323056
case4,19,3700,1,0.065676
case4,19,3700,2,0.134865
case4,19,3700,3,0.204324
case4,19,3700,4,0.272162
case4,19,3700,5,0.322973
case4,19,3800,1,0.065263
case4,19,3800,2,0.135000
case4,19,3800,3,0.204737
case4,19,3800,4,0.272105
case4,19,3800,5,0.322895
case4,19,3900,1,0.064615
case4,19,3900,2,0.133846
case4,19,3900,3,0.205128
case4,19,3900,4,0.271795
case4,19,3900,5,0.324615
case4,19,4000,1,0.065000
case4,19,4000,2,0.133750
case4,19,4000,3,0.204750
case4,19,4000,4,0.271500
case4,19,4000,5,0.325000
case4,19,4100,1,0.065366
case4,19,4100,2,0.133902
case4,19,4100,3,0.206829
case4,19,4100,4,0.270000
case4,19,4100,5,0.323902
case4,19,4200,1,0.065952
case4,19,4200,2,0.133571
case4,19,4200,3,0.207619
case4,19,4200,4,0.268571
case4,19,4200,5,0.324286
case4,19,4300,1,0.066047
case4,19,4300,2,0.134651
case4,19,4300,3,0.206977
case4,19,4300,4,0.269302
case4,19,4300,5,0.323023
case4,19,4400,1,0.065455
case4,19,4400,2,0.134091
case4,19,4400,3,0.207045
case4,19,4400,4,0.269545
case4,19,4400,5,0.323864
case4,19,4500,1,0.065333
case4,19,4500,2,0.133778
case4,19,4500,3,0.208000
case4,19,4500,4,0.268444
case4,19,4500,5,0.324444
case4,19,4600,1,0.064565
case4,19,4600,2,0.134783
case4,19,4600,3,0.206957
case4,19,4600,4,0.268696
case4,19,4600,5,0.325000
case4,19,4700,1,0.064681
case4,19,4700,2,0.135106
case4,19,4700,3,0.208085
case4,19,4700,4,0.267660
case4,19,4700,5,0.324468
case4,19,4800,1,0.064167
case4,19,4800,2,0.136250
case4,19,4800,3,0.206458
case4,19,4800,4,0.268125
case4,19,4800,5,0.325000
case4,19,4900,1,0.063878
case4,19,4900,2,0.136327
case4,19,4900,3,0.207347
case4,19,4900,4,0.267959
case4,19,4900,5,0.324490
case4,19,5000,1,0.063600
case4,19,5000,2,0.134200
case4,19,5000,3,0.207400
case4,19,5000,4,0.269600
case4,19,5000,5,0.325200
case4,19,5100,1,0.063529
case4,19,5100,2,0.133137
case4,19,5100,3,0.207451
case4,19,5100,4,0.270784
case4,19,5100,5,0.325098
case4,19,5200,1,0.063654
case4,19,5200,2,0.132885
case4,19,5200,3,0.207500
case4,19,5200,4,0.270962
case4,19,5200,5,0.325000
case4,19,5300,1,0.062642
case4,19,5300,2,0.132642
case4,19,5300,3,0.207736
case4,19,5300,4,0.271887
case4,19,5300,5,0.325094
case4,19,5400,1,0.062593
case4,19,5400,2,0.132037
case4,19,5400,3,0.207963
case4,19,5400,4,0.272407
case4,19,5400,5,0.325000
case4,19,5500,1,0.062909
case4,19,5500,2,0.131455
case4,19,5500,3,0.207455
case4,19,5500,4,0.273455
case4,19,5500,5,0.324727
case4,19,5600,1,0.061964
case4,19,5600,2,0.130893
case4,19,5600,3,0.207857
case4,19,5600,4,0.274286
case4,19,5600,5,0.325000
case4,19,5700,1,0.062456
case4,19,5700,2,0.131228
case4,19,5700,3,0.207895
case4,19,5700,4,0.273158
case4,19,5700,5,0.325263
case4,19,5800,1,0.061724
case4,19,5800,2,0.130517
case4,19,5800,3,0.208276
case4,19,5800,4,0.273103
case4,19,5800,5,0.326379
case4,19,5900,1,0.062373
case4,19,5900,2,0.129492
case4,19,5900,3,0.209322
case4,19,5900,4,0.272712
case4,19,5900,5,0.326102
case4,19,6000,1,0.062500
case4,19,6000,2,0.128833
case4,19,6000,3,0.209000
case4,19,6000,4,0.271833
case4,19,6000,5,0.327833
case4,19,6100,1,0.062131
case4,19,6100,2,0.129016
case4,19,6100,3,0.208689
case4,19,6100,4,0.271639
case4,19,6100,5,0.328525
case4,19,6200,1,0.061774
case4,19,6200,2,0.128871
case4,19,6200,3,0.208226
case4,19,6200,4,0.271613
case4,19,6200,5,0.329516
case4,19,6300,1,0.062063
case4,19,6300,2,0.129524
case4,19,6300,3,0.208730
case4,19,6300,4,0.270317
case4,19,6300,5,0.329365
case4,19,6400,1,0.062344
case4,19,6400,2,0.130469
case4,19,6400,3,0.208594
case4,19,6400,4,0.269531
case4,19,6400,5,0.329062
case4,19,6500,1,0.062000
case4,19,6500,2,0.130308
case4,19,6500,3,0.208615
case4,19,6500,4,0.270000
case4,19,6500,5,0.329077
case4,19,6600,1,0.062879
case4,19,6600,2,0.130455
case4,19,6600,3,0.207879
case4,19,6600,4,0.268182
case4,19,6600,5,0.330606
case4,19,6700,1,0.062836
case4,19,6700,2,0.130896
case4,19,6700,3,0.206866
case4,19,6700,4,0.268955
case4,19,6700,5,0.330448
case4,19,6800,1,0.062941
case4,19,6800,2,0.131618
case4,19,6800,3,0.205882
case4,19,6800,4,0.268824
case4,19,6800,5,0.330735
case4,19,6900,1,0.062464
case4,19,6900,2,0.132029
case4,19,6900,3,0.207391
case4,19,6900,4,0.268116
case4,19,6900,5,0.330000
case4,19,7000,1,0.062286
case4,19,7000,2,0.132000
case4,19,7000,3,0.207429
case4,19,7000,4,0.268571
case4,19,7000,5,0.329714
case4,19,7100,1,0.062817
case4,19,7100,2,0.132113
case4,19,7100,3,0.206338
case4,19,7100,4,0.269718
case4,19,7100,5,0.329014
case4,19,7200,1,0.062361
case4,19,7200,2,0.132361
case4,19,7200,3,0.206250
case4,19,7200,4,0.270139
case4,19,7200,5,0.328889
case4,19,7300,1,0.062877
case4,19,7300,2,0.131507
case4,19,7300,3,0.206301
case4,19,7300,4,0.270274
case4,19,7300,5,0.329041
case4,19,7400,1,0.062838
case4,19,7400,2,0.131757
case4,19,7400,3,0.205811
case4,19,7400,4,0.269865
case4,19,7400,5,0.329730
case4,19,7500,1,0.063200
case4,19,7500,2,0.131067
case4,19,7500,3,0.205467
case4,19,7500,4,0.270533
case4,19,7500,5,0.329733
case4,19,7600,1,0.063553
case4,19,7600,2,0.131053
case4,19,7600,3,0.205395
case4,19,7600,4,0.270658
case4,19,7600,5,0.329342
case4,19,7700,1,0.063766
case4,19,7700,2,0.130909
case4,19,7700,3,0.204935
case4,19,7700,4,0.270519
case4,19,7700,5,0.329870
case4,19,7800,1,0.063718
case4,19,7800,2,0.130641
case4,19,7800,3,0.204744
case4,19,7800,4,0.270769
case4,19,7800,5,0.330128
case4,19,7900,1,0.063924
case4,19,7900,2,0.130506
case4,19,7900,3,0.204810
case4,19,7900,4,0.271013
case4,19,7900,5,0.329747
case4,19,8000,1,0.064000
case4,19,8000,2,0.130000
case4,19,8000,3,0.205125
case4,19,8000,4,0.271375
case4,19,8000,5,0.329500
case4,19,8100,1,0.063951
case4,19,8100,2,0.130123
case4,19,8100,3,0.205432
case4,19,8100,4,0.271728
case4,19,8100,5,0.328765
case4,19,8200,1,0.063415
case4,19,8200,2,0.129390
case4,19,8200,3,0.205122
case4,19,8200,4,0.272561
case4,19,8200,5,0.329512
case4,19,8300,1,0.063855
case4,19,8300,2,0.129639
case4,19,8300,3,0.204217
case4,19,8300,4,0.272410
case4,19,8300,5,0.329880
case4,19,8400,1,0.064405
case4,19,8400,2,0.129643
case4,19,8400,3,0.203452
case4,19,8400,4,0.272381
case4,19,8400,5,0.330119
case4,19,8500,1,0.064706
case4,19,8500,2,0.130235
case4,19,8500,3,0.202706
case4,19,8500,4,0.273176
case4,19,8500,5,0.329176
case4,19,8600,1,0.064884
case4,19,8600,2,0.130116
case4,19,8600,3,0.201744
case4,19,8600,4,0.272791
case4,19,8600,5,0.330465
case4,19,8700,1,0.065057
case4,19,8700,2,0.129770
case4,19,8700,3,0.201379
case4,19,8700,4,0.272299
case4,19,8700,5,0.331494
case4,19,8800,1,0.065000
case4,19,8800,2,0.129318
case4,19,8800,3,0.200682
case4,19,8800,4,0.273068
case4,19,8800,5,0.331932
case4,19,8900,1,0.064944
case4,19,8900,2,0.128652
case4,19,8900,3,0.200337
case4,19,8900,4,0.273258
case4,19,8900,5,0.332809
case4,19,9000,1,0.064889
case4,19,9000,2,0.128889
case4,19,9000,3,0.200667
case4,19,9000,4,0.272889
case4,19,9000,5,0.332667
case4,19,9100,1,0.065275
case4,19,9100,2,0.129121
case4,19,9100,3,0.200440
case4,19,9100,4,0.273077
case4,19,9100,5,0.332088
case4,19,9200,1,0.064674
case4,19,9200,2,0.129022
case4,19,9200,3,0.200761
case4,19,9200,4,0.273043
case4,19,9200,5,0.332500
case4,19,9300,1,0.064946
case4,19,9300,2,0.129247
case4,19,9300,3,0.200215
case4,19,9300,4,0.273226
case4,19,9300,5,0.332366
case4,19,9400,1,0.065106
case4,19,9400,2,0.129787
case4,19,9400,3,0.200638
case4,19,9400,4,0.272234
case4,19,9400,5,0.332234
case4,19,9500,1,0.065053
case4,19,9500,2,0.130316
case4,19,9500,3,0.200000
case4,19,9500,4,0.272842
case4,19,9500,5,0.331789
case4,19,9600,1,0.065104
case4,19,9600,2,0.130312
case4,19,9600,3,0.200313
case4,19,9600,4,0.272708
case4,19,9600,5,0.331562
case4,19,9700,1,0.065052
case4,19,9700,2,0.130722
case4,19,9700,3,0.200515
case4,19,9700,4,0.272680
case4,19,9700,5,0.331031
case4,19,9800,1,0.064796
case4,19,9800,2,0.130918
case4,19,9800,3,0.200510
case4,19,9800,4,0.272959
case4,19,9800,5,0.330816
case4,19,9900,1,0.064646
case4,19,9900,2,0.131414
case4,19,9900,3,0.199697
case4,19,9900,4,0.273434
case4,19,9900,5,0.330808
case4,19,10000,1,0.064700
case4,19,10000,2,0.131800
case4,19,10000,3,0.200000
case4,19,10000,4,0.273300
case4,19,10000,5,0.330200
case4,20,100,1,0.080000
case4,20,100,2,0.160000
case4,20,100,3,0.160000
case4,20,100,4,0.340000
case4,20,100,5,0.260000
case4,20,200,1,0.085000
case4,20,200,2,0.170000
case4,20,200,3,0.165000
case4,20,200,4,0.285000
case4,20,200,5,0.295000
case4,20,300,1,0.096667
case4,20,300,2,0.143333
case4,20,300,3,0.163333
case4,20,300,4,0.286667
case4,20,300,5,0.310000
case4,20,400,1,0.090000
case4,20,400,2,0.135000
case4,20,400,3,0.162500
case4,20,400,4,0.307500
case4,20,400,5,0.305000
case4,20,500,1,0.080000
case4,20,500,2,0.138000
case4,20,500,3,0.166000
case4,20,500,4,0.318000
case4,20,500,5,0.298000
case4,20,600,1,0.071667
case4,20,600,2,0.148333
case4,20,600,3,0.173333
case4,20,600,4,0.305000
case4,20,600,5,0.301667
case4,20,700,1,0.071429
case4,20,700,2,0.140000
case4,20,700,3,0.171429
case4,20,700,4,0.311429
case4,20,700,5,0.305714
case4,20,800,1,0.067500
case4,20,800,2,0.136250
case4,20,800,3,0.176250
case4,20,800,4,0.318750
case4,20,800,5,0.301250
case4,20,900,1,0.068889
case4,20,900,2,0.137778
case4,20,900,3,0.173333
case4,20,900,4,0.312222
case4,20,900,5,0.307778
case4,20,1000,1,0.068000
case4,20,1000,2,0.140000
case4,20,1000,3,0.174000
case4,20,1000,4,0.308000
case4,20,1000,5,0.310000
case4,20,1100,1,0.067273
case4,20,1100,2,0.139091
case4,20,1100,3,0.180000
case4,20,1100,4,0.305455
case4,20,1100,5,0.308182
case4,20,1200,1,0.066667
case4,20,1200,2,0.135833
case4,20,1200,3,0.180000
case4,20,1200,4,0.300833
case4,20,1200,5,0.316667
case4,20,1300,1,0.066923
case4,20,1300,2,0.134615
case4,20,1300,3,0.184615
case4,20,1300,4,0.296154
case4,20,1300,5,0.317692
case4,20,1400,1,0.065000
case4,20,1400,2,0.132857
case4,20,1400,3,0.187143
case4,20,1400,4,0.296429
case4,20,1400,5,0.318571
case4,20,1500,1,0.066000
case4,20,1500,2,0.134667
case4,20,1500,3,0.186667
case4,20,1500,4,0.296000
case4,20,1500,5,0.316667
case4,20,1600,1,0.067500
case4,20,1600,2,0.135625
case4,20,1600,3,0.185625
case4,20,1600,4,0.298125
case4,20,1600,5,0.313125
case4,20,1700,1,0.066471
case4,20,1700,2,0.137059
case4,20,1700,3,0.186471
case4,20,1700,4,0.298235
case4,20,1700,5,0.311765
case4,20,1800,1,0.066111
case4,20,1800,2,0.138889
case4,20,1800,3,0.185556
case4,20,1800,4,0.298889
case4,20,1800,5,0.310556
case4,20,1900,1,0.065789
case4,20,1900,2,0.138947
case4,20,1900,3,0.190000
case4,20,1900,4,0.294737
case4,20,1900,5,0.310526
case4,20,2000,1,0.065500
case4,20,2000,2,0.138000
case4,20,2000,3,0.187000
case4,20,2000,4,0.293500
case4,20,2000,5,0.316000
case4,20,2100,1,0.064286
case4,20,2100,2,0.138095
case4,20,2100,3,0.186190
case4,20,2100,4,0.294286
case4,20,2100,5,0.317143
case4,20,2200,1,0.063636
case4,20,2200,2,0.140000
case4,20,2200,3,0.186364
case4,20,2200,4,0.291818
case4,20,2200,5,0.318182
case4,20,2300,1,0.064348
case4,20,2300,2,0.137826
case4,20,2300,3,0.186087
case4,20,2300,4,0.291304
case4,20,2300,5,0.320435
case4,20,2400,1,0.062917
case4,20,2400,2,0.135000
case4,20,2400,3,0.186667
case4,20,2400,4,0.290833
case4,20,2400,5,0.324583
case4,20,2500,1,0.062000
case4,20,2500,2,0.135600
case4,20,2500,3,0.187200
case4,20,2500,4,0.289200
case4,20,2500,5,0.326000
case4,20,2600,1,0.061154
case4,20,2600,2,0.136923
case4,20,2600,3,0.188077
case4,20,2600,4,0.289615
case4,20,2600,5,0.324231
case4,20,2700,1,0.063333
case4,20,2700,2,0.138889
case4,20,2700,3,0.189259
case4,20,2700,4,0.288519
case4,20,2700,5,0.320000
case4,20,2800,1,0.062857
case4,20,2800,2,0.138571
case4,20,2800,3,0.189286
case4,20,2800,4,0.289286
case4,20,2800,5,0.320000
case4,20,2900,1,0.063793
case4,20,2900,2,0.139310
case4,20,2900,3,0.187586
case4,20,2900,4,0.292069
case4,20,2900,5,0.317241
case4,20,3000,1,0.063000
case4,20,3000,2,0.138333
case4,20,3000,3,0.187000
case4,20,3000,4,0.291667
case4,20,3000,5,0.320000
case4,20,3100,1,0.062581
case4,20,3100,2,0.140000
case4,20,3100,3,0.187419
case4,20,3100,4,0.291613
case4,20,3100,5,0.318387
case4,20,3200,1,0.061875
case4,20,3200,2,0.140000
case4,20,3200,3,0.189375
case4,20,3200,4,0.288438
case4,20,3200,5,0.320312
case4,20,3300,1,0.061515
case4,20,3300,2,0.138788
case4,20,3300,3,0.188485
case4,20,3300,4,0.290303
case4,20,3300,5,0.320909
case4,20,3400,1,0.060882
case4,20,3400,2,0.139412
case4,20,3400,3,0.189118
case4,20,3400,4,0.288235
case4,20,3400,5,0.322353
case4,20,3500,1,0.061429
case4,20,3500,2,0.139714
case4,20,3500,3,0.190000
case4,20,3500,4,0.287429
case4,20,3500,5,0.321429
case4,20,3600,1,0.061667
case4,20,3600,2,0.140556
case4,20,3600,3,0.190556
case4,20,3600,4,0.286667
case4,20,3600,5,0.320556
case4,20,3700,1,0.061081
case4,20,3700,2,0.140270
case4,20,3700,3,0.190000
case4,20,3700,4,0.287297
case4,20,3700,5,0.321351
case4,20,3800,1,0.060526
case4,20,3800,2,0.140789
case4,20,3800,3,0.190000
case4,20,3800,4,0.285789
case4,20,3800,5,0.322895
case4,20,3900,1,0.060769
case4,20,3900,2,0.141026
case4,20,3900,3,0.190256
case4,20,3900,4,0.286154
case4,20,3900,5,0.321795
case4,20,4000,1,0.060500
case4,20,4000,2,0.140250
case4,20,4000,3,0.190750
case4,20,4000,4,0.285250
case4,20,4000,5,0.323250
case4,20,4100,1,0.060488
case4,20,4100,2,0.140732
case4,20,4100,3,0.191951
case4,20,4100,4,0.284634
case4,20,4100,5,0.322195
case4,20,4200,1,0.060238
case4,20,4200,2,0.142619
case4,20,4200,3,0.191667
case4,20,4200,4,0.283571
case4,20,4200,5,0.321905
case4,20,4300,1,0.059767
case4,20,4300,2,0.141860
case4,20,4300,3,0.192326
case4,20,4300,4,0.284419
case4,20,4300,5,0.321628
case4,20,4400,1,0.059773
case4,20,4400,2,0.142727
case4,20,4400,3,0.192955
case4,20,4400,4,0.282727
case4,20,4400,5,0.321818
case4,20,4500,1,0.059778
case4,20,4500,2,0.142444
case4,20,4500,3,0.194444
case4,20,4500,4,0.281333
case4,20,4500,5,0.322000
case4,20,4600,1,0.060435
case4,20,4600,2,0.141739
case4,20,4600,3,0.194130
case4,20,4600,4,0.281739
case4,20,4600,5,0.321957
case4,20,4700,1,0.060638
case4,20,4700,2,0.141702
case4,20,4700,3,0.194681
case4,20,4700,4,0.281064
case4,20,4700,5,0.321915
case4,20,4800,1,0.060833
case4,20,4800,2,0.141250
case4,20,4800,3,0.194375
case4,20,4800,4,0.281042
case4,20,4800,5,0.322500
case4,20,4900,1,0.061633
case4,20,4900,2,0.140612
case4,20,4900,3,0.193469
case4,20,4900,4,0.282041
case4,20,4900,5,0.322245
case4,20,5000,1,0.062400
case4,20,5000,2,0.139800
case4,20,5000,3,0.194400
case4,20,5000,4,0.282000
case4,20,5000,5,0.321400
case4,20,5100,1,0.062549
case4,20,5100,2,0.139020
case4,20,5100,3,0.195490
case4,20,5100,4,0.281176
case4,20,5100,5,0.321765
case4,20,5200,1,0.062885
case4,20,5200,2,0.139231
case4,20,5200,3,0.194808
case4,20,5200,4,0.281731
case4,20,5200,5,0.321346
case4,20,5300,1,0.063396
case4,20,5300,2,0.139245
case4,20,5300,3,0.194340
case4,20,5300,4,0.280755
case4,20,5300,5,0.322264
case4,20,5400,1,0.063148
case4,20,5400,2,0.138704
case4,20,5400,3,0.195185
case4,20,5400,4,0.281667
case4,20,5400,5,0.321296
case4,20,5500,1,0.064182
case4,20,5500,2,0.139273
case4,20,5500,3,0.195091
case4,20,5500,4,0.281273
case4,20,5500,5,0.320182
case4,20,5600,1,0.063929
case4,20,5600,2,0.140000
case4,20,5600,3,0.193393
case4,20,5600,4,0.281964
case4,20,5600,5,0.320714
case4,20,5700,1,0.063509
case4,20,5700,2,0.141930
case4,20,5700,3,0.193333
case4,20,5700,4,0.281053
case4,20,5700,5,0.320175
case4,20,5800,1,0.063276
case4,20,5800,2,0.141034
case4,20,5800,3,0.194483
case4,20,5800,4,0.281379
case4,20,5800,5,0.319828
case4,20,5900,1,0.063051
case4,20,5900,2,0.140678
case4,20,5900,3,0.194407
case4,20,5900,4,0.281017
case4,20,5900,5,0.320847
case4,20,6000,1,0.062833
case4,20,6000,2,0.141167
case4,20,6000,3,0.194667
case4,20,6000,4,0.281000
case4,20,6000,5,0.320333
case4,20,6100,1,0.062295
case4,20,6100,2,0.141148
case4,20,6100,3,0.196066
case4,20,6100,4,0.280000
case4,20,6100,5,0.320492
case4,20,6200,1,0.062581
case4,20,6200,2,0.140645
case4,20,6200,3,0.196452
case4,20,6200,4,0.279839
case4,20,6200,5,0.320484
case4,20,6300,1,0.062222
case4,20,6300,2,0.140317
case4,20,6300,3,0.197619
case4,20,6300,4,0.279048
case4,20,6300,5,0.320794
case4,20,6400,1,0.062187
case4,20,6400,2,0.140000
case4,20,6400,3,0.197813
case4,20,6400,4,0.279375
case4,20,6400,5,0.320625
case4,20,6500,1,0.062000
case4,20,6500,2,0.139385
case4,20,6500,3,0.198615
case4,20,6500,4,0.279692
case4,20,6500,5,0.320308
case4,20,6600,1,0.061818
case4,20,6600,2,0.139394
case4,20,6600,3,0.198939
case4,20,6600,4,0.278788
case4,20,6600,5,0.321061
case4,20,6700,1,0.061493
case4,20,6700,2,0.140000
case4,20,6700,3,0.199403
case4,20,6700,4,0.278806
case4,20,6700,5,0.320299
case4,20,6800,1,0.061176
case4,20,6800,2,0.139412
case4,20,6800,3,0.200588
case4,20,6800,4,0.278382
case4,20,6800,5,0.320441
case4,20,6900,1,0.061304
case4,20,6900,2,0.139855
case4,20,6900,3,0.199855
case4,20,6900,4,0.279130
case4,20,6900,5,0.319855
case4,20,7000,1,0.061143
case4,20,7000,2,0.140286
case4,20,7000,3,0.199857
case4,20,7000,4,0.278714
case4,20,7000,5,0.320000
case4,20,7100,1,0.061268
case4,20,7100,2,0.140423
case4,20,7100,3,0.199577
case4,20,7100,4,0.279014
case4,20,7100,5,0.319718
case4,20,7200,1,0.061111
case4,20,7200,2,0.139444
case4,20,7200,3,0.199444
case4,20,7200,4,0.279444
case4,20,7200,5,0.320556
case4,20,7300,1,0.060822
case4,20,7300,2,0.139178
case4,20,7300,3,0.200685
case4,20,7300,4,0.278767
case4,20,7300,5,0.320548
case4,20,7400,1,0.060811
case4,20,7400,2,0.138784
case4,20,7400,3,0.200946
case4,20,7400,4,0.279054
case4,20,7400,5,0.320405
case4,20,7500,1,0.061333
case4,20,7500,2,0.138800
case4,20,7500,3,0.202000
case4,20,7500,4,0.277733
case4,20,7500,5,0.320133
case4,20,7600,1,0.060789
case4,20,7600,2,0.139211
case4,20,7600,3,0.201316
case4,20,7600,4,0.278158
case4,20,7600,5,0.320526
case4,20,7700,1,0.060649
case4,20,7700,2,0.138961
case4,20,7700,3,0.201039
case4,20,7700,4,0.277532
case4,20,7700,5,0.321818
case4,20,7800,1,0.060000
case4,20,7800,2,0.138974
case4,20,7800,3,0.202308
case4,20,7800,4,0.277436
case4,20,7800,5,0.321282
case4,20,7900,1,0.060380
case4,20,7900,2,0.138987
case4,20,7900,3,0.201646
case4,20,7900,4,0.276329
case4,20,7900,5,0.322658
case4,20,8000,1,0.060750
case4,20,8000,2,0.139250
case4,20,8000,3,0.201250
case4,20,8000,4,0.276250
case4,20,8000,5,0.322500
case4,20,8100,1,0.060864
case4,20,8100,2,0.139630
case4,20,8100,3,0.200247
case4,20,8100,4,0.275679
case4,20,8100,5,0.323580
case4,20,8200,1,0.061098
case4,20,8200,2,0.139634
case4,20,8200,3,0.200488
case4,20,8200,4,0.275610
case4,20,8200,5,0.323171
case4,20,8300,1,0.060843
case4,20,8300,2,0.139880
case4,20,8300,3,0.198795
case4,20,8300,4,0.276386
case4,20,8300,5,0.324096
case4,20,8400,1,0.061071
case4,20,8400,2,0.140000
case4,20,8400,3,0.198095
case4,20,8400,4,0.276310
case4,20,8400,5,0.324524
case4,20,8500,1,0.061176
case4,20,8500,2,0.140471
case4,20,8500,3,0.198588
case4,20,8500,4,0.275647
case4,20,8500,5,0.324118
case4,20,8600,1,0.060930
case4,20,8600,2,0.139884
case4,20,8600,3,0.199651
case4,20,8600,4,0.275581
case4,20,8600,5,0.323953
case4,20,8700,1,0.061034
case4,20,8700,2,0.139655
case4,20,8700,3,0.199885
case4,20,8700,4,0.275517
case4,20,8700,5,0.323908
case4,20,8800,1,0.060909
case4,20,8800,2,0.139659
case4,20,8800,3,0.200227
case4,20,8800,4,0.274659
case4,20,8800,5,0.324545
case4,20,8900,1,0.061124
case4,20,8900,2,0.139326
case4,20,8900,3,0.200112
case4,20,8900,4,0.274719
case4,20,8900,5,0.324719
case4,20,9000,1,0.061889
case4,20,9000,2,0.139444
case4,20,9000,3,0.199444
case4,20,9000,4,0.274222
case4,20,9000,5,0.325000
case4,20,9100,1,0.062308
case4,20,9100,2,0.139451
case4,20,9100,3,0.198901
case4,20,9100,4,0.273626
case4,20,9100,5,0.325714
case4,20,9200,1,0.062609
case4,20,9200,2,0.139457
case4,20,9200,3,0.199130
case4,20,9200,4,0.273696
case4,20,9200,5,0.325109
case4,20,9300,1,0.062473
case4,20,9300,2,0.139355
case4,20,9300,3,0.198710
case4,20,9300,4,0.273978
case4,20,9300,5,0.325484
case4,20,9400,1,0.062128
case4,20,9400,2,0.139149
case4,20,9400,3,0.198617
case4,20,9400,4,0.274362
case4,20,9400,5,0.325745
case4,20,9500,1,0.062105
case4,20,9500,2,0.139579
case4,20,9500,3,0.198526
case4,20,9500,4,0.274105
case4,20,9500,5,0.325684
case4,20,9600,1,0.062292
case4,20,9600,2,0.139375
case4,20,9600,3,0.198750
case4,20,9600,4,0.274062
case4,20,9600,5,0.325521
case4,20,9700,1,0.062680
case4,20,9700,2,0.139175
case4,20,9700,3,0.199175
case4,20,9700,4,0.273608
case4,20,9700,5,0.325361
case4,20,9800,1,0.062551
case4,20,9800,2,0.138878
case4,20,9800,3,0.199898
case4,20,9800,4,0.272653
case4,20,9800,5,0.326020
case4,20,9900,1,0.062222
case4,20,9900,2,0.138283
case4,20,9900,3,0.199192
case4,20,9900,4,0.273535
case4,20,9900,5,0.326768
case4,20,10000,1,0.062300
case4,20,10000,2,0.137700
case4,20,10000,3,0.199200
case4,20,10000,4,0.274000
case4,20,10000,5,0.326800
case4,21,100,1,0.110000
case4,21,100,2,0.160000
case4,21,100,3,0.160000
case4,21,100,4,0.260000
case4,21,100,5,0.310000
case4,21,200,1,0.090000
case4,21,200,2,0.145000
case4,21,200,3,0.170000
case4,21,200,4,0.265000
case4,21,200,5,0.330000
case4,21,300,1,0.093333
case4,21,300,2,0.133333
case4,21,300,3,0.170000
case4,21,300,4,0.256667
case4,21,300,5,0.346667
case4,21,400,1,0.095000
case4,21,400,2,0.127500
case4,21,400,3,0.167500
case4,21,400,4,0.267500
case4,21,400,5,0.342500
case4,21,500,1,0.098000
case4,21,500,2,0.122000
case4,21,500,3,0.168000
case4,21,500,4,0.274000
case4,21,500,5,0.338000
case4,21,600,1,0.091667
case4,21,600,2,0.118333
case4,21,600,3,0.181667
case4,21,600,4,0.283333
case4,21,600,5,0.325000
case4,21,700,1,0.087143
case4,21,700,2,0.124286
case4,21,700,3,0.174286
case4,21,700,4,0.285714
case4,21,700,5,0.328571
case4,21,800,1,0.085000
case4,21,800,2,0.127500
case4,21,800,3,0.175000
case4,21,800,4,0.281250
case4,21,800,5,0.331250
case4,21,900,1,0.078889
case4,21,900,2,0.125556
case4,21,900,3,0.182222
case4,21,900,4,0.274444
case4,21,900,5,0.338889
case4,21,1000,1,0.076000
case4,21,1000,2,0.131000
case4,21,1000,3,0.190000
case4,21,1000,4,0.269000
case4,21,1000,5,0.334000
case4,21,1100,1,0.076364
case4,21,1100,2,0.127273
case4,21,1100,3,0.190000
case4,21,1100,4,0.270000
case4,21,1100,5,0.336364
case4,21,1200,1,0.075833
case4,21,1200,2,0.130833
case4,21,1200,3,0.194167
case4,21,1200,4,0.268333
case4,21,1200,5,0.330833
case4,21,1300,1,0.078462
case4,21,1300,2,0.130769
case4,21,1300,3,0.197692
case4,21,1300,4,0.269231
case4,21,1300,5,0.323846
case4,21,1400,1,0.077143
case4,21,1400,2,0.132143
case4,21,1400,3,0.199286
case4,21,1400,4,0.267143
case4,21,1400,5,0.324286
case4,21,1500,1,0.078000
case4,21,1500,2,0.133333
case4,21,1500,3,0.198000
case4,21,1500,4,0.268000
case4,21,1500,5,0.322667
case4,21,1600,1,0.079375
case4,21,1600,2,0.132500
case4,21,1600,3,0.198125
case4,21,1600,4,0.270000
case4,21,1600,5,0.320000
case4,21,1700,1,0.077647
case4,21,1700,2,0.132353
case4,21,1700,3,0.196471
case4,21,1700,4,0.269412
case4,21,1700,5,0.324118
case4,21,1800,1,0.075556
case4,21,1800,2,0.133889
case4,21,1800,3,0.198333
case4,21,1800,4,0.266667
case4,21,1800,5,0.325556
case4,21,1900,1,0.074211
case4,21,1900,2,0.137368
case4,21,1900,3,0.195263
case4,21,1900,4,0.267368
case4,21,1900,5,0.325789
case4,21,2000,1,0.073000
case4,21,2000,2,0.137500
case4,21,2000,3,0.197000
case4,21,2000,4,0.267500
case4,21,2000,5,0.325000
case4,21,2100,1,0.072857
case4,21,2100,2,0.135238
case4,21,2100,3,0.199048
case4,21,2100,4,0.265714
case4,21,2100,5,0.327143
case4,21,2200,1,0.074545
case4,21,2200,2,0.138182
case4,21,2200,3,0.195909
case4,21,2200,4,0.266818
case4,21,2200,5,0.324545
case4,21,2300,1,0.072174
case4,21,2300,2,0.136522
case4,21,2300,3,0.196522
case4,21,2300,4,0.269565
case4,21,2300,5,0.325217
case4,21,2400,1,0.070833
case4,21,2400,2,0.136250
case4,21,2400,3,0.197083
case4,21,2400,4,0.270833
case4,21,2400,5,0.325000
case4,21,2500,1,0.070000
case4,21,2500,2,0.136000
case4,21,2500,3,0.197200
case4,21,2500,4,0.272000
case4,21,2500,5,0.324800
case4,21,2600,1,0.069615
case4,21,2600,2,0.136154
case4,21,2600,3,0.196923
case4,21,2600,4,0.270769
case4,21,2600,5,0.326538
case4,21,2700,1,0.068148
case4,21,2700,2,0.136296
case4,21,2700,3,0.197407
case4,21,2700,4,0.270741
case4,21,2700,5,0.327407
case4,21,2800,1,0.069286
case4,21,2800,2,0.134643
case4,21,2800,3,0.196786
case4,21,2800,4,0.268929
case4,21,2800,5,0.330357
case4,21,2900,1,0.067586
case4,21,2900,2,0.134483
case4,21,2900,3,0.197931
case4,21,2900,4,0.267586
case4,21,2900,5,0.332414
case4,21,3000,1,0.067000
case4,21,3000,2,0.133667
case4,21,3000,3,0.199667
case4,21,3000,4,0.268333
case4,21,3000,5,0.331333
case4,21,3100,1,0.066774
case4,21,3100,2,0.134516
case4,21,3100,3,0.198387
case4,21,3100,4,0.269355
case4,21,3100,5,0.330968
case4,21,3200,1,0.067500
case4,21,3200,2,0.133750
case4,21,3200,3,0.199687
case4,21,3200,4,0.269062
case4,21,3200,5,0.330000
case4,21,3300,1,0.068485
case4,21,3300,2,0.133333
case4,21,3300,3,0.200303
case4,21,3300,4,0.266970
case4,21,3300,5,0.330909
case4,21,3400,1,0.068235
case4,21,3400,2,0.132647
case4,21,3400,3,0.201176
case4,21,3400,4,0.267353
case4,21,3400,5,0.330588
case4,21,3500,1,0.068286
case4,21,3500,2,0.132286
case4,21,3500,3,0.200571
case4,21,3500,4,0.267429
case4,21,3500,5,0.331429
case4,21,3600,1,0.066667
case4,21,3600,2,0.133056
case4,21,3600,3,0.200000
case4,21,3600,4,0.268056
case4,21,3600,5,0.332222
case4,21,3700,1,0.066486
case4,21,3700,2,0.132973
case4,21,3700,3,0.201622
case4,21,3700,4,0.268378
case4,21,3700,5,0.330541
case4,21,3800,1,0.067105
case4,21,3800,2,0.132632
case4,21,3800,3,0.200526
case4,21,3800,4,0.269211
case4,21,3800,5,0.330526
case4,21,3900,1,0.067179
case4,21,3900,2,0.133846
case4,21,3900,3,0.200513
case4,21,3900,4,0.269744
case4,21,3900,5,0.328718
case4,21,4000,1,0.066500
case4,21,4000,2,0.133750
case4,21,4000,3,0.201250
case4,21,4000,4,0.271500
case4,21,4000,5,0.327000
case4,21,4100,1,0.066341
case4,21,4100,2,0.132195
case4,21,4100,3,0.200976
case4,21,4100,4,0.271707
case4,21,4100,5,0.328780
case4,21,4200,1,0.065714
case4,21,4200,2,0.132857
case4,21,4200,3,0.200476
case4,21,4200,4,0.272143
case4,21,4200,5,0.328810
case4,21,4300,1,0.064651
case4,21,4300,2,0.131860
case4,21,4300,3,0.200698
case4,21,4300,4,0.272558
case4,21,4300,5,0.330233
case4,21,4400,1,0.064545
case4,21,4400,2,0.131136
case4,21,4400,3,0.200682
case4,21,4400,4,0.272045
case4,21,4400,5,0.331591
case4,21,4500,1,0.065111
case4,21,4500,2,0.130889
case4,21,4500,3,0.201333
case4,21,4500,4,0.272222
case4,21,4500,5,0.330444
case4,21,4600,1,0.065217
case4,21,4600,2,0.129130
case4,21,4600,3,0.201522
case4,21,4600,4,0.272174
case4,21,4600,5,0.331957
case4,21,4700,1,0.064894
case4,21,4700,2,0.130000
case4,21,4700,3,0.201064
case4,21,4700,4,0.272766
case4,21,4700,5,0.331277
case4,21,4800,1,0.064583
case4,21,4800,2,0.130000
case4,21,4800,3,0.202500
case4,21,4800,4,0.271458
case4,21,4800,5,0.331458
case4,21,4900,1,0.064490
case4,21,4900,2,0.130408
case4,21,4900,3,0.202653
case4,21,4900,4,0.270612
case4,21,4900,5,0.331837
case4,21,5000,1,0.064200
case4,21,5000,2,0.130600
case4,21,5000,3,0.203200
case4,21,5000,4,0.269800
case4,21,5000,5,0.332200
case4,21,5100,1,0.064314
case4,21,5100,2,0.130392
case4,21,5100,3,0.204314
case4,21,5100,4,0.269608
case4,21,5100,5,0.331373
case4,21,5200,1,0.064038
case4,21,5200,2,0.130192
case4,21,5200,3,0.204423
case4,21,5200,4,0.267692
case4,21,5200,5,0.333654
case4,21,5300,1,0.063396
case4,21,5300,2,0.129057
case4,21,5300,3,0.204528
case4,21,5300,4,0.268113
case4,21,5300,5,0.334906
case4,21,5400,1,0.062593
case4,21,5400,2,0.128519
case4,21,5400,3,0.203333
case4,21,5400,4,0.268889
case4,21,5400,5,0.336667
case4,21,5500,1,0.063818
case4,21,5500,2,0.127818
case4,21,5500,3,0.202909
case4,21,5500,4,0.268364
case4,21,5500,5,0.337091
case4,21,5600,1,0.064643
case4,21,5600,2,0.128036
case4,21,5600,3,0.201429
case4,21,5600,4,0.267857
case4,21,5600,5,0.338036
case4,21,5700,1,0.064211
case4,21,5700,2,0.127368
case4,21,5700,3,0.201930
case4,21,5700,4,0.268596
case4,21,5700,5,0.337895
case4,21,5800,1,0.065000
case4,21,5800,2,0.127931
case4,21,5800,3,0.202586
case4,21,5800,4,0.267414
case4,21,5800,5,0.337069
case4,21,5900,1,0.065424
case4,21,5900,2,0.127797
case4,21,5900,3,0.202881
case4,21,5900,4,0.265932
case4,21,5900,5,0.337966
case4,21,6000,1,0.066000
case4,21,6000,2,0.127833
case4,21,6000,3,0.203000
case4,21,6000,4,0.265500
case4,21,6000,5,0.337667
case4,21,6100,1,0.065246
case4,21,6100,2,0.128361
case4,21,6100,3,0.202131
case4,21,6100,4,0.266393
case4,21,6100,5,0.337869
case4,21,6200,1,0.065968
case4,21,6200,2,0.128387
case4,21,6200,3,0.201290
case4,21,6200,4,0.266452
case4,21,6200,5,0.337903
case4,21,6300,1,0.065714
case4,21,6300,2,0.128730
case4,21,6300,3,0.200635
case4,21,6300,4,0.267619
case4,21,6300,5,0.337302
case4,21,6400,1,0.065937
case4,21,6400,2,0.128750
case4,21,6400,3,0.200000
case4,21,6400,4,0.268125
case4,21,6400,5,0.337187
case4,21,6500,1,0.065231
case4,21,6500,2,0.128769
case4,21,6500,3,0.200615
case4,21,6500,4,0.267077
case4,21,6500,5,0.338308
case4,21,6600,1,0.065303
case4,21,6600,2,0.129242
case4,21,6600,3,0.201212
case4,21,6600,4,0.267121
case4,21,6600,5,0.337121
case4,21,6700,1,0.065672
case4,21,6700,2,0.128358
case4,21,6700,3,0.200597
case4,21,6700,4,0.267463
case4,21,6700,5,0.337910
case4,21,6800,1,0.065588
case4,21,6800,2,0.128235
case4,21,6800,3,0.200294
case4,21,6800,4,0.267059
case4,21,6800,5,0.338824
case4,21,6900,1,0.065362
case4,21,6900,2,0.128261
case4,21,6900,3,0.200435
case4,21,6900,4,0.266522
case4,21,6900,5,0.339420
case4,21,7000,1,0.065143
case4,21,7000,2,0.128857
case4,21,7000,3,0.199143
case4,21,7000,4,0.266429
case4,21,7000,5,0.340429
case4,21,7100,1,0.065070
case4,21,7100,2,0.128592
case4,21,7100,3,0.198873
case4,21,7100,4,0.266479
case4,21,7100,5,0.340986
case4,21,7200,1,0.065278
case4,21,7200,2,0.128194
case4,21,7200,3,0.199583
case4,21,7200,4,0.267222
case4,21,7200,5,0.339722
case4,21,7300,1,0.066575
case4,21,7300,2,0.127808
case4,21,7300,3,0.199178
case4,21,7300,4,0.266849
case4,21,7300,5,0.339589
case4,21,7400,1,0.067027
case4,21,7400,2,0.127027
case4,21,7400,3,0.199324
case4,21,7400,4,0.266216
case4,21,7400,5,0.340405
case4,21,7500,1,0.067200
case4,21,7500,2,0.127333
case4,21,7500,3,0.199467
case4,21,7500,4,0.265867
case4,21,7500,5,0.340133
case4,21,7600,1,0.066579
case4,21,7600,2,0.127763
case4,21,7600,3,0.199605
case4,21,7600,4,0.265921
case4,21,7600,5,0.340132
case4,21,7700,1,0.066104
case4,21,7700,2,0.127922
case4,21,7700,3,0.199221
case4,21,7700,4,0.265584
case4,21,7700,5,0.341169
case4,21,7800,1,0.066154
case4,21,7800,2,0.128077
case4,21,7800,3,0.198590
case4,21,7800,4,0.266154
case4,21,7800,5,0.341026
case4,21,7900,1,0.066203
case4,21,7900,2,0.128987
case4,21,7900,3,0.197848
case4,21,7900,4,0.266076
case4,21,7900,5,0.340886
case4,21,8000,1,0.066125
case4,21,8000,2,0.128750
case4,21,8000,3,0.197000
case4,21,8000,4,0.267000
case4,21,8000,5,0.341125
case4,21,8100,1,0.065926
case4,21,8100,2,0.128889
case4,21,8100,3,0.197284
case4,21,8100,4,0.266420
case4,21,8100,5,0.341481
case4,21,8200,1,0.065732
case4,21,8200,2,0.129634
case4,21,8200,3,0.196220
case4,21,8200,4,0.266585
case4,21,8200,5,0.341829
case4,21,8300,1,0.066145
case4,21,8300,2,0.129157
case4,21,8300,3,0.196265
case4,21,8300,4,0.266145
case4,21,8300,5,0.342289
case4,21,8400,1,0.065952
case4,21,8400,2,0.128929
case4,21,8400,3,0.196905
case4,21,8400,4,0.266786
case4,21,8400,5,0.341429
case4,21,8500,1,0.066235
case4,21,8500,2,0.129294
case4,21,8500,3,0.196588
case4,21,8500,4,0.266353
case4,21,8500,5,0.341529
case4,21,8600,1,0.066744
case4,21,8600,2,0.128953
case4,21,8600,3,0.196047
case4,21,8600,4,0.267093
case4,21,8600,5,0.341163
case4,21,8700,1,0.066322
case4,21,8700,2,0.129655
case4,21,8700,3,0.195977
case4,21,8700,4,0.267011
case4,21,8700,5,0.341034
case4,21,8800,1,0.066250
case4,21,8800,2,0.129091
case4,21,8800,3,0.197045
case4,21,8800,4,0.266705
case4,21,8800,5,0.340909
case4,21,8900,1,0.066180
case4,21,8900,2,0.128652
case4,21,8900,3,0.197079
case4,21,8900,4,0.267191
case4,21,8900,5,0.340899
case4,21,9000,1,0.066000
case4,21,9000,2,0.128778
case4,21,9000,3,0.196222
case4,21,9000,4,0.267333
case4,21,9000,5,0.341667
case4,21,9100,1,0.065824
case4,21,9100,2,0.129011
case4,21,9100,3,0.196703
case4,21,9100,4,0.266923
case4,21,9100,5,0.341538
case4,21,9200,1,0.065870
case4,21,9200,2,0.128913
case4,21,9200,3,0.197717
case4,21,9200,4,0.266304
case4,21,9200,5,0.341196
case4,21,9300,1,0.065806
case4,21,9300,2,0.129247
case4,21,9300,3,0.197419
case4,21,9300,4,0.266667
case4,21,9300,5,0.340860
case4,21,9400,1,0.065638
case4,21,9400,2,0.128617
case4,21,9400,3,0.197553
case4,21,9400,4,0.267128
case4,21,9400,5,0.341064
case4,21,9500,1,0.065684
case4,21,9500,2,0.128842
case4,21,9500,3,0.197789
case4,21,9500,4,0.267158
case4,21,9500,5,0.340526
case4,21,9600,1,0.065833
case4,21,9600,2,0.128646
case4,21,9600,3,0.197708
case4,21,9600,4,0.267396
case4,21,9600,5,0.340417
case4,21,9700,1,0.066186
case4,21,9700,2,0.128763
case4,21,9700,3,0.197629
case4,21,9700,4,0.266907
case4,21,9700,5,0.340515
case4,21,9800,1,0.066224
case4,21,9800,2,0.128571
case4,21,9800,3,0.197551
case4,21,9800,4,0.266429
case4,21,9800,5,0.341224
case4,21,9900,1,0.066162
case4,21,9900,2,0.128182
case4,21,9900,3,0.197576
case4,21,9900,4,0.267374
case4,21,9900,5,0.340707
case4,21,10000,1,0.065900
case4,21,10000,2,0.128000
case4,21,10000,3,0.197600
case4,21,10000,4,0.267700
case4,21,10000,5,0.340800
case4,22,100,1,0.070000
case4,22,100,2,0.120000
case4,22,100,3,0.140000
case4,22,100,4,0.240000
case4,22,100,5,0.430000
case4,22,200,1,0.075000
case4,22,200,2,0.125000
case4,22,200,3,0.125000
case4,22,200,4,0.285000
case4,22,200,5,0.390000
case4,22,300,1,0.073333
case4,22,300,2,0.143333
case4,22,300,3,0.160000
case4,22,300,4,0.273333
case4,22,300,5,0.350000
case4,22,400,1,0.075000
case4,22,400,2,0.152500
case4,22,400,3,0.177500
case4,22,400,4,0.265000
case4,22,400,5,0.330000
case4,22,500,1,0.076000
case4,22,500,2,0.146000
case4,22,500,3,0.182000
case4,22,500,4,0.252000
case4,22,500,5,0.344000
case4,22,600,1,0.078333
case4,22,600,2,0.155000
case4,22,600,3,0.188333
case4,22,600,4,0.241667
case4,22,600,5,0.336667
case4,22,700,1,0.081429
case4,22,700,2,0.155714
case4,22,700,3,0.190000
case4,22,700,4,0.251429
case4,22,700,5,0.321429
case4,22,800,1,0.076250
case4,22,800,2,0.161250
case4,22,800,3,0.200000
case4,22,800,4,0.248750
case4,22,800,5,0.313750
case4,22,900,1,0.080000
case4,22,900,2,0.160000
case4,22,900,3,0.190000
case4,22,900,4,0.251111
case4,22,900,5,0.318889
case4,22,1000,1,0.076000
case4,22,1000,2,0.156000
case4,22,1000,3,0.189000
case4,22,1000,4,0.254000
case4,22,1000,5,0.325000
case4,22,1100,1,0.076364
case4,22,1100,2,0.153636
case4,22,1100,3,0.186364
case4,22,1100,4,0.255455
case4,22,1100,5,0.328182
case4,22,1200,1,0.078333
case4,22,1200,2,0.157500
case4,22,1200,3,0.184167
case4,22,1200,4,0.255000
case4,22,1200,5,0.325000
case4,22,1300,1,0.074615
case4,22,1300,2,0.157692
case4,22,1300,3,0.186923
case4,22,1300,4,0.260000
case4,22,1300,5,0.320769
case4,22,1400,1,0.073571
case4,22,1400,2,0.152857
case4,22,1400,3,0.191429
case4,22,1400,4,0.263571
case4,22,1400,5,0.318571
case4,22,1500,1,0.072667
case4,22,1500,2,0.150000
case4,22,1500,3,0.194667
case4,22,1500,4,0.260667
case4,22,1500,5,0.322000
case4,22,1600,1,0.072500
case4,22,1600,2,0.151875
case4,22,1600,3,0.192500
case4,22,1600,4,0.261250
case4,22,1600,5,0.321875
case4,22,1700,1,0.068824
case4,22,1700,2,0.153529
case4,22,1700,3,0.191765
case4,22,1700,4,0.264118
case4,22,1700,5,0.321765
case4,22,1800,1,0.069444
case4,22,1800,2,0.153889
case4,22,1800,3,0.194444
case4,22,1800,4,0.261667
case4,22,1800,5,0.320556
case4,22,1900,1,0.070526
case4,22,1900,2,0.148947
case4,22,1900,3,0.194211
case4,22,1900,4,0.263684
case4,22,1900,5,0.322632
case4,22,2000,1,0.070000
case4,22,2000,2,0.153000
case4,22,2000,3,0.194000
case4,22,2000,4,0.259500
case4,22,2000,5,0.323500
case4,22,2100,1,0.070000
case4,22,2100,2,0.153333
case4,22,2100,3,0.197619
case4,22,2100,4,0.257619
case4,22,2100,5,0.321429
case4,22,2200,1,0.071364
case4,22,2200,2,0.152727
case4,22,2200,3,0.200455
case4,22,2200,4,0.258182
case4,22,2200,5,0.317273
case4,22,2300,1,0.070435
case4,22,2300,2,0.152174
case4,22,2300,3,0.199565
case4,22,2300,4,0.257826
case4,22,2300,5,0.320000
case4,22,2400,1,0.069583
case4,22,2400,2,0.152083
case4,22,2400,3,0.200000
case4,22,2400,4,0.257500
case4,22,2400,5,0.320833
case4,22,2500,1,0.070800
case4,22,2500,2,0.153600
case4,22,2500,3,0.198000
case4,22,2500,4,0.256000
case4,22,2500,5,0.321600
case4,22,2600,1,0.070385
case4,22,2600,2,0.151538
case4,22,2600,3,0.197308
case4,22,2600,4,0.255769
case4,22,2600,5,0.325000
case4,22,2700,1,0.071481
case4,22,2700,2,0.153333
case4,22,2700,3,0.196296
case4,22,2700,4,0.255185
case4,22,2700,5,0.323704
case4,22,2800,1,0.071429
case4,22,2800,2,0.151429
case4,22,2800,3,0.196071
case4,22,2800,4,0.257857
case4,22,2800,5,0.323214
case4,22,2900,1,0.072069
case4,22,2900,2,0.150000
case4,22,2900,3,0.196207
case4,22,2900,4,0.257586
case4,22,2900,5,0.324138
case4,22,3000,1,0.071000
case4,22,3000,2,0.151000
case4,22,3000,3,0.196000
case4,22,3000,4,0.258667
case4,22,3000,5,0.323333
case4,22,3100,1,0.070323
case4,22,3100,2,0.151613
case4,22,3100,3,0.196129
case4,22,3100,4,0.259032
case4,22,3100,5,0.322903
case4,22,3200,1,0.071250
case4,22,3200,2,0.151562
case4,22,3200,3,0.195937
case4,22,3200,4,0.258125
case4,22,3200,5,0.323125
case4,22,3300,1,0.071515
case4,22,3300,2,0.148788
case4,22,3300,3,0.196970
case4,22,3300,4,0.260606
case4,22,3300,5,0.322121
case4,22,3400,1,0.071471
case4,22,3400,2,0.149706
case4,22,3400,3,0.198235
case4,22,3400,4,0.260588
case4,22,3400,5,0.320000
case4,22,3500,1,0.070857
case4,22,3500,2,0.147714
case4,22,3500,3,0.199429
case4,22,3500,4,0.260571
case4,22,3500,5,0.321429
case4,22,3600,1,0.070833
case4,22,3600,2,0.148611
case4,22,3600,3,0.199167
case4,22,3600,4,0.261111
case4,22,3600,5,0.320278
case4,22,3700,1,0.070270
case4,22,3700,2,0.147838
case4,22,3700,3,0.199189
case4,22,3700,4,0.262432
case4,22,3700,5,0.320270
case4,22,3800,1,0.071053
case4,22,3800,2,0.147105
case4,22,3800,3,0.198684
case4,22,3800,4,0.264211
case4,22,3800,5,0.318947
case4,22,3900,1,0.070769
case4,22,3900,2,0.146154
case4,22,3900,3,0.199231
case4,22,3900,4,0.263846
case4,22,3900,5,0.320000
case4,22,4000,1,0.072000
case4,22,4000,2,0.144750
case4,22,4000,3,0.201000
case4,22,4000,4,0.263750
case4,22,4000,5,0.318500
case4,22,4100,1,0.073171
case4,22,4100,2,0.144146
case4,22,4100,3,0.200000
case4,22,4100,4,0.264878
case4,22,4100,5,0.317805
case4,22,4200,1,0.072619
case4,22,4200,2,0.144048
case4,22,4200,3,0.199524
case4,22,4200,4,0.264286
case4,22,4200,5,0.319524
case4,22,4300,1,0.072791
case4,22,4300,2,0.143721
case4,22,4300,3,0.199767
case4,22,4300,4,0.263488
case4,22,4300,5,0.320233
case4,22,4400,1,0.072500
case4,22,4400,2,0.143864
case4,22,4400,3,0.198864
case4,22,4400,4,0.264318
case4,22,4400,5,0.320455
case4,22,4500,1,0.073111
case4,22,4500,2,0.143333
case4,22,4500,3,0.200000
case4,22,4500,4,0.264667
case4,22,4500,5,0.318889
case4,22,4600,1,0.072826
case4,22,4600,2,0.144348
case4,22,4600,3,0.199565
case4,22,4600,4,0.264130
case4,22,4600,5,0.319130
case4,22,4700,1,0.072979
case4,22,4700,2,0.143404
case4,22,4700,3,0.201064
case4,22,4700,4,0.263617
case4,22,4700,5,0.318936
case4,22,4800,1,0.072292
case4,22,4800,2,0.142500
case4,22,4800,3,0.203125
case4,22,4800,4,0.261250
case4,22,4800,5,0.320833
case4,22,4900,1,0.072041
case4,22,4900,2,0.141224
case4,22,4900,3,0.201837
case4,22,4900,4,0.262857
case4,22,4900,5,0.322041
case4,22,5000,1,0.072400
case4,22,5000,2,0.140800
case4,22,5000,3,0.201200
case4,22,5000,4,0.262600
case4,22,5000,5,0.323000
case4,22,5100,1,0.071569
case4,22,5100,2,0.140392
case4,22,5100,3,0.201176
case4,22,5100,4,0.263922
case4,22,5100,5,0.322941
case4,22,5200,1,0.073077
case4,22,5200,2,0.138846
case4,22,5200,3,0.200577
case4,22,5200,4,0.263462
case4,22,5200,5,0.324038
case4,22,5300,1,0.073396
case4,22,5300,2,0.139057
case4,22,5300,3,0.200566
case4,22,5300,4,0.263774
case4,22,5300,5,0.323208
case4,22,5400,1,0.073889
case4,22,5400,2,0.138333
case4,22,5400,3,0.199815
case4,22,5400,4,0.264259
case4,22,5400,5,0.323704
case4,22,5500,1,0.074000
case4,22,5500,2,0.137818
case4,22,5500,3,0.198909
case4,22,5500,4,0.264727
case4,22,5500,5,0.324545
case4,22,5600,1,0.073929
case4,22,5600,2,0.137857
case4,22,5600,3,0.199821
case4,22,5600,4,0.264286
case4,22,5600,5,0.324107
case4,22,5700,1,0.074035
case4,22,5700,2,0.137895
case4,22,5700,3,0.199649
case4,22,5700,4,0.263860
case4,22,5700,5,0.324561
case4,22,5800,1,0.073448
case4,22,5800,2,0.137069
case4,22,5800,3,0.199828
case4,22,5800,4,0.263793
case4,22,5800,5,0.325862
case4,22,5900,1,0.073051
case4,22,5900,2,0.137458
case4,22,5900,3,0.199831
case4,22,5900,4,0.264576
case4,22,5900,5,0.325085
case4,22,6000,1,0.072833
case4,22,6000,2,0.137000
case4,22,6000,3,0.199333
case4,22,6000,4,0.264833
case4,22,6000,5,0.326000
case4,22,6100,1,0.073279
case4,22,6100,2,0.136557
case4,22,6100,3,0.200164
case4,22,6100,4,0.264426
case4,22,6100,5,0.325574
case4,22,6200,1,0.072903
case4,22,6200,2,0.136452
case4,22,6200,3,0.200323
case4,22,6200,4,0.263387
case4,22,6200,5,0.326935
case4,22,6300,1,0.073175
case4,22,6300,2,0.137460
case4,22,6300,3,0.198413
case4,22,6300,4,0.264286
case4,22,6300,5,0.326667
case4,22,6400,1,0.072969
case4,22,6400,2,0.138750
case4,22,6400,3,0.197500
case4,22,6400,4,0.264375
case4,22,6400,5,0.326406
case4,22,6500,1,0.073385
case4,22,6500,2,0.138000
case4,22,6500,3,0.197538
case4,22,6500,4,0.265231
case4,22,6500,5,0.325846
case4,22,6600,1,0.073030
case4,22,6600,2,0.138485
case4,22,6600,3,0.198333
case4,22,6600,4,0.263939
case4,22,6600,5,0.326212
case4,22,6700,1,0.073134
case4,22,6700,2,0.138209
case4,22,6700,3,0.198358
case4,22,6700,4,0.263582
case4,22,6700,5,0.326716
case4,22,6800,1,0.073235
case4,22,6800,2,0.138824
case4,22,6800,3,0.197941
case4,22,6800,4,0.262794
case4,22,6800,5,0.327206
case4,22,6900,1,0.072899
case4,22,6900,2,0.139130
case4,22,6900,3,0.198261
case4,22,6900,4,0.262029
case4,22,6900,5,0.327681
case4,22,7000,1,0.072857
case4,22,7000,2,0.139714
case4,22,7000,3,0.198000
case4,22,7000,4,0.262143
case4,22,7000,5,0.327286
case4,22,7100,1,0.072817
case4,22,7100,2,0.139718
case4,22,7100,3,0.197887
case4,22,7100,4,0.262394
case4,22,7100,5,0.327183
case4,22,7200,1,0.072500
case4,22,7200,2,0.139028
case4,22,7200,3,0.197778
case4,22,7200,4,0.262917
case4,22,7200,5,0.327778
case4,22,7300,1,0.072603
case4,22,7300,2,0.140274
case4,22,7300,3,0.197534
case4,22,7300,4,0.262329
case4,22,7300,5,0.327260
case4,22,7400,1,0.072027
case4,22,7400,2,0.140270
case4,22,7400,3,0.198378
case4,22,7400,4,0.262162
case4,22,7400,5,0.327162
case4,22,7500,1,0.072267
case4,22,7500,2,0.140000
case4,22,7500,3,0.199200
case4,22,7500,4,0.261200
case4,22,7500,5,0.327333
case4,22,7600,1,0.072237
case4,22,7600,2,0.139737
case4,22,7600,3,0.199211
case4,22,7600,4,0.261579
case4,22,7600,5,0.327237
case4,22,7700,1,0.072208
case4,22,7700,2,0.140130
case4,22,7700,3,0.198961
case4,22,7700,4,0.261818
case4,22,7700,5,0.326883
case4,22,7800,1,0.072436
case4,22,7800,2,0.140000
case4,22,7800,3,0.197949
case4,22,7800,4,0.262179
case4,22,7800,5,0.327436
case4,22,7900,1,0.071772
case4,22,7900,2,0.139620
case4,22,7900,3,0.197342
case4,22,7900,4,0.263544
case4,22,7900,5,0.327722
case4,22,8000,1,0.071375
case4,22,8000,2,0.139375
case4,22,8000,3,0.197250
case4,22,8000,4,0.263625
case4,22,8000,5,0.328375
case4,22,8100,1,0.071235
case4,22,8100,2,0.138765
case4,22,8100,3,0.197901
case4,22,8100,4,0.263457
case4,22,8100,5,0.328642
case4,22,8200,1,0.071098
case4,22,8200,2,0.138780
case4,22,8200,3,0.197805
case4,22,8200,4,0.263902
case4,22,8200,5,0.328415
case4,22,8300,1,0.070843
case4,22,8300,2,0.138795
case4,22,8300,3,0.197711
case4,22,8300,4,0.264458
case4,22,8300,5,0.328193
case4,22,8400,1,0.070714
case4,22,8400,2,0.138333
case4,22,8400,3,0.197381
case4,22,8400,4,0.264881
case4,22,8400,5,0.328690
case4,22,8500,1,0.070824
case4,22,8500,2,0.138118
case4,22,8500,3,0.197059
case4,22,8500,4,0.265529
case4,22,8500,5,0.328471
case4,22,8600,1,0.070465
case4,22,8600,2,0.138140
case4,22,8600,3,0.197907
case4,22,8600,4,0.264767
case4,22,8600,5,0.328721
case4,22,8700,1,0.070230
case4,22,8700,2,0.138161
case4,22,8700,3,0.197586
case4,22,8700,4,0.264828
case4,22,8700,5,0.329195
case4,22,8800,1,0.070227
case4,22,8800,2,0.138409
case4,22,8800,3,0.197500
case4,22,8800,4,0.264773
case4,22,8800,5,0.329091
case4,22,8900,1,0.070000
case4,22,8900,2,0.138315
case4,22,8900,3,0.198090
case4,22,8900,4,0.264382
case4,22,8900,5,0.329213
case4,22,9000,1,0.070000
case4,22,9000,2,0.138333
case4,22,9000,3,0.198333
case4,22,9000,4,0.264111
case4,22,9000,5,0.329222
case4,22,9100,1,0.069670
case4,22,9100,2,0.138242
case4,22,9100,3,0.198022
case4,22,9100,4,0.265055
case4,22,9100,5,0.329011
case4,22,9200,1,0.069783
case4,22,9200,2,0.138370
case4,22,9200,3,0.198261
case4,22,9200,4,0.264674
case4,22,9200,5,0.328913
case4,22,9300,1,0.069785
case4,22,9300,2,0.138280
case4,22,9300,3,0.198280
case4,22,9300,4,0.265269
case4,22,9300,5,0.328387
case4,22,9400,1,0.069681
case4,22,9400,2,0.138617
case4,22,9400,3,0.198298
case4,22,9400,4,0.264787
case4,22,9400,5,0.328617
case4,22,9500,1,0.069895
case4,22,9500,2,0.138737
case4,22,9500,3,0.198947
case4,22,9500,4,0.263579
case4,22,9500,5,0.328842
case4,22,9600,1,0.069687
case4,22,9600,2,0.138750
case4,22,9600,3,0.198958
case4,22,9600,4,0.263125
case4,22,9600,5,0.329479
case4,22,9700,1,0.069485
case4,22,9700,2,0.138969
case4,22,9700,3,0.198557
case4,22,9700,4,0.263402
case4,22,9700,5,0.329588
case4,22,9800,1,0.069184
case4,22,9800,2,0.138878
case4,22,9800,3,0.198265
case4,22,9800,4,0.264388
case4,22,9800,5,0.329286
case4,22,9900,1,0.068889
case4,22,9900,2,0.138384
case4,22,9900,3,0.198485
case4,22,9900,4,0.264343
case4,22,9900,5,0.329899
case4,22,10000,1,0.068400
case4,22,10000,2,0.138600
case4,22,10000,3,0.198200
case4,22,10000,4,0.264800
case4,22,10000,5,0.330000
case4,23,100,1,0.090000
case4,23,100,2,0.130000
case4,23,100,3,0.150000
case4,23,100,4,0.240000
case4,23,100,5,0.390000
case4,23,200,1,0.070000
case4,23,200,2,0.130000
case4,23,200,3,0.175000
case4,23,200,4,0.245000
case4,23,200,5,0.380000
case4,23,300,1,0.080000
case4,23,300,2,0.136667
case4,23,300,3,0.160000
case4,23,300,4,0.263333
case4,23,300,5,0.360000
case4,23,400,1,0.072500
case4,23,400,2,0.127500
case4,23,400,3,0.187500
case4,23,400,4,0.260000
case4,23,400,5,0.352500
case4,23,500,1,0.078000
case4,23,500,2,0.134000
case4,23,500,3,0.186000
case4,23,500,4,0.252000
case4,23,500,5,0.350000
case4,23,600,1,0.073333
case4,23,600,2,0.125000
case4,23,600,3,0.185000
case4,23,600,4,0.263333
case4,23,600,5,0.353333
case4,23,700,1,0.080000
case4,23,700,2,0.122857
case4,23,700,3,0.184286
case4,23,700,4,0.261429
case4,23,700,5,0.351429
case4,23,800,1,0.081250
case4,23,800,2,0.118750
case4,23,800,3,0.190000
case4,23,800,4,0.255000
case4,23,800,5,0.355000
case4,23,900,1,0.083333
case4,23,900,2,0.123333
case4,23,900,3,0.194444
case4,23,900,4,0.256667
case4,23,900,5,0.342222
case4,23,1000,1,0.080000
case4,23,1000,2,0.121000
case4,23,1000,3,0.204000
case4,23,1000,4,0.252000
case4,23,1000,5,0.343000
case4,23,1100,1,0.077273
case4,23,1100,2,0.120909
case4,23,1100,3,0.207273
case4,23,1100,4,0.249091
case4,23,1100,5,0.345455
case4,23,1200,1,0.075000
case4,23,1200,2,0.124167
case4,23,1200,3,0.204167
case4,23,1200,4,0.256667
case4,23,1200,5,0.340000
case4,23,1300,1,0.074615
case4,23,1300,2,0.121538
case4,23,1300,3,0.203846
case4,23,1300,4,0.255385
case4,23,1300,5,0.344615
case4,23,1400,1,0.075000
case4,23,1400,2,0.127857
case4,23,1400,3,0.199286
case4,23,1400,4,0.256429
case4,23,1400,5,0.341429
case4,23,1500,1,0.077333
case4,23,1500,2,0.128000
case4,23,1500,3,0.200667
case4,23,1500,4,0.255333
case4,23,1500,5,0.338667
case4,23,1600,1,0.075625
case4,23,1600,2,0.125000
case4,23,1600,3,0.205000
case4,23,1600,4,0.256250
case4,23,1600,5,0.338125
case4,23,1700,1,0.074118
case4,23,1700,2,0.123529
case4,23,1700,3,0.204706
case4,23,1700,4,0.265294
case4,23,1700,5,0.332353
case4,23,1800,1,0.073333
case4,23,1800,2,0.122222
case4,23,1800,3,0.205000
case4,23,1800,4,0.264444
case4,23,1800,5,0.335000
case4,23,1900,1,0.071053
case4,23,1900,2,0.123684
case4,23,1900,3,0.205263
case4,23,1900,4,0.265263
case4,23,1900,5,0.334737
case4,23,2000,1,0.071500
case4,23,2000,2,0.125500
case4,23,2000,3,0.202500
case4,23,2000,4,0.266500
case4,23,2000,5,0.334000
case4,23,2100,1,0.073333
case4,23,2100,2,0.124762
case4,23,2100,3,0.204286
case4,23,2100,4,0.266190
case4,23,2100,5,0.331429
case4,23,2200,1,0.073182
case4,23,2200,2,0.126364
case4,23,2200,3,0.203182
case4,23,2200,4,0.267273
case4,23,2200,5,0.330000
case4,23,2300,1,0.073913
case4,23,2300,2,0.125217
case4,23,2300,3,0.203043
case4,23,2300,4,0.269130
case4,23,2300,5,0.328696
case4,23,2400,1,0.075000
case4,23,2400,2,0.123750
case4,23,2400,3,0.200833
case4,23,2400,4,0.269583
case4,23,2400,5,0.330833
case4,23,2500,1,0.075600
case4,23,2500,2,0.122800
case4,23,2500,3,0.198800
case4,23,2500,4,0.270000
case4,23,2500,5,0.332800
case4,23,2600,1,0.074615
case4,23,2600,2,0.122692
case4,23,2600,3,0.198077
case4,23,2600,4,0.271923
case4,23,2600,5,0.332692
case4,23,2700,1,0.074815
case4,23,2700,2,0.121852
case4,23,2700,3,0.198148
case4,23,2700,4,0.270370
case4,23,2700,5,0.334815
case4,23,2800,1,0.074643
case4,23,2800,2,0.122143
case4,23,2800,3,0.198929
case4,23,2800,4,0.268571
case4,23,2800,5,0.335714
case4,23,2900,1,0.073793
case4,23,2900,2,0.125172
case4,23,2900,3,0.198276
case4,23,2900,4,0.268621
case4,23,2900,5,0.334138
case4,23,3000,1,0.072667
case4,23,3000,2,0.124333
case4,23,3000,3,0.200667
case4,23,3000,4,0.268667
case4,23,3000,5,0.333667
case4,23,3100,1,0.072581
case4,23,3100,2,0.125161
case4,23,3100,3,0.200645
case4,23,3100,4,0.268710
case4,23,3100,5,0.332903
case4,23,3200,1,0.071563
case4,23,3200,2,0.124375
case4,23,3200,3,0.200313
case4,23,3200,4,0.268437
case4,23,3200,5,0.335313
case4,23,3300,1,0.071818
case4,23,3300,2,0.125758
case4,23,3300,3,0.200303
case4,23,3300,4,0.264242
case4,23,3300,5,0.337879
case4,23,3400,1,0.071471
case4,23,3400,2,0.125294
case4,23,3400,3,0.200294
case4,23,3400,4,0.265294
case4,23,3400,5,0.337647
case4,23,3500,1,0.070857
case4,23,3500,2,0.125429
case4,23,3500,3,0.199143
case4,23,3500,4,0.266000
case4,23,3500,5,0.338571
case4,23,3600,1,0.070278
case4,23,3600,2,0.127222
case4,23,3600,3,0.199444
case4,23,3600,4,0.266389
case4,23,3600,5,0.336667
case4,23,3700,1,0.070270
case4,23,3700,2,0.127027
case4,23,3700,3,0.198378
case4,23,3700,4,0.268378
case4,23,3700,5,0.335946
case4,23,3800,1,0.069474
case4,23,3800,2,0.127895
case4,23,3800,3,0.197105
case4,23,3800,4,0.269737
case4,23,3800,5,0.335789
case4,23,3900,1,0.068718
case4,23,3900,2,0.127179
case4,23,3900,3,0.197692
case4,23,3900,4,0.270256
case4,23,3900,5,0.336154
case4,23,4000,1,0.068250
case4,23,4000,2,0.127250
case4,23,4000,3,0.199250
case4,23,4000,4,0.270000
case4,23,4000,5,0.335250
case4,23,4100,1,0.067561
case4,23,4100,2,0.127073
case4,23,4100,3,0.199024
case4,23,4100,4,0.269756
case4,23,4100,5,0.336585
case4,23,4200,1,0.067381
case4,23,4200,2,0.127619
case4,23,4200,3,0.198333
case4,23,4200,4,0.270952
case4,23,4200,5,0.335714
case4,23,4300,1,0.067442
case4,23,4300,2,0.126512
case4,23,4300,3,0.200465
case4,23,4300,4,0.270698
case4,23,4300,5,0.334884
case4,23,4400,1,0.067273
case4,23,4400,2,0.126364
case4,23,4400,3,0.202045
case4,23,4400,4,0.269545
case4,23,4400,5,0.334773
case4,23,4500,1,0.066667
case4,23,4500,2,0.126667
case4,23,4500,3,0.201778
case4,23,4500,4,0.268667
case4,23,4500,5,0.336222
case4,23,4600,1,0.066304
case4,23,4600,2,0.126522
case4,23,4600,3,0.200870
case4,23,4600,4,0.268696
case4,23,4600,5,0.337609
case4,23,4700,1,0.066596
case4,23,4700,2,0.126170
case4,23,4700,3,0.201064
case4,23,4700,4,0.268936
case4,23,4700,5,0.337234
case4,23,4800,1,0.066458
case4,23,4800,2,0.126042
case4,23,4800,3,0.202292
case4,23,4800,4,0.268958
case4,23,4800,5,0.336250
case4,23,4900,1,0.066531
case4,23,4900,2,0.125102
case4,23,4900,3,0.202857
case4,23,4900,4,0.270408
case4,23,4900,5,0.335102
case4,23,5000,1,0.067000
case4,23,5000,2,0.124000
case4,23,5000,3,0.203200
case4,23,5000,4,0.270400
case4,23,5000,5,0.335400
case4,23,5100,1,0.066275
case4,23,5100,2,0.124510
case4,23,5100,3,0.203333
case4,23,5100,4,0.270784
case4,23,5100,5,0.335098
case4,23,5200,1,0.066731
case4,23,5200,2,0.125000
case4,23,5200,3,0.203462
case4,23,5200,4,0.270577
case4,23,5200,5,0.334231
case4,23,5300,1,0.066415
case4,23,5300,2,0.124528
case4,23,5300,3,0.203019
case4,23,5300,4,0.270943
case4,23,5300,5,0.335094
case4,23,5400,1,0.066296
case4,23,5400,2,0.124815
case4,23,5400,3,0.204259
case4,23,5400,4,0.270000
case4,23,5400,5,0.334630
case4,23,5500,1,0.066000
case4,23,5500,2,0.125091
case4,23,5500,3,0.205455
case4,23,5500,4,0.268909
case4,23,5500,5,0.334545
case4,23,5600,1,0.066071
case4,23,5600,2,0.125893
case4,23,5600,3,0.206250
case4,23,5600,4,0.267321
case4,23,5600,5,0.334464
case4,23,5700,1,0.066140
case4,23,5700,2,0.127018
case4,23,5700,3,0.205263
case4,23,5700,4,0.268246
case4,23,5700,5,0.333333
case4,23,5800,1,0.066724
case4,23,5800,2,0.127759
case4,23,5800,3,0.205862
case4,23,5800,4,0.267586
case4,23,5800,5,0.332069
case4,23,5900,1,0.066271
case4,23,5900,2,0.128475
case4,23,5900,3,0.204576
case4,23,5900,4,0.267288
case4,23,5900,5,0.333390
case4,23,6000,1,0.066167
case4,23,6000,2,0.128000
case4,23,6000,3,0.204333
case4,23,6000,4,0.268500
case4,23,6000,5,0.333000
case4,23,6100,1,0.066066
case4,23,6100,2,0.127213
case4,23,6100,3,0.205246
case4,23,6100,4,0.267705
case4,23,6100,5,0.333770
case4,23,6200,1,0.066129
case4,23,6200,2,0.127258
case4,23,6200,3,0.204355
case4,23,6200,4,0.267581
case4,23,6200,5,0.334677
case4,23,6300,1,0.065873
case4,23,6300,2,0.126825
case4,23,6300,3,0.204286
case4,23,6300,4,0.268254
case4,23,6300,5,0.334762
case4,23,6400,1,0.066250
case4,23,6400,2,0.127188
case4,23,6400,3,0.204375
case4,23,6400,4,0.267188
case4,23,6400,5,0.335000
case4,23,6500,1,0.065846
case4,23,6500,2,0.127692
case4,23,6500,3,0.203846
case4,23,6500,4,0.267692
case4,23,6500,5,0.334923
case4,23,6600,1,0.066970
case4,23,6600,2,0.126970
case4,23,6600,3,0.202576
case4,23,6600,4,0.268030
case4,23,6600,5,0.335455
case4,23,6700,1,0.067164
case4,23,6700,2,0.127164
case4,23,6700,3,0.202537
case4,23,6700,4,0.268806
case4,23,6700,5,0.334328
case4,23,6800,1,0.067059
case4,23,6800,2,0.127059
case4,23,6800,3,0.202353
case4,23,6800,4,0.268824
case4,23,6800,5,0.334706
case4,23,6900,1,0.067536
case4,23,6900,2,0.126812
case4,23,6900,3,0.202464
case4,23,6900,4,0.268841
case4,23,6900,5,0.334348
case4,23,7000,1,0.067571
case4,23,7000,2,0.127000
case4,23,7000,3,0.202143
case4,23,7000,4,0.269000
case4,23,7000,5,0.334286
case4,23,7100,1,0.067183
case4,23,7100,2,0.127042
case4,23,7100,3,0.201690
case4,23,7100,4,0.268732
case4,23,7100,5,0.335352
case4,23,7200,1,0.067083
case4,23,7200,2,0.127639
case4,23,7200,3,0.201806
case4,23,7200,4,0.268611
case4,23,7200,5,0.334861
case4,23,7300,1,0.067397
case4,23,7300,2,0.126986
case4,23,7300,3,0.201370
case4,23,7300,4,0.269589
case4,23,7300,5,0.334658
case4,23,7400,1,0.067973
case4,23,7400,2,0.126622
case4,23,7400,3,0.201081
case4,23,7400,4,0.268919
case4,23,7400,5,0.335405
case4,23,7500,1,0.069067
case4,23,7500,2,0.126133
case4,23,7500,3,0.201467
case4,23,7500,4,0.268533
case4,23,7500,5,0.334800
case4,23,7600,1,0.069079
case4,23,7600,2,0.125921
case4,23,7600,3,0.201842
case4,23,7600,4,0.267500
case4,23,7600,5,0.335658
case4,23,7700,1,0.069091
case4,23,7700,2,0.126494
case4,23,7700,3,0.202078
case4,23,7700,4,0.267273
case4,23,7700,5,0.335065
case4,23,7800,1,0.069359
case4,23,7800,2,0.127051
case4,23,7800,3,0.201282
case4,23,7800,4,0.266667
case4,23,7800,5,0.335641
case4,23,7900,1,0.069494
case4,23,7900,2,0.126456
case4,23,7900,3,0.201013
case4,23,7900,4,0.266962
case4,23,7900,5,0.336076
case4,23,8000,1,0.069500
case4,23,8000,2,0.127250
case4,23,8000,3,0.201125
case4,23,8000,4,0.266500
case4,23,8000,5,0.335625
case4,23,8100,1,0.069136
case4,23,8100,2,0.127901
case4,23,8100,3,0.200864
case4,23,8100,4,0.267160
case4,23,8100,5,0.334938
case4,23,8200,1,0.068659
case4,23,8200,2,0.127805
case4,23,8200,3,0.200976
case4,23,8200,4,0.266707
case4,23,8200,5,0.335854
case4,23,8300,1,0.068675
case4,23,8300,2,0.127831
case4,23,8300,3,0.202048
case4,23,8300,4,0.267229
case4,23,8300,5,0.334217
case4,23,8400,1,0.068571
case4,23,8400,2,0.127738
case4,23,8400,3,0.201667
case4,23,8400,4,0.268214
case4,23,8400,5,0.333810
case4,23,8500,1,0.068706
case4,23,8500,2,0.127647
case4,23,8500,3,0.201647
case4,23,8500,4,0.267412
case4,23,8500,5,0.334588
case4,23,8600,1,0.069302
case4,23,8600,2,0.127558
case4,23,8600,3,0.201395
case4,23,8600,4,0.266977
case4,23,8600,5,0.334767
case4,23,8700,1,0.069540
case4,23,8700,2,0.128391
case4,23,8700,3,0.201149
case4,23,8700,4,0.266897
case4,23,8700,5,0.334023
case4,23,8800,1,0.069205
case4,23,8800,2,0.128636
case4,23,8800,3,0.200795
case4,23,8800,4,0.266932
case4,23,8800,5,0.334432
case4,23,8900,1,0.069775
case4,23,8900,2,0.128202
case4,23,8900,3,0.200899
case4,23,8900,4,0.267303
case4,23,8900,5,0.333820
case4,23,9000,1,0.069333
case4,23,9000,2,0.127889
case4,23,9000,3,0.201333
case4,23,9000,4,0.267667
case4,23,9000,5,0.333778
case4,23,9100,1,0.068901
case4,23,9100,2,0.128132
case4,23,9100,3,0.201868
case4,23,9100,4,0.267582
case4,23,9100,5,0.333516
case4,23,9200,1,0.068696
case4,23,9200,2,0.128478
case4,23,9200,3,0.202174
case4,23,9200,4,0.267717
case4,23,9200,5,0.332935
case4,23,9300,1,0.068495
case4,23,9300,2,0.128280
case4,23,9300,3,0.202366
case4,23,9300,4,0.267957
case4,23,9300,5,0.332903
case4,23,9400,1,0.068830
case4,23,9400,2,0.128298
case4,23,9400,3,0.202340
case4,23,9400,4,0.268298
case4,23,9400,5,0.332234
case4,23,9500,1,0.068737
case4,23,9500,2,0.127789
case4,23,9500,3,0.202211
case4,23,9500,4,0.268526
case4,23,9500,5,0.332737
case4,23,9600,1,0.068854
case4,23,9600,2,0.127500
case4,23,9600,3,0.203021
case4,23,9600,4,0.268333
case4,23,9600,5,0.332292
case4,23,9700,1,0.068557
case4,23,9700,2,0.127216
case4,23,9700,3,0.203093
case4,23,9700,4,0.269072
case4,23,9700,5,0.332062
case4,23,9800,1,0.068163
case4,23,9800,2,0.127143
case4,23,9800,3,0.202245
case4,23,9800,4,0.270510
case4,23,9800,5,0.331939
case4,23,9900,1,0.067778
case4,23,9900,2,0.127475
case4,23,9900,3,0.203232
case4,23,9900,4,0.269596
case4,23,9900,5,0.331919
case4,23,10000,1,0.067700
case4,23,10000,2,0.127200
case4,23,10000,3,0.202800
case4,23,10000,4,0.269300
case4,23,10000,5,0.333000
case4,24,100,1,0.090000
case4,24,100,2,0.150000
case4,24,100,3,0.200000
case4,24,100,4,0.250000
case4,24,100,5,0.310000
case4,24,200,1,0.075000
case4,24,200,2,0.155000
case4,24,200,3,0.200000
case4,24,200,4,0.235000
case4,24,200,5,0.335000
case4,24,300,1,0.073333
case4,24,300,2,0.156667
case4,24,300,3,0.213333
case4,24,300,4,0.240000
case4,24,300,5,0.316667
case4,24,400,1,0.067500
case4,24,400,2,0.145000
case4,24,400,3,0.225000
case4,24,400,4,0.237500
case4,24,400,5,0.325000
case4,24,500,1,0.070000
case4,24,500,2,0.144000
case4,24,500,3,0.208000
case4,24,500,4,0.240000
case4,24,500,5,0.338000
case4,24,600,1,0.080000
case4,24,600,2,0.150000
case4,24,600,3,0.195000
case4,24,600,4,0.251667
case4,24,600,5,0.323333
case4,24,700,1,0.088571
case4,24,700,2,0.155714
case4,24,700,3,0.185714
case4,24,700,4,0.252857
case4,24,700,5,0.317143
case4,24,800,1,0.080000
case4,24,800,2,0.155000
case4,24,800,3,0.187500
case4,24,800,4,0.253750
case4,24,800,5,0.323750
case4,24,900,1,0.082222
case4,24,900,2,0.156667
case4,24,900,3,0.191111
case4,24,900,4,0.245556
case4,24,900,5,0.324444
case4,24,1000,1,0.080000
case4,24,1000,2,0.156000
case4,24,1000,3,0.185000
case4,24,1000,4,0.250000
case4,24,1000,5,0.329000
case4,24,1100,1,0.080000
case4,24,1100,2,0.154545
case4,24,1100,3,0.187273
case4,24,1100,4,0.255455
case4,24,1100,5,0.322727
case4,24,1200,1,0.077500
case4,24,1200,2,0.152500
case4,24,1200,3,0.189167
case4,24,1200,4,0.260000
case4,24,1200,5,0.320833
case4,24,1300,1,0.075385
case4,24,1300,2,0.153846
case4,24,1300,3,0.191538
case4,24,1300,4,0.260769
case4,24,1300,5,0.318462
case4,24,1400,1,0.076429
case4,24,1400,2,0.152143
case4,24,1400,3,0.192143
case4,24,1400,4,0.262857
case4,24,1400,5,0.316429
case4,24,1500,1,0.078667
case4,24,1500,2,0.151333
case4,24,1500,3,0.187333
case4,24,1500,4,0.264000
case4,24,1500,5,0.318667
case4,24,1600,1,0.080000
case4,24,1600,2,0.147500
case4,24,1600,3,0.191875
case4,24,1600,4,0.261875
case4,24,1600,5,0.318750
case4,24,1700,1,0.082353
case4,24,1700,2,0.146471
case4,24,1700,3,0.185882
case4,24,1700,4,0.264118
case4,24,1700,5,0.321176
case4,24,1800,1,0.080000
case4,24,1800,2,0.142778
case4,24,1800,3,0.189444
case4,24,1800,4,0.267222
case4,24,1800,5,0.320556
case4,24,1900,1,0.080526
case4,24,1900,2,0.139474
case4,24,1900,3,0.191579
case4,24,1900,4,0.262632
case4,24,1900,5,0.325789
case4,24,2000,1,0.079500
case4,24,2000,2,0.137500
case4,24,2000,3,0.192500
case4,24,2000,4,0.263500
case4,24,2000,5,0.327000
case4,24,2100,1,0.078571
case4,24,2100,2,0.138095
case4,24,2100,3,0.192381
case4,24,2100,4,0.265238
case4,24,2100,5,0.325714
case4,24,2200,1,0.078636
case4,24,2200,2,0.136364
case4,24,2200,3,0.189091
case4,24,2200,4,0.268636
case4,24,2200,5,0.327273
case4,24,2300,1,0.079565
case4,24,2300,2,0.135652
case4,24,2300,3,0.189130
case4,24,2300,4,0.272174
case4,24,2300,5,0.323478
case4,24,2400,1,0.078750
case4,24,2400,2,0.137083
case4,24,2400,3,0.192083
case4,24,2400,4,0.269583
case4,24,2400,5,0.322500
case4,24,2500,1,0.077200
case4,24,2500,2,0.136400
case4,24,2500,3,0.190400
case4,24,2500,4,0.271200
case4,24,2500,5,0.324800
case4,24,2600,1,0.077308
case4,24,2600,2,0.137308
case4,24,2600,3,0.190769
case4,24,2600,4,0.273077
case4,24,2600,5,0.321538
case4,24,2700,1,0.075926
case4,24,2700,2,0.139630
case4,24,2700,3,0.190741
case4,24,2700,4,0.272963
case4,24,2700,5,0.320741
case4,24,2800,1,0.074643
case4,24,2800,2,0.138214
case4,24,2800,3,0.188929
case4,24,2800,4,0.276786
case4,24,2800,5,0.321429
case4,24,2900,1,0.075172
case4,24,2900,2,0.137586
case4,24,2900,3,0.187931
case4,24,2900,4,0.276552
case4,24,2900,5,0.322759
case4,24,3000,1,0.074667
case4,24,3000,2,0.136000
case4,24,3000,3,0.188000
case4,24,3000,4,0.275333
case4,24,3000,5,0.326000
case4,24,3100,1,0.073226
case4,24,3100,2,0.136452
case4,24,3100,3,0.186774
case4,24,3100,4,0.277419
case4,24,3100,5,0.326129
case4,24,3200,1,0.072188
case4,24,3200,2,0.135937
case4,24,3200,3,0.188750
case4,24,3200,4,0.279375
case4,24,3200,5,0.323750
case4,24,3300,1,0.072424
case4,24,3300,2,0.133939
case4,24,3300,3,0.192121
case4,24,3300,4,0.277879
case4,24,3300,5,0.323636
case4,24,3400,1,0.071471
case4,24,3400,2,0.134706
case4,24,3400,3,0.193235
case4,24,3400,4,0.277059
case4,24,3400,5,0.323529
case4,24,3500,1,0.072000
case4,24,3500,2,0.134571
case4,24,3500,3,0.192286
case4,24,3500,4,0.277143
case4,24,3500,5,0.324000
case4,24,3600,1,0.072778
case4,24,3600,2,0.133333
case4,24,3600,3,0.191389
case4,24,3600,4,0.278889
case4,24,3600,5,0.323611
case4,24,3700,1,0.071622
case4,24,3700,2,0.134595
case4,24,3700,3,0.192973
case4,24,3700,4,0.280000
case4,24,3700,5,0.320811
case4,24,3800,1,0.070526
case4,24,3800,2,0.133947
case4,24,3800,3,0.194737
case4,24,3800,4,0.278421
case4,24,3800,5,0.322368
case4,24,3900,1,0.070513
case4,24,3900,2,0.133590
case4,24,3900,3,0.194872
case4,24,3900,4,0.278974
case4,24,3900,5,0.322051
case4,24,4000,1,0.070000
case4,24,4000,2,0.133500
case4,24,4000,3,0.194000
case4,24,4000,4,0.281000
case4,24,4000,5,0.321500
case4,24,4100,1,0.071463
case4,24,4100,2,0.132927
case4,24,4100,3,0.194390
case4,24,4100,4,0.279268
case4,24,4100,5,0.321951
case4,24,4200,1,0.072143
case4,24,4200,2,0.132143
case4,24,4200,3,0.192857
case4,24,4200,4,0.279762
case4,24,4200,5,0.323095
case4,24,4300,1,0.072558
case4,24,4300,2,0.131163
case4,24,4300,3,0.193256
case4,24,4300,4,0.281163
case4,24,4300,5,0.321860
case4,24,4400,1,0.072500
case4,24,4400,2,0.131591
case4,24,4400,3,0.192955
case4,24,4400,4,0.281364
case4,24,4400,5,0.321591
case4,24,4500,1,0.072667
case4,24,4500,2,0.131333
case4,24,4500,3,0.192667
case4,24,4500,4,0.281556
case4,24,4500,5,0.321778
case4,24,4600,1,0.072826
case4,24,4600,2,0.131304
case4,24,4600,3,0.193261
case4,24,4600,4,0.280435
case4,24,4600,5,0.322174
case4,24,4700,1,0.072340
case4,24,4700,2,0.131064
case4,24,4700,3,0.194255
case4,24,4700,4,0.280851
case4,24,4700,5,0.321489
case4,24,4800,1,0.071458
case4,24,4800,2,0.132500
case4,24,4800,3,0.193125
case4,24,4800,4,0.281250
case4,24,4800,5,0.321667
case4,24,4900,1,0.070612
case4,24,4900,2,0.133061
case4,24,4900,3,0.193469
case4,24,4900,4,0.280408
case4,24,4900,5,0.322449
case4,24,5000,1,0.070600
case4,24,5000,2,0.132800
case4,24,5000,3,0.193600
case4,24,5000,4,0.280000
case4,24,5000,5,0.323000
case4,24,5100,1,0.071176
case4,24,5100,2,0.133333
case4,24,5100,3,0.193725
case4,24,5100,4,0.280784
case4,24,5100,5,0.320980
case4,24,5200,1,0.071731
case4,24,5200,2,0.134808
case4,24,5200,3,0.192885
case4,24,5200,4,0.280385
case4,24,5200,5,0.320192
case4,24,5300,1,0.072075
case4,24,5300,2,0.135283
case4,24,5300,3,0.193396
case4,24,5300,4,0.279623
case4,24,5300,5,0.319623
case4,24,5400,1,0.072222
case4,24,5400,2,0.135741
case4,24,5400,3,0.193519
case4,24,5400,4,0.279630
case4,24,5400,5,0.318889
case4,24,5500,1,0.073455
case4,24,5500,2,0.135636
case4,24,5500,3,0.194364
case4,24,5500,4,0.277818
case4,24,5500,5,0.318727
case4,24,5600,1,0.073750
case4,24,5600,2,0.135536
case4,24,5600,3,0.195179
case4,24,5600,4,0.276964
case4,24,5600,5,0.318571
case4,24,5700,1,0.073860
case4,24,5700,2,0.136491
case4,24,5700,3,0.195439
case4,24,5700,4,0.276316
case4,24,5700,5,0.317895
case4,24,5800,1,0.074138
case4,24,5800,2,0.136552
case4,24,5800,3,0.195517
case4,24,5800,4,0.276034
case4,24,5800,5,0.317759
case4,24,5900,1,0.073898
case4,24,5900,2,0.136610
case4,24,5900,3,0.194576
case4,24,5900,4,0.276102
case4,24,5900,5,0.318814
case4,24,6000,1,0.073667
case4,24,6000,2,0.136167
case4,24,6000,3,0.195167
case4,24,6000,4,0.276000
case4,24,6000,5,0.319000
case4,24,6100,1,0.073607
case4,24,6100,2,0.138033
case4,24,6100,3,0.194754
case4,24,6100,4,0.275246
case4,24,6100,5,0.318361
case4,24,6200,1,0.073387
case4,24,6200,2,0.137419
case4,24,6200,3,0.193871
case4,24,6200,4,0.276613
case4,24,6200,5,0.318710
case4,24,6300,1,0.073492
case4,24,6300,2,0.137937
case4,24,6300,3,0.193810
case4,24,6300,4,0.275397
case4,24,6300,5,0.319365
case4,24,6400,1,0.073438
case4,24,6400,2,0.138437
case4,24,6400,3,0.194531
case4,24,6400,4,0.275000
case4,24,6400,5,0.318594
case4,24,6500,1,0.072462
case4,24,6500,2,0.138615
case4,24,6500,3,0.195538
case4,24,6500,4,0.274308
case4,24,6500,5,0.319077
case4,24,6600,1,0.072424
case4,24,6600,2,0.138485
case4,24,6600,3,0.195303
case4,24,6600,4,0.273788
case4,24,6600,5,0.320000
case4,24,6700,1,0.072836
case4,24,6700,2,0.137761
case4,24,6700,3,0.194925
case4,24,6700,4,0.273731
case4,24,6700,5,0.320746
case4,24,6800,1,0.072941
case4,24,6800,2,0.138235
case4,24,6800,3,0.194706
case4,24,6800,4,0.272794
case4,24,6800,5,0.321324
case4,24,6900,1,0.073478
case4,24,6900,2,0.138406
case4,24,6900,3,0.194783
case4,24,6900,4,0.272029
case4,24,6900,5,0.321304
case4,24,7000,1,0.073429
case4,24,7000,2,0.137857
case4,24,7000,3,0.194714
case4,24,7000,4,0.272143
case4,24,7000,5,0.321857
case4,24,7100,1,0.073099
case4,24,7100,2,0.137606
case4,24,7100,3,0.194930
case4,24,7100,4,0.270845
case4,24,7100,5,0.323521
case4,24,7200,1,0.073056
case4,24,7200,2,0.138472
case4,24,7200,3,0.194861
case4,24,7200,4,0.270139
case4,24,7200,5,0.323472
case4,24,7300,1,0.073562
case4,24,7300,2,0.139315
case4,24,7300,3,0.194658
case4,24,7300,4,0.270000
case4,24,7300,5,0.322466
case4,24,7400,1,0.073243
case4,24,7400,2,0.139054
case4,24,7400,3,0.195000
case4,24,7400,4,0.270811
case4,24,7400,5,0.321892
case4,24,7500,1,0.073067
case4,24,7500,2,0.139067
case4,24,7500,3,0.194667
case4,24,7500,4,0.270933
case4,24,7500,5,0.322267
case4,24,7600,1,0.072763
case4,24,7600,2,0.138289
case4,24,7600,3,0.193947
case4,24,7600,4,0.271974
case4,24,7600,5,0.323026
case4,24,7700,1,0.072078
case4,24,7700,2,0.138701
case4,24,7700,3,0.194286
case4,24,7700,4,0.271688
case4,24,7700,5,0.323247
case4,24,7800,1,0.072051
case4,24,7800,2,0.139744
case4,24,7800,3,0.193590
case4,24,7800,4,0.271026
case4,24,7800,5,0.323590
case4,24,7900,1,0.072532
case4,24,7900,2,0.139620
case4,24,7900,3,0.194177
case4,24,7900,4,0.270506
case4,24,7900,5,0.323165
case4,24,8000,1,0.072125
case4,24,8000,2,0.140000
case4,24,8000,3,0.194375
case4,24,8000,4,0.269750
case4,24,8000,5,0.323750
case4,24,8100,1,0.071975
case4,24,8100,2,0.139877
case4,24,8100,3,0.194444
case4,24,8100,4,0.269753
case4,24,8100,5,0.323951
case4,24,8200,1,0.072073
case4,24,8200,2,0.139878
case4,24,8200,3,0.194756
case4,24,8200,4,0.270000
case4,24,8200,5,0.323293
case4,24,8300,1,0.071928
case4,24,8300,2,0.139518
case4,24,8300,3,0.195904
case4,24,8300,4,0.270602
case4,24,8300,5,0.322048
case4,24,8400,1,0.072381
case4,24,8400,2,0.140000
case4,24,8400,3,0.196071
case4,24,8400,4,0.270357
case4,24,8400,5,0.321190
case4,24,8500,1,0.072353
case4,24,8500,2,0.139882
case4,24,8500,3,0.195882
case4,24,8500,4,0.271176
case4,24,8500,5,0.320706
case4,24,8600,1,0.072326
case4,24,8600,2,0.140116
case4,24,8600,3,0.195814
case4,24,8600,4,0.271279
case4,24,8600,5,0.320465
case4,24,8700,1,0.072299
case4,24,8700,2,0.140000
case4,24,8700,3,0.195977
case4,24,8700,4,0.271609
case4,24,8700,5,0.320115
case4,24,8800,1,0.071705
case4,24,8800,2,0.141023
case4,24,8800,3,0.195341
case4,24,8800,4,0.271932
case4,24,8800,5,0.320000
case4,24,8900,1,0.071685
case4,24,8900,2,0.141011
case4,24,8900,3,0.195618
case4,24,8900,4,0.272697
case4,24,8900,5,0.318989
case4,24,9000,1,0.071556
case4,24,9000,2,0.140333
case4,24,9000,3,0.195889
case4,24,9000,4,0.272222
case4,24,9000,5,0.320000
case4,24,9100,1,0.071538
case4,24,9100,2,0.140330
case4,24,9100,3,0.195495
case4,24,9100,4,0.272857
case4,24,9100,5,0.319780
case4,24,9200,1,0.071196
case4,24,9200,2,0.140435
case4,24,9200,3,0.195109
case4,24,9200,4,0.273043
case4,24,9200,5,0.320217
case4,24,9300,1,0.070968
case4,24,9300,2,0.139892
case4,24,9300,3,0.195484
case4,24,9300,4,0.273226
case4,24,9300,5,0.320430
case4,24,9400,1,0.071064
case4,24,9400,2,0.140000
case4,24,9400,3,0.195638
case4,24,9400,4,0.272872
case4,24,9400,5,0.320426
case4,24,9500,1,0.071158
case4,24,9500,2,0.139684
case4,24,9500,3,0.196211
case4,24,9500,4,0.272737
case4,24,9500,5,0.320211
case4,24,9600,1,0.071146
case4,24,9600,2,0.139479
case4,24,9600,3,0.196563
case4,24,9600,4,0.272500
case4,24,9600,5,0.320312
case4,24,9700,1,0.071443
case4,24,9700,2,0.139072
case4,24,9700,3,0.197320
case4,24,9700,4,0.272062
case4,24,9700,5,0.320103
case4,24,9800,1,0.071429
case4,24,9800,2,0.139388
case4,24,9800,3,0.197143
case4,24,9800,4,0.271531
case4,24,9800,5,0.320510
case4,24,9900,1,0.071212
case4,24,9900,2,0.139899
case4,24,9900,3,0.196465
case4,24,9900,4,0.271414
case4,24,9900,5,0.321010
case4,24,10000,1,0.071200
case4,24,10000,2,0.140400
case4,24,10000,3,0.195900
case4,24,10000,4,0.271500
case4,24,10000,5,0.321000
case4,25,100,1,0.090000
case4,25,100,2,0.150000
case4,25,100,3,0.150000
case4,25,100,4,0.230000
case4,25,100,5,0.380000
case4,25,200,1,0.075000
case4,25,200,2,0.135000
case4,25,200,3,0.165000
case4,25,200,4,0.240000
case4,25,200,5,0.385000
case4,25,300,1,0.070000
case4,25,300,2,0.120000
case4,25,300,3,0.166667
case4,25,300,4,0.270000
case4,25,300,5,0.373333
case4,25,400,1,0.062500
case4,25,400,2,0.117500
case4,25,400,3,0.180000
case4,25,400,4,0.282500
case4,25,400,5,0.357500
case4,25,500,1,0.056000
case4,25,500,2,0.120000
case4,25,500,3,0.180000
case4,25,500,4,0.280000
case4,25,500,5,0.364000
case4,25,600,1,0.058333
case4,25,600,2,0.123333
case4,25,600,3,0.195000
case4,25,600,4,0.268333
case4,25,600,5,0.355000
case4,25,700,1,0.057143
case4,25,700,2,0.128571
case4,25,700,3,0.187143
case4,25,700,4,0.268571
case4,25,700,5,0.358571
case4,25,800,1,0.065000
case4,25,800,2,0.132500
case4,25,800,3,0.195000
case4,25,800,4,0.267500
case4,25,800,5,0.340000
case4,25,900,1,0.063333
case4,25,900,2,0.131111
case4,25,900,3,0.192222
case4,25,900,4,0.270000
case4,25,900,5,0.343333
case4,25,1000,1,0.065000
case4,25,1000,2,0.136000
case4,25,1000,3,0.187000
case4,25,1000,4,0.263000
case4,25,1000,5,0.349000
case4,25,1100,1,0.063636
case4,25,1100,2,0.140909
case4,25,1100,3,0.185455
case4,25,1100,4,0.262727
case4,25,1100,5,0.347273
case4,25,1200,1,0.060833
case4,25,1200,2,0.136667
case4,25,1200,3,0.189167
case4,25,1200,4,0.265833
case4,25,1200,5,0.347500
case4,25,1300,1,0.062308
case4,25,1300,2,0.136154
case4,25,1300,3,0.189231
case4,25,1300,4,0.264615
case4,25,1300,5,0.347692
case4,25,1400,1,0.062857
case4,25,1400,2,0.137143
case4,25,1400,3,0.188571
case4,25,1400,4,0.263571
case4,25,1400,5,0.347857
case4,25,1500,1,0.066000
case4,25,1500,2,0.136667
case4,25,1500,3,0.187333
case4,25,1500,4,0.262667
case4,25,1500,5,0.347333
case4,25,1600,1,0.067500
case4,25,1600,2,0.136875
case4,25,1600,3,0.189375
case4,25,1600,4,0.262500
case4,25,1600,5,0.343750
case4,25,1700,1,0.064706
case4,25,1700,2,0.138235
case4,25,1700,3,0.194118
case4,25,1700,4,0.262941
case4,25,1700,5,0.340000
case4,25,1800,1,0.065556
case4,25,1800,2,0.138333
case4,25,1800,3,0.195000
case4,25,1800,4,0.262778
case4,25,1800,5,0.338333
case4,25,1900,1,0.065789
case4,25,1900,2,0.138421
case4,25,1900,3,0.195263
case4,25,1900,4,0.263158
case4,25,1900,5,0.337368
case4,25,2000,1,0.065000
case4,25,2000,2,0.138000
case4,25,2000,3,0.197000
case4,25,2000,4,0.264500
case4,25,2000,5,0.335500
case4,25,2100,1,0.066667
case4,25,2100,2,0.138095
case4,25,2100,3,0.198095
case4,25,2100,4,0.263810
case4,25,2100,5,0.333333
case4,25,2200,1,0.065455
case4,25,2200,2,0.136364
case4,25,2200,3,0.199545
case4,25,2200,4,0.263636
case4,25,2200,5,0.335000
case4,25,2300,1,0.066087
case4,25,2300,2,0.134783
case4,25,2300,3,0.200870
case4,25,2300,4,0.266522
case4,25,2300,5,0.331739
case4,25,2400,1,0.065417
case4,25,2400,2,0.135417
case4,25,2400,3,0.201667
case4,25,2400,4,0.262917
case4,25,2400,5,0.334583
case4,25,2500,1,0.067200
case4,25,2500,2,0.136400
case4,25,2500,3,0.199200
case4,25,2500,4,0.264000
case4,25,2500,5,0.333200
case4,25,2600,1,0.066923
case4,25,2600,2,0.136538
case4,25,2600,3,0.198462
case4,25,2600,4,0.267308
case4,25,2600,5,0.330769
case4,25,2700,1,0.066296
case4,25,2700,2,0.137037
case4,25,2700,3,0.199630
case4,25,2700,4,0.264074
case4,25,2700,5,0.332963
case4,25,2800,1,0.065714
case4,25,2800,2,0.136071
case4,25,2800,3,0.201071
case4,25,2800,4,0.263214
case4,25,2800,5,0.333929
case4,25,2900,1,0.066207
case4,25,2900,2,0.135862
case4,25,2900,3,0.201379
case4,25,2900,4,0.261379
case4,25,2900,5,0.335172
case4,25,3000,1,0.065333
case4,25,3000,2,0.136333
case4,25,3000,3,0.203667
case4,25,3000,4,0.261667
case4,25,3000,5,0.333000
case4,25,3100,1,0.065484
case4,25,3100,2,0.137419
case4,25,3100,3,0.205806
case4,25,3100,4,0.260000
case4,25,3100,5,0.331290
case4,25,3200,1,0.064687
case4,25,3200,2,0.136563
case4,25,3200,3,0.206250
case4,25,3200,4,0.262188
case4,25,3200,5,0.330313
case4,25,3300,1,0.063636
case4,25,3300,2,0.137273
case4,25,3300,3,0.204545
case4,25,3300,4,0.264545
case4,25,3300,5,0.330000
case4,25,3400,1,0.064118
case4,25,3400,2,0.136471
case4,25,3400,3,0.205294
case4,25,3400,4,0.264412
case4,25,3400,5,0.329706
case4,25,3500,1,0.064857
case4,25,3500,2,0.136000
case4,25,3500,3,0.205143
case4,25,3500,4,0.265143
case4,25,3500,5,0.328857
case4,25,3600,1,0.065556
case4,25,3600,2,0.136389
case4,25,3600,3,0.205556
case4,25,3600,4,0.263333
case4,25,3600,5,0.329167
case4,25,3700,1,0.067297
case4,25,3700,2,0.136216
case4,25,3700,3,0.204865
case4,25,3700,4,0.262703
case4,25,3700,5,0.328919
case4,25,3800,1,0.067632
case4,25,3800,2,0.135789
case4,25,3800,3,0.204737
case4,25,3800,4,0.262105
case4,25,3800,5,0.329737
case4,25,3900,1,0.067949
case4,25,3900,2,0.133590
case4,25,3900,3,0.205385
case4,25,3900,4,0.263846
case4,25,3900,5,0.329231
case4,25,4000,1,0.067500
case4,25,4000,2,0.132500
case4,25,4000,3,0.206750
case4,25,4000,4,0.263750
case4,25,4000,5,0.329500
case4,25,4100,1,0.067805
case4,25,4100,2,0.133171
case4,25,4100,3,0.207073
case4,25,4100,4,0.264146
case4,25,4100,5,0.327805
case4,25,4200,1,0.066905
case4,25,4200,2,0.132143
case4,25,4200,3,0.208571
case4,25,4200,4,0.262381
case4,25,4200,5,0.330000
case4,25,4300,1,0.066744
case4,25,4300,2,0.132093
case4,25,4300,3,0.207674
case4,25,4300,4,0.263488
case4,25,4300,5,0.330000
case4,25,4400,1,0.068409
case4,25,4400,2,0.130682
case4,25,4400,3,0.206136
case4,25,4400,4,0.264545
case4,25,4400,5,0.330227
case4,25,4500,1,0.068000
case4,25,4500,2,0.130222
case4,25,4500,3,0.206889
case4,25,4500,4,0.264222
case4,25,4500,5,0.330667
case4,25,4600,1,0.067609
case4,25,4600,2,0.131522
case4,25,4600,3,0.205652
case4,25,4600,4,0.264348
case4,25,4600,5,0.330870
case4,25,4700,1,0.066809
case4,25,4700,2,0.131489
case4,25,4700,3,0.206809
case4,25,4700,4,0.263830
case4,25,4700,5,0.331064
case4,25,4800,1,0.067083
case4,25,4800,2,0.131042
case4,25,4800,3,0.207500
case4,25,4800,4,0.265417
case4,25,4800,5,0.328958
case4,25,4900,1,0.066327
case4,25,4900,2,0.130408
case4,25,4900,3,0.207143
case4,25,4900,4,0.265510
case4,25,4900,5,0.330612
case4,25,5000,1,0.066000
case4,25,5000,2,0.130000
case4,25,5000,3,0.207600
case4,25,5000,4,0.266000
case4,25,5000,5,0.330400
case4,25,5100,1,0.064902
case4,25,5100,2,0.129020
case4,25,5100,3,0.206078
case4,25,5100,4,0.268431
case4,25,5100,5,0.331569
case4,25,5200,1,0.065385
case4,25,5200,2,0.127885
case4,25,5200,3,0.206923
case4,25,5200,4,0.268462
case4,25,5200,5,0.331346
case4,25,5300,1,0.065472
case4,25,5300,2,0.128302
case4,25,5300,3,0.206981
case4,25,5300,4,0.267358
case4,25,5300,5,0.331887
case4,25,5400,1,0.065741
case4,25,5400,2,0.128889
case4,25,5400,3,0.207778
case4,25,5400,4,0.267037
case4,25,5400,5,0.330556
case4,25,5500,1,0.065273
case4,25,5500,2,0.128909
case4,25,5500,3,0.207455
case4,25,5500,4,0.267273
case4,25,5500,5,0.331091
case4,25,5600,1,0.065179
case4,25,5600,2,0.128929
case4,25,5600,3,0.208571
case4,25,5600,4,0.267679
case4,25,5600,5,0.329643
case4,25,5700,1,0.065088
case4,25,5700,2,0.128070
case4,25,5700,3,0.209298
case4,25,5700,4,0.267544
case4,25,5700,5,0.330000
case4,25,5800,1,0.064828
case4,25,5800,2,0.127586
case4,25,5800,3,0.210517
case4,25,5800,4,0.267069
case4,25,5800,5,0.330000
case4,25,5900,1,0.065254
case4,25,5900,2,0.128136
case4,25,5900,3,0.209831
case4,25,5900,4,0.266441
case4,25,5900,5,0.330339
case4,25,6000,1,0.065167
case4,25,6000,2,0.128000
case4,25,6000,3,0.209167
case4,25,6000,4,0.266500
case4,25,6000,5,0.331167
case4,25,6100,1,0.066230
case4,25,6100,2,0.127541
case4,25,6100,3,0.208852
case4,25,6100,4,0.266557
case4,25,6100,5,0.330820
case4,25,6200,1,0.065968
case4,25,6200,2,0.126935
case4,25,6200,3,0.209032
case4,25,6200,4,0.266774
case4,25,6200,5,0.331290
case4,25,6300,1,0.066349
case4,25,6300,2,0.126825
case4,25,6300,3,0.209683
case4,25,6300,4,0.266984
case4,25,6300,5,0.330159
case4,25,6400,1,0.066250
case4,25,6400,2,0.126562
case4,25,6400,3,0.210313
case4,25,6400,4,0.266250
case4,25,6400,5,0.330625
case4,25,6500,1,0.066154
case4,25,6500,2,0.126154
case4,25,6500,3,0.210923
case4,25,6500,4,0.266000
case4,25,6500,5,0.330769
case4,25,6600,1,0.065606
case4,25,6600,2,0.126667
case4,25,6600,3,0.210758
case4,25,6600,4,0.265909
case4,25,6600,5,0.331061
case4,25,6700,1,0.065373
case4,25,6700,2,0.127164
case4,25,6700,3,0.209552
case4,25,6700,4,0.265821
case4,25,6700,5,0.332090
case4,25,6800,1,0.065294
case4,25,6800,2,0.127206
case4,25,6800,3,0.209706
case4,25,6800,4,0.266029
case4,25,6800,5,0.331765
case4,25,6900,1,0.064928
case4,25,6900,2,0.127536
case4,25,6900,3,0.210435
case4,25,6900,4,0.266812
case4,25,6900,5,0.330290
case4,25,7000,1,0.064429
case4,25,7000,2,0.127286
case4,25,7000,3,0.211000
case4,25,7000,4,0.266571
case4,25,7000,5,0.330714
case4,25,7100,1,0.064366
case4,25,7100,2,0.127183
case4,25,7100,3,0.211972
case4,25,7100,4,0.265775
case4,25,7100,5,0.330704
case4,25,7200,1,0.064583
case4,25,7200,2,0.126944
case4,25,7200,3,0.211806
case4,25,7200,4,0.265278
case4,25,7200,5,0.331389
case4,25,7300,1,0.064658
case4,25,7300,2,0.127260
case4,25,7300,3,0.212192
case4,25,7300,4,0.265068
case4,25,7300,5,0.330822
case4,25,7400,1,0.064459
case4,25,7400,2,0.127973
case4,25,7400,3,0.212432
case4,25,7400,4,0.264595
case4,25,7400,5,0.330541
case4,25,7500,1,0.064800
case4,25,7500,2,0.127333
case4,25,7500,3,0.212667
case4,25,7500,4,0.263733
case4,25,7500,5,0.331467
case4,25,7600,1,0.065000
case4,25,7600,2,0.127368
case4,25,7600,3,0.213158
case4,25,7600,4,0.263553
case4,25,7600,5,0.330921
case4,25,7700,1,0.065455
case4,25,7700,2,0.127143
case4,25,7700,3,0.212338
case4,25,7700,4,0.263506
case4,25,7700,5,0.331558
case4,25,7800,1,0.065128
case4,25,7800,2,0.126795
case4,25,7800,3,0.212179
case4,25,7800,4,0.263846
case4,25,7800,5,0.332051
case4,25,7900,1,0.064937
case4,25,7900,2,0.127722
case4,25,7900,3,0.211519
case4,25,7900,4,0.264051
case4,25,7900,5,0.331772
case4,25,8000,1,0.065000
case4,25,8000,2,0.128000
case4,25,8000,3,0.210125
case4,25,8000,4,0.264375
case4,25,8000,5,0.332500
case4,25,8100,1,0.065556
case4,25,8100,2,0.128272
case4,25,8100,3,0.209506
case4,25,8100,4,0.264568
case4,25,8100,5,0.332099
case4,25,8200,1,0.065366
case4,25,8200,2,0.127927
case4,25,8200,3,0.209878
case4,25,8200,4,0.264878
case4,25,8200,5,0.331951
case4,25,8300,1,0.065422
case4,25,8300,2,0.127229
case4,25,8300,3,0.210602
case4,25,8300,4,0.264819
case4,25,8300,5,0.331928
case4,25,8400,1,0.065595
case4,25,8400,2,0.128095
case4,25,8400,3,0.210595
case4,25,8400,4,0.264881
case4,25,8400,5,0.330833
case4,25,8500,1,0.065647
case4,25,8500,2,0.127529
case4,25,8500,3,0.210588
case4,25,8500,4,0.264824
case4,25,8500,5,0.331412
case4,25,8600,1,0.065116
case4,25,8600,2,0.126628
case4,25,8600,3,0.211047
case4,25,8600,4,0.265116
case4,25,8600,5,0.332093
case4,25,8700,1,0.065172
case4,25,8700,2,0.126897
case4,25,8700,3,0.211149
case4,25,8700,4,0.265057
case4,25,8700,5,0.331724
case4,25,8800,1,0.065114
case4,25,8800,2,0.127500
case4,25,8800,3,0.211932
case4,25,8800,4,0.264091
case4,25,8800,5,0.331364
case4,25,8900,1,0.065281
case4,25,8900,2,0.127303
case4,25,8900,3,0.212135
case4,25,8900,4,0.264270
case4,25,8900,5,0.331011
case4,25,9000,1,0.065000
case4,25,9000,2,0.127778
case4,25,9000,3,0.212111
case4,25,9000,4,0.264444
case4,25,9000,5,0.330667
case4,25,9100,1,0.065604
case4,25,9100,2,0.127802
case4,25,9100,3,0.211648
case4,25,9100,4,0.264286
case4,25,9100,5,0.330659
case4,25,9200,1,0.065543
case4,25,9200,2,0.127500
case4,25,9200,3,0.212500
case4,25,9200,4,0.264348
case4,25,9200,5,0.330109
case4,25,9300,1,0.065484
case4,25,9300,2,0.127419
case4,25,9300,3,0.212258
case4,25,9300,4,0.263763
case4,25,9300,5,0.331075
case4,25,9400,1,0.065638
case4,25,9400,2,0.126915
case4,25,9400,3,0.212340
case4,25,9400,4,0.263617
case4,25,9400,5,0.331489
case4,25,9500,1,0.066000
case4,25,9500,2,0.127263
case4,25,9500,3,0.212842
case4,25,9500,4,0.262737
case4,25,9500,5,0.331158
case4,25,9600,1,0.065417
case4,25,9600,2,0.126771
case4,25,9600,3,0.212500
case4,25,9600,4,0.262708
case4,25,9600,5,0.332604
case4,25,9700,1,0.065876
case4,25,9700,2,0.127010
case4,25,9700,3,0.212474
case4,25,9700,4,0.262784
case4,25,9700,5,0.331856
case4,25,9800,1,0.065918
case4,25,9800,2,0.126837
case4,25,9800,3,0.212551
case4,25,9800,4,0.262347
case4,25,9800,5,0.332347
case4,25,9900,1,0.065960
case4,25,9900,2,0.126566
case4,25,9900,3,0.213030
case4,25,9900,4,0.261919
case4,25,9900,5,0.332525
case4,25,10000,1,0.065900
case4,25,10000,2,0.126500
case4,25,10000,3,0.213200
case4,25,10000,4,0.262000
case4,25,10000,5,0.332400
case4,26,100,1,0.040000
case4,26,100,2,0.130000
case4,26,100,3,0.120000
case4,26,100,4,0.400000
case4,26,100,5,0.310000
case4,26,200,1,0.050000
case4,26,200,2,0.130000
case4,26,200,3,0.130000
case4,26,200,4,0.315000
case4,26,200,5,0.375000
case4,26,300,1,0.066667
case4,26,300,2,0.133333
case4,26,300,3,0.146667
case4,26,300,4,0.293333
case4,26,300,5,0.360000
case4,26,400,1,0.062500
case4,26,400,2,0.142500
case4,26,400,3,0.172500
case4,26,400,4,0.275000
case4,26,400,5,0.347500
case4,26,500,1,0.062000
case4,26,500,2,0.150000
case4,26,500,3,0.176000
case4,26,500,4,0.262000
case4,26,500,5,0.350000
case4,26,600,1,0.063333
case4,26,600,2,0.143333
case4,26,600,3,0.181667
case4,26,600,4,0.258333
case4,26,600,5,0.353333
case4,26,700,1,0.062857
case4,26,700,2,0.135714
case4,26,700,3,0.178571
case4,26,700,4,0.265714
case4,26,700,5,0.357143
case4,26,800,1,0.065000
case4,26,800,2,0.135000
case4,26,800,3,0.181250
case4,26,800,4,0.263750
case4,26,800,5,0.355000
case4,26,900,1,0.065556
case4,26,900,2,0.133333
case4,26,900,3,0.177778
case4,26,900,4,0.268889
case4,26,900,5,0.354444
case4,26,1000,1,0.065000
case4,26,1000,2,0.131000
case4,26,1000,3,0.181000
case4,26,1000,4,0.269000
case4,26,1000,5,0.354000
case4,26,1100,1,0.064545
case4,26,1100,2,0.128182
case4,26,1100,3,0.182727
case4,26,1100,4,0.270000
case4,26,1100,5,0.354545
case4,26,1200,1,0.065000
case4,26,1200,2,0.129167
case4,26,1200,3,0.185000
case4,26,1200,4,0.265833
case4,26,1200,5,0.355000
case4,26,1300,1,0.065385
case4,26,1300,2,0.130769
case4,26,1300,3,0.187692
case4,26,1300,4,0.264615
case4,26,1300,5,0.351538
case4,26,1400,1,0.063571
case4,26,1400,2,0.129286
case4,26,1400,3,0.190714
case4,26,1400,4,0.262857
case4,26,1400,5,0.353571
case4,26,1500,1,0.063333
case4,26,1500,2,0.127333
case4,26,1500,3,0.196000
case4,26,1500,4,0.265333
case4,26,1500,5,0.348000
case4,26,1600,1,0.061250
case4,26,1600,2,0.129375
case4,26,1600,3,0.195625
case4,26,1600,4,0.267500
case4,26,1600,5,0.346250
case4,26,1700,1,0.064118
case4,26,1700,2,0.130588
case4,26,1700,3,0.195882
case4,26,1700,4,0.265882
case4,26,1700,5,0.343529
case4,26,1800,1,0.066111
case4,26,1800,2,0.127778
case4,26,1800,3,0.192778
case4,26,1800,4,0.270000
case4,26,1800,5,0.343333
case4,26,1900,1,0.067368
case4,26,1900,2,0.128947
case4,26,1900,3,0.191579
case4,26,1900,4,0.269474
case4,26,1900,5,0.342632
case4,26,2000,1,0.065500
case4,26,2000,2,0.128500
case4,26,2000,3,0.191500
case4,26,2000,4,0.270000
case4,26,2000,5,0.344500
case4,26,2100,1,0.065714
case4,26,2100,2,0.128571
case4,26,2100,3,0.190476
case4,26,2100,4,0.270000
case4,26,2100,5,0.345238
case4,26,2200,1,0.066818
case4,26,2200,2,0.127273
case4,26,2200,3,0.190000
case4,26,2200,4,0.275455
case4,26,2200,5,0.340455
case4,26,2300,1,0.067826
case4,26,2300,2,0.126087
case4,26,2300,3,0.190870
case4,26,2300,4,0.274783
case4,26,2300,5,0.340435
case4,26,2400,1,0.067083
case4,26,2400,2,0.123750
case4,26,2400,3,0.193333
case4,26,2400,4,0.277083
case4,26,2400,5,0.338750
case4,26,2500,1,0.066800
case4,26,2500,2,0.122400
case4,26,2500,3,0.195600
case4,26,2500,4,0.276400
case4,26,2500,5,0.338800
case4,26,2600,1,0.068077
case4,26,2600,2,0.124231
case4,26,2600,3,0.193846
case4,26,2600,4,0.275000
case4,26,2600,5,0.338846
case4,26,2700,1,0.067037
case4,26,2700,2,0.124074
case4,26,2700,3,0.193333
case4,26,2700,4,0.275185
case4,26,2700,5,0.340370
case4,26,2800,1,0.066071
case4,26,2800,2,0.126071
case4,26,2800,3,0.192500
case4,26,2800,4,0.272857
case4,26,2800,5,0.342500
case4,26,2900,1,0.068276
case4,26,2900,2,0.126207
case4,26,2900,3,0.191724
case4,26,2900,4,0.272069
case4,26,2900,5,0.341724
case4,26,3000,1,0.067333
case4,26,3000,2,0.127333
case4,26,3000,3,0.190333
case4,26,3000,4,0.271667
case4,26,3000,5,0.343333
case4,26,3100,1,0.066129
case4,26,3100,2,0.126452
case4,26,3100,3,0.191290
case4,26,3100,4,0.271290
case4,26,3100,5,0.344839
case4,26,3200,1,0.067187
case4,26,3200,2,0.126875
case4,26,3200,3,0.191250
case4,26,3200,4,0.268750
case4,26,3200,5,0.345938
case4,26,3300,1,0.065758
case4,26,3300,2,0.127879
case4,26,3300,3,0.192121
case4,26,3300,4,0.269091
case4,26,3300,5,0.345152
case4,26,3400,1,0.067059
case4,26,3400,2,0.127647
case4,26,3400,3,0.191176
case4,26,3400,4,0.269706
case4,26,3400,5,0.344412
case4,26,3500,1,0.066857
case4,26,3500,2,0.127429
case4,26,3500,3,0.192857
case4,26,3500,4,0.269714
case4,26,3500,5,0.343143
case4,26,3600,1,0.067222
case4,26,3600,2,0.128889
case4,26,3600,3,0.190556
case4,26,3600,4,0.269722
case4,26,3600,5,0.343611
case4,26,3700,1,0.067027
case4,26,3700,2,0.127297
case4,26,3700,3,0.190000
case4,26,3700,4,0.270000
case4,26,3700,5,0.345676
case4,26,3800,1,0.066579
case4,26,3800,2,0.127632
case4,26,3800,3,0.190789
case4,26,3800,4,0.268421
case4,26,3800,5,0.346579
case4,26,3900,1,0.066410
case4,26,3900,2,0.127692
case4,26,3900,3,0.189487
case4,26,3900,4,0.267692
case4,26,3900,5,0.348718
case4,26,4000,1,0.066250
case4,26,4000,2,0.127500
case4,26,4000,3,0.189250
case4,26,4000,4,0.266750
case4,26,4000,5,0.350250
case4,26,4100,1,0.066341
case4,26,4100,2,0.127805
case4,26,4100,3,0.190000
case4,26,4100,4,0.265122
case4,26,4100,5,0.350732
case4,26,4200,1,0.066429
case4,26,4200,2,0.126905
case4,26,4200,3,0.191905
case4,26,4200,4,0.263571
case4,26,4200,5,0.351190
case4,26,4300,1,0.067209
case4,26,4300,2,0.127442
case4,26,4300,3,0.191163
case4,26,4300,4,0.264186
case4,26,4300,5,0.350000
case4,26,4400,1,0.067045
case4,26,4400,2,0.126818
case4,26,4400,3,0.190455
case4,26,4400,4,0.265455
case4,26,4400,5,0.350227
case4,26,4500,1,0.067111
case4,26,4500,2,0.126000
case4,26,4500,3,0.189778
case4,26,4500,4,0.266444
case4,26,4500,5,0.350667
case4,26,4600,1,0.066957
case4,26,4600,2,0.125217
case4,26,4600,3,0.190652
case4,26,4600,4,0.266739
case4,26,4600,5,0.350435
case4,26,4700,1,0.067234
case4,26,4700,2,0.124894
case4,26,4700,3,0.191064
case4,26,4700,4,0.266809
case4,26,4700,5,0.350000
case4,26,4800,1,0.067083
case4,26,4800,2,0.124375
case4,26,4800,3,0.192083
case4,26,4800,4,0.266042
case4,26,4800,5,0.350417
case4,26,4900,1,0.067143
case4,26,4900,2,0.124490
case4,26,4900,3,0.192857
case4,26,4900,4,0.266122
case4,26,4900,5,0.349388
case4,26,5000,1,0.066800
case4,26,5000,2,0.123600
case4,26,5000,3,0.193400
case4,26,5000,4,0.265800
case4,26,5000,5,0.350400
case4,26,5100,1,0.066667
case4,26,5100,2,0.123333
case4,26,5100,3,0.193529
case4,26,5100,4,0.265882
case4,26,5100,5,0.350588
case4,26,5200,1,0.066923
case4,26,5200,2,0.123077
case4,26,5200,3,0.194808
case4,26,5200,4,0.265962
case4,26,5200,5,0.349231
case4,26,5300,1,0.066038
case4,26,5300,2,0.123962
case4,26,5300,3,0.195472
case4,26,5300,4,0.265849
case4,26,5300,5,0.348679
case4,26,5400,1,0.066111
case4,26,5400,2,0.124259
case4,26,5400,3,0.195556
case4,26,5400,4,0.265926
case4,26,5400,5,0.348148
case4,26,5500,1,0.065636
case4,26,5500,2,0.125273
case4,26,5500,3,0.196727
case4,26,5500,4,0.265091
case4,26,5500,5,0.347273
case4,26,5600,1,0.065714
case4,26,5600,2,0.124821
case4,26,5600,3,0.197321
case4,26,5600,4,0.265714
case4,26,5600,5,0.346429
case4,26,5700,1,0.065439
case4,26,5700,2,0.125614
case4,26,5700,3,0.197193
case4,26,5700,4,0.266316
case4,26,5700,5,0.345439
case4,26,5800,1,0.065690
case4,26,5800,2,0.125345
case4,26,5800,3,0.198103
case4,26,5800,4,0.265000
case4,26,5800,5,0.345862
case4,26,5900,1,0.065424
case4,26,5900,2,0.125085
case4,26,5900,3,0.197797
case4,26,5900,4,0.265593
case4,26,5900,5,0.346102
case4,26,6000,1,0.065500
case4,26,6000,2,0.124833
case4,26,6000,3,0.197667
case4,26,6000,4,0.266667
case4,26,6000,5,0.345333
case4,26,6100,1,0.065246
case4,26,6100,2,0.124590
case4,26,6100,3,0.197869
case4,26,6100,4,0.267869
case4,26,6100,5,0.344426
case4,26,6200,1,0.065484
case4,26,6200,2,0.125161
case4,26,6200,3,0.198387
case4,26,6200,4,0.267097
case4,26,6200,5,0.343871
case4,26,6300,1,0.064762
case4,26,6300,2,0.125873
case4,26,6300,3,0.198095
case4,26,6300,4,0.267143
case4,26,6300,5,0.344127
case4,26,6400,1,0.064375
case4,26,6400,2,0.126562
case4,26,6400,3,0.197344
case4,26,6400,4,0.266719
case4,26,6400,5,0.345000
case4,26,6500,1,0.064462
case4,26,6500,2,0.126923
case4,26,6500,3,0.198308
case4,26,6500,4,0.266769
case4,26,6500,5,0.343538
case4,26,6600,1,0.065000
case4,26,6600,2,0.126667
case4,26,6600,3,0.197424
case4,26,6600,4,0.266061
case4,26,6600,5,0.344848
case4,26,6700,1,0.065522
case4,26,6700,2,0.126418
case4,26,6700,3,0.198060
case4,26,6700,4,0.265075
case4,26,6700,5,0.344925
case4,26,6800,1,0.065294
case4,26,6800,2,0.126324
case4,26,6800,3,0.198382
case4,26,6800,4,0.264412
case4,26,6800,5,0.345588
case4,26,6900,1,0.065362
case4,26,6900,2,0.126232
case4,26,6900,3,0.199565
case4,26,6900,4,0.263768
case4,26,6900,5,0.345072
case4,26,7000,1,0.064857
case4,26,7000,2,0.126857
case4,26,7000,3,0.199714
case4,26,7000,4,0.264429
case4,26,7000,5,0.344143
case4,26,7100,1,0.064366
case4,26,7100,2,0.126338
case4,26,7100,3,0.200141
case4,26,7100,4,0.264648
case4,26,7100,5,0.344507
case4,26,7200,1,0.064722
case4,26,7200,2,0.125972
case4,26,7200,3,0.200139
case4,26,7200,4,0.264722
case4,26,7200,5,0.344444
case4,26,7300,1,0.064932
case4,26,7300,2,0.126575
case4,26,7300,3,0.199863
case4,26,7300,4,0.264384
case4,26,7300,5,0.344247
case4,26,7400,1,0.064459
case4,26,7400,2,0.126622
case4,26,7400,3,0.199865
case4,26,7400,4,0.264730
case4,26,7400,5,0.344324
case4,26,7500,1,0.064000
case4,26,7500,2,0.127600
case4,26,7500,3,0.199333
case4,26,7500,4,0.264400
case4,26,7500,5,0.344667
case4,26,7600,1,0.064342
case4,26,7600,2,0.127500
case4,26,7600,3,0.198816
case4,26,7600,4,0.264737
case4,26,7600,5,0.344605
case4,26,7700,1,0.064416
case4,26,7700,2,0.127922
case4,26,7700,3,0.198831
case4,26,7700,4,0.265065
case4,26,7700,5,0.343766
case4,26,7800,1,0.064872
case4,26,7800,2,0.127308
case4,26,7800,3,0.199872
case4,26,7800,4,0.263462
case4,26,7800,5,0.344487
case4,26,7900,1,0.064810
case4,26,7900,2,0.127215
case4,26,7900,3,0.200000
case4,26,7900,4,0.264177
case4,26,7900,5,0.343797
case4,26,8000,1,0.064750
case4,26,8000,2,0.127375
case4,26,8000,3,0.200000
case4,26,8000,4,0.263750
case4,26,8000,5,0.344125
case4,26,8100,1,0.064691
case4,26,8100,2,0.127284
case4,26,8100,3,0.200370
case4,26,8100,4,0.264321
case4,26,8100,5,0.343333
case4,26,8200,1,0.064390
case4,26,8200,2,0.126707
case4,26,8200,3,0.201220
case4,26,8200,4,0.264512
case4,26,8200,5,0.343171
case4,26,8300,1,0.064458
case4,26,8300,2,0.126627
case4,26,8300,3,0.201325
case4,26,8300,4,0.264578
case4,26,8300,5,0.343012
case4,26,8400,1,0.064524
case4,26,8400,2,0.126786
case4,26,8400,3,0.201310
case4,26,8400,4,0.264048
case4,26,8400,5,0.343333
case4,26,8500,1,0.064471
case4,26,8500,2,0.127647
case4,26,8500,3,0.201294
case4,26,8500,4,0.263294
case4,26,8500,5,0.343294
case4,26,8600,1,0.064070
case4,26,8600,2,0.127907
case4,26,8600,3,0.200233
case4,26,8600,4,0.264302
case4,26,8600,5,0.343488
case4,26,8700,1,0.063908
case4,26,8700,2,0.127931
case4,26,8700,3,0.200000
case4,26,8700,4,0.263678
case4,26,8700,5,0.344483
case4,26,8800,1,0.064091
case4,26,8800,2,0.128295
case4,26,8800,3,0.199432
case4,26,8800,4,0.263295
case4,26,8800,5,0.344886
case4,26,8900,1,0.064045
case4,26,8900,2,0.128202
case4,26,8900,3,0.198876
case4,26,8900,4,0.264607
case4,26,8900,5,0.344270
case4,26,9000,1,0.063778
case4,26,9000,2,0.128111
case4,26,9000,3,0.199222
case4,26,9000,4,0.265444
case4,26,9000,5,0.343444
case4,26,9100,1,0.063736
case4,26,9100,2,0.128681
case4,26,9100,3,0.199451
case4,26,9100,4,0.264505
case4,26,9100,5,0.343626
case4,26,9200,1,0.063478
case4,26,9200,2,0.128804
case4,26,9200,3,0.199130
case4,26,9200,4,0.265109
case4,26,9200,5,0.343478
case4,26,9300,1,0.063226
case4,26,9300,2,0.129032
case4,26,9300,3,0.199247
case4,26,9300,4,0.265269
case4,26,9300,5,0.343226
case4,26,9400,1,0.063191
case4,26,9400,2,0.128723
case4,26,9400,3,0.199149
case4,26,9400,4,0.265745
case4,26,9400,5,0.343191
case4,26,9500,1,0.064000
case4,26,9500,2,0.129053
case4,26,9500,3,0.198947
case4,26,9500,4,0.265895
case4,26,9500,5,0.342105
case4,26,9600,1,0.063958
case4,26,9600,2,0.129479
case4,26,9600,3,0.198854
case4,26,9600,4,0.266250
case4,26,9600,5,0.341458
case4,26,9700,1,0.063918
case4,26,9700,2,0.129381
case4,26,9700,3,0.199588
case4,26,9700,4,0.264948
case4,26,9700,5,0.342165
case4,26,9800,1,0.064082
case4,26,9800,2,0.129184
case4,26,9800,3,0.199286
case4,26,9800,4,0.265000
case4,26,9800,5,0.342449
case4,26,9900,1,0.064444
case4,26,9900,2,0.129091
case4,26,9900,3,0.199798
case4,26,9900,4,0.265051
case4,26,9900,5,0.341616
case4,26,10000,1,0.064600
case4,26,10000,2,0.129000
case4,26,10000,3,0.199900
case4,26,10000,4,0.265500
case4,26,10000,5,0.341000
case4,27,100,1,0.080000
case4,27,100,2,0.140000
case4,27,100,3,0.270000
case4,27,100,4,0.230000
case4,27,100,5,0.280000
case4,27,200,1,0.060000
case4,27,200,2,0.145000
case4,27,200,3,0.210000
case4,27,200,4,0.290000
case4,27,200,5,0.295000
case4,27,300,1,0.076667
case4,27,300,2,0.143333
case4,27,300,3,0.203333
case4,27,300,4,0.290000
case4,27,300,5,0.286667
case4,27,400,1,0.075000
case4,27,400,2,0.145000
case4,27,400,3,0.220000
case4,27,400,4,0.265000
case4,27,400,5,0.295000
case4,27,500,1,0.072000
case4,27,500,2,0.134000
case4,27,500,3,0.222000
case4,27,500,4,0.262000
case4,27,500,5,0.310000
case4,27,600,1,0.066667
case4,27,600,2,0.128333
case4,27,600,3,0.215000
case4,27,600,4,0.273333
case4,27,600,5,0.316667
case4,27,700,1,0.065714
case4,27,700,2,0.127143
case4,27,700,3,0.211429
case4,27,700,4,0.281429
case4,27,700,5,0.314286
case4,27,800,1,0.065000
case4,27,800,2,0.130000
case4,27,800,3,0.208750
case4,27,800,4,0.271250
case4,27,800,5,0.325000
case4,27,900,1,0.064444
case4,27,900,2,0.124444
case4,27,900,3,0.207778
case4,27,900,4,0.273333
case4,27,900,5,0.330000
case4,27,1000,1,0.063000
case4,27,1000,2,0.128000
case4,27,1000,3,0.201000
case4,27,1000,4,0.278000
case4,27,1000,5,0.330000
case4,27,1100,1,0.063636
case4,27,1100,2,0.128182
case4,27,1100,3,0.205455
case4,27,1100,4,0.271818
case4,27,1100,5,0.330909
case4,27,1200,1,0.065833
case4,27,1200,2,0.126667
case4,27,1200,3,0.205000
case4,27,1200,4,0.270000
case4,27,1200,5,0.332500
case4,27,1300,1,0.064615
case4,27,1300,2,0.130769
case4,27,1300,3,0.208462
case4,27,1300,4,0.269231
case4,27,1300,5,0.326923
case4,27,1400,1,0.063571
case4,27,1400,2,0.135714
case4,27,1400,3,0.205714
case4,27,1400,4,0.267857
case4,27,1400,5,0.327143
case4,27,1500,1,0.064667
case4,27,1500,2,0.134000
case4,27,1500,3,0.208667
case4,27,1500,4,0.265333
case4,27,1500,5,0.327333
case4,27,1600,1,0.066250
case4,27,1600,2,0.132500
case4,27,1600,3,0.207500
case4,27,1600,4,0.266250
case4,27,1600,5,0.327500
case4,27,1700,1,0.066471
case4,27,1700,2,0.135294
case4,27,1700,3,0.205882
case4,27,1700,4,0.269412
case4,27,1700,5,0.322941
case4,27,1800,1,0.070000
case4,27,1800,2,0.135000
case4,27,1800,3,0.203333
case4,27,1800,4,0.270556
case4,27,1800,5,0.321111
case4,27,1900,1,0.068421
case4,27,1900,2,0.137895
case4,27,1900,3,0.204737
case4,27,1900,4,0.267895
case4,27,1900,5,0.321053
case4,27,2000,1,0.070000
case4,27,2000,2,0.136000
case4,27,2000,3,0.205500
case4,27,2000,4,0.267500
case4,27,2000,5,0.321000
case4,27,2100,1,0.069524
case4,27,2100,2,0.136190
case4,27,2100,3,0.210000
case4,27,2100,4,0.266190
case4,27,2100,5,0.318095
case4,27,2200,1,0.070000
case4,27,2200,2,0.136818
case4,27,2200,3,0.208182
case4,27,2200,4,0.264545
case4,27,2200,5,0.320455
case4,27,2300,1,0.070000
case4,27,2300,2,0.136087
case4,27,2300,3,0.206087
case4,27,2300,4,0.264783
case4,27,2300,5,0.323043
case4,27,2400,1,0.070417
case4,27,2400,2,0.134167
case4,27,2400,3,0.206667
case4,27,2400,4,0.264583
case4,27,2400,5,0.324167
case4,27,2500,1,0.070000
case4,27,2500,2,0.136000
case4,27,2500,3,0.204400
case4,27,2500,4,0.266400
case4,27,2500,5,0.323200
case4,27,2600,1,0.070385
case4,27,2600,2,0.136538
case4,27,2600,3,0.205769
case4,27,2600,4,0.263846
case4,27,2600,5,0.323462
case4,27,2700,1,0.070370
case4,27,2700,2,0.135556
case4,27,2700,3,0.205556
case4,27,2700,4,0.262963
case4,27,2700,5,0.325556
case4,27,2800,1,0.071786
case4,27,2800,2,0.134643
case4,27,2800,3,0.206071
case4,27,2800,4,0.262500
case4,27,2800,5,0.325000
case4,27,2900,1,0.070690
case4,27,2900,2,0.133793
case4,27,2900,3,0.206552
case4,27,2900,4,0.262414
case4,27,2900,5,0.326552
case4,27,3000,1,0.070667
case4,27,3000,2,0.132667
case4,27,3000,3,0.206333
case4,27,3000,4,0.263333
case4,27,3000,5,0.327000
case4,27,3100,1,0.070968
case4,27,3100,2,0.132903
case4,27,3100,3,0.207419
case4,27,3100,4,0.262903
case4,27,3100,5,0.325806
case4,27,3200,1,0.069062
case4,27,3200,2,0.134063
case4,27,3200,3,0.207187
case4,27,3200,4,0.265000
case4,27,3200,5,0.324688
case4,27,3300,1,0.070000
case4,27,3300,2,0.136061
case4,27,3300,3,0.207879
case4,27,3300,4,0.264545
case4,27,3300,5,0.321515
case4,27,3400,1,0.068824
case4,27,3400,2,0.135882
case4,27,3400,3,0.205294
case4,27,3400,4,0.266471
case4,27,3400,5,0.323529
case4,27,3500,1,0.068000
case4,27,3500,2,0.136000
case4,27,3500,3,0.204286
case4,27,3500,4,0.268286
case4,27,3500,5,0.323429
case4,27,3600,1,0.068611
case4,27,3600,2,0.135278
case4,27,3600,3,0.205833
case4,27,3600,4,0.268333
case4,27,3600,5,0.321944
case4,27,3700,1,0.068649
case4,27,3700,2,0.134595
case4,27,3700,3,0.205676
case4,27,3700,4,0.270000
case4,27,3700,5,0.321081
case4,27,3800,1,0.069211
case4,27,3800,2,0.133684
case4,27,3800,3,0.205526
case4,27,3800,4,0.270526
case4,27,3800,5,0.321053
case4,27,3900,1,0.070769
case4,27,3900,2,0.133077
case4,27,3900,3,0.204359
case4,27,3900,4,0.269487
case4,27,3900,5,0.322308
case4,27,4000,1,0.070250
case4,27,4000,2,0.133250
case4,27,4000,3,0.205500
case4,27,4000,4,0.269750
case4,27,4000,5,0.321250
case4,27,4100,1,0.069268
case4,27,4100,2,0.132683
case4,27,4100,3,0.205366
case4,27,4100,4,0.271220
case4,27,4100,5,0.321463
case4,27,4200,1,0.070238
case4,27,4200,2,0.132143
case4,27,4200,3,0.204762
case4,27,4200,4,0.270238
case4,27,4200,5,0.322619
case4,27,4300,1,0.070698
case4,27,4300,2,0.132326
case4,27,4300,3,0.204186
case4,27,4300,4,0.270000
case4,27,4300,5,0.322791
case4,27,4400,1,0.071364
case4,27,4400,2,0.131818
case4,27,4400,3,0.204545
case4,27,4400,4,0.268864
case4,27,4400,5,0.323409
case4,27,4500,1,0.070667
case4,27,4500,2,0.131778
case4,27,4500,3,0.205111
case4,27,4500,4,0.267333
case4,27,4500,5,0.325111
case4,27,4600,1,0.070652
case4,27,4600,2,0.130652
case4,27,4600,3,0.205652
case4,27,4600,4,0.269783
case4,27,4600,5,0.323261
case4,27,4700,1,0.071064
case4,27,4700,2,0.130426
case4,27,4700,3,0.206809
case4,27,4700,4,0.269574
case4,27,4700,5,0.322128
case4,27,4800,1,0.071042
case4,27,4800,2,0.130625
case4,27,4800,3,0.207083
case4,27,4800,4,0.269375
case4,27,4800,5,0.321875
case4,27,4900,1,0.071429
case4,27,4900,2,0.129796
case4,27,4900,3,0.207551
case4,27,4900,4,0.268367
case4,27,4900,5,0.322857
case4,27,5000,1,0.070800
case4,27,5000,2,0.130000
case4,27,5000,3,0.206800
case4,27,5000,4,0.269400
case4,27,5000,5,0.323000
case4,27,5100,1,0.069804
case4,27,5100,2,0.130196
case4,27,5100,3,0.206863
case4,27,5100,4,0.269216
case4,27,5100,5,0.323922
case4,27,5200,1,0.069423
case4,27,5200,2,0.131154
case4,27,5200,3,0.206346
case4,27,5200,4,0.269808
case4,27,5200,5,0.323269
case4,27,5300,1,0.068679
case4,27,5300,2,0.132264
case4,27,5300,3,0.206038
case4,27,5300,4,0.269245
case4,27,5300,5,0.323774
case4,27,5400,1,0.067963
case4,27,5400,2,0.131296
case4,27,5400,3,0.205556
case4,27,5400,4,0.270926
case4,27,5400,5,0.324259
case4,27,5500,1,0.067273
case4,27,5500,2,0.131818
case4,27,5500,3,0.206545
case4,27,5500,4,0.270364
case4,27,5500,5,0.324000
case4,27,5600,1,0.067500
case4,27,5600,2,0.132321
case4,27,5600,3,0.206607
case4,27,5600,4,0.270179
case4,27,5600,5,0.323393
case4,27,5700,1,0.067719
case4,27,5700,2,0.132456
case4,27,5700,3,0.205789
case4,27,5700,4,0.271579
case4,27,5700,5,0.322456
case4,27,5800,1,0.067241
case4,27,5800,2,0.132414
case4,27,5800,3,0.205345
case4,27,5800,4,0.270517
case4,27,5800,5,0.324483
case4,27,5900,1,0.066441
case4,27,5900,2,0.132373
case4,27,5900,3,0.205932
case4,27,5900,4,0.269831
case4,27,5900,5,0.325424
case4,27,6000,1,0.066333
case4,27,6000,2,0.132167
case4,27,6000,3,0.206333
case4,27,6000,4,0.270500
case4,27,6000,5,0.324667
case4,27,6100,1,0.066230
case4,27,6100,2,0.131311
case4,27,6100,3,0.206066
case4,27,6100,4,0.270984
case4,27,6100,5,0.325410
case4,27,6200,1,0.065484
case4,27,6200,2,0.130968
case4,27,6200,3,0.207097
case4,27,6200,4,0.271774
case4,27,6200,5,0.324677
case4,27,6300,1,0.065714
case4,27,6300,2,0.130635
case4,27,6300,3,0.207143
case4,27,6300,4,0.271111
case4,27,6300,5,0.325397
case4,27,6400,1,0.065625
case4,27,6400,2,0.130625
case4,27,6400,3,0.207031
case4,27,6400,4,0.271094
case4,27,6400,5,0.325625
case4,27,6500,1,0.065538
case4,27,6500,2,0.131692
case4,27,6500,3,0.205538
case4,27,6500,4,0.271385
case4,27,6500,5,0.325846
case4,27,6600,1,0.065606
case4,27,6600,2,0.131212
case4,27,6600,3,0.205909
case4,27,6600,4,0.270455
case4,27,6600,5,0.326818
case4,27,6700,1,0.065522
case4,27,6700,2,0.130597
case4,27,6700,3,0.207164
case4,27,6700,4,0.269403
case4,27,6700,5,0.327313
case4,27,6800,1,0.065441
case4,27,6800,2,0.131324
case4,27,6800,3,0.207059
case4,27,6800,4,0.268382
case4,27,6800,5,0.327794
case4,27,6900,1,0.065652
case4,27,6900,2,0.131304
case4,27,6900,3,0.207826
case4,27,6900,4,0.268551
case4,27,6900,5,0.326667
case4,27,7000,1,0.066143
case4,27,7000,2,0.131286
case4,27,7000,3,0.207714
case4,27,7000,4,0.269143
case4,27,7000,5,0.325714
case4,27,7100,1,0.066479
case4,27,7100,2,0.131690
case4,27,7100,3,0.207746
case4,27,7100,4,0.268873
case4,27,7100,5,0.325211
case4,27,7200,1,0.066667
case4,27,7200,2,0.131944
case4,27,7200,3,0.207639
case4,27,7200,4,0.268333
case4,27,7200,5,0.325417
case4,27,7300,1,0.066849
case4,27,7300,2,0.132192
case4,27,7300,3,0.206986
case4,27,7300,4,0.267945
case4,27,7300,5,0.326027
case4,27,7400,1,0.066892
case4,27,7400,2,0.132027
case4,27,7400,3,0.206757
case4,27,7400,4,0.267838
case4,27,7400,5,0.326486
case4,27,7500,1,0.066800
case4,27,7500,2,0.131467
case4,27,7500,3,0.206667
case4,27,7500,4,0.268000
case4,27,7500,5,0.327067
case4,27,7600,1,0.067105
case4,27,7600,2,0.131842
case4,27,7600,3,0.207632
case4,27,7600,4,0.267368
case4,27,7600,5,0.326053
case4,27,7700,1,0.067013
case4,27,7700,2,0.131688
case4,27,7700,3,0.208052
case4,27,7700,4,0.267143
case4,27,7700,5,0.326104
case4,27,7800,1,0.066923
case4,27,7800,2,0.131026
case4,27,7800,3,0.207692
case4,27,7800,4,0.268077
case4,27,7800,5,0.326282
case4,27,7900,1,0.066835
case4,27,7900,2,0.131646
case4,27,7900,3,0.207215
case4,27,7900,4,0.268228
case4,27,7900,5,0.326076
case4,27,8000,1,0.066375
case4,27,8000,2,0.131000
case4,27,8000,3,0.207625
case4,27,8000,4,0.268500
case4,27,8000,5,0.326500
case4,27,8100,1,0.066420
case4,27,8100,2,0.131111
case4,27,8100,3,0.207284
case4,27,8100,4,0.268642
case4,27,8100,5,0.326543
case4,27,8200,1,0.066341
case4,27,8200,2,0.131098
case4,27,8200,3,0.206707
case4,27,8200,4,0.268780
case4,27,8200,5,0.327073
case4,27,8300,1,0.065904
case4,27,8300,2,0.131325
case4,27,8300,3,0.207108
case4,27,8300,4,0.269157
case4,27,8300,5,0.326506
case4,27,8400,1,0.065952
case4,27,8400,2,0.130952
case4,27,8400,3,0.207500
case4,27,8400,4,0.269405
case4,27,8400,5,0.326190
case4,27,8500,1,0.066000
case4,27,8500,2,0.131059
case4,27,8500,3,0.206706
case4,27,8500,4,0.269059
case4,27,8500,5,0.327176
case4,27,8600,1,0.066279
case4,27,8600,2,0.131395
case4,27,8600,3,0.206744
case4,27,8600,4,0.269186
case4,27,8600,5,0.326395
case4,27,8700,1,0.066322
case4,27,8700,2,0.131149
case4,27,8700,3,0.206552
case4,27,8700,4,0.269425
case4,27,8700,5,0.326552
case4,27,8800,1,0.066591
case4,27,8800,2,0.131023
case4,27,8800,3,0.206591
case4,27,8800,4,0.268977
case4,27,8800,5,0.326818
case4,27,8900,1,0.066292
case4,27,8900,2,0.131573
case4,27,8900,3,0.206517
case4,27,8900,4,0.268652
case4,27,8900,5,0.326966
case4,27,9000,1,0.066667
case4,27,9000,2,0.131111
case4,27,9000,3,0.206667
case4,27,9000,4,0.267778
case4,27,9000,5,0.327778
case4,27,9100,1,0.066813
case4,27,9100,2,0.131319
case4,27,9100,3,0.205824
case4,27,9100,4,0.268571
case4,27,9100,5,0.327473
case4,27,9200,1,0.067065
case4,27,9200,2,0.131413
case4,27,9200,3,0.205326
case4,27,9200,4,0.268587
case4,27,9200,5,0.327609
case4,27,9300,1,0.066882
case4,27,9300,2,0.131720
case4,27,9300,3,0.205591
case4,27,9300,4,0.268387
case4,27,9300,5,0.327419
case4,27,9400,1,0.066596
case4,27,9400,2,0.131702
case4,27,9400,3,0.205745
case4,27,9400,4,0.269149
case4,27,9400,5,0.326809
case4,27,9500,1,0.066526
case4,27,9500,2,0.132211
case4,27,9500,3,0.205053
case4,27,9500,4,0.269158
case4,27,9500,5,0.327053
case4,27,9600,1,0.066875
case4,27,9600,2,0.132083
case4,27,9600,3,0.204687
case4,27,9600,4,0.269271
case4,27,9600,5,0.327083
case4,27,9700,1,0.067010
case4,27,9700,2,0.132165
case4,27,9700,3,0.204536
case4,27,9700,4,0.268866
case4,27,9700,5,0.327423
case4,27,9800,1,0.067041
case4,27,9800,2,0.132245
case4,27,9800,3,0.204592
case4,27,9800,4,0.268673
case4,27,9800,5,0.327449
case4,27,9900,1,0.066566
case4,27,9900,2,0.132323
case4,27,9900,3,0.204646
case4,27,9900,4,0.268788
case4,27,9900,5,0.327677
case4,27,10000,1,0.066500
case4,27,10000,2,0.132500
case4,27,10000,3,0.204500
case4,27,10000,4,0.269100
case4,27,10000,5,0.327400
case4,28,100,1,0.040000
case4,28,100,2,0.150000
case4,28,100,3,0.200000
case4,28,100,4,0.270000
case4,28,100,5,0.340000
case4,28,200,1,0.060000
case4,28,200,2,0.140000
case4,28,200,3,0.205000
case4,28,200,4,0.270000
case4,28,200,5,0.325000
case4,28,300,1,0.080000
case4,28,300,2,0.140000
case4,28,300,3,0.203333
case4,28,300,4,0.260000
case4,28,300,5,0.316667
case4,28,400,1,0.072500
case4,28,400,2,0.135000
case4,28,400,3,0.200000
case4,28,400,4,0.277500
case4,28,400,5,0.315000
case4,28,500,1,0.074000
case4,28,500,2,0.142000
case4,28,500,3,0.200000
case4,28,500,4,0.264000
case4,28,500,5,0.320000
case4,28,600,1,0.065000
case4,28,600,2,0.145000
case4,28,600,3,0.190000
case4,28,600,4,0.261667
case4,28,600,5,0.338333
case4,28,700,1,0.067143
case4,28,700,2,0.138571
case4,28,700,3,0.191429
case4,28,700,4,0.267143
case4,28,700,5,0.335714
case4,28,800,1,0.065000
case4,28,800,2,0.138750
case4,28,800,3,0.186250
case4,28,800,4,0.270000
case4,28,800,5,0.340000
case4,28,900,1,0.067778
case4,28,900,2,0.137778
case4,28,900,3,0.183333
case4,28,900,4,0.280000
case4,28,900,5,0.331111
case4,28,1000,1,0.069000
case4,28,1000,2,0.135000
case4,28,1000,3,0.188000
case4,28,1000,4,0.272000
case4,28,1000,5,0.336000
case4,28,1100,1,0.069091
case4,28,1100,2,0.135455
case4,28,1100,3,0.194545
case4,28,1100,4,0.268182
case4,28,1100,5,0.332727
case4,28,1200,1,0.067500
case4,28,1200,2,0.140000
case4,28,1200,3,0.195833
case4,28,1200,4,0.263333
case4,28,1200,5,0.333333
case4,28,1300,1,0.064615
case4,28,1300,2,0.137692
case4,28,1300,3,0.195385
case4,28,1300,4,0.261538
case4,28,1300,5,0.340769
case4,28,1400,1,0.065000
case4,28,1400,2,0.137857
case4,28,1400,3,0.197857
case4,28,1400,4,0.259286
case4,28,1400,5,0.340000
case4,28,1500,1,0.066000
case4,28,1500,2,0.136000
case4,28,1500,3,0.200000
case4,28,1500,4,0.264000
case4,28,1500,5,0.334000
case4,28,1600,1,0.063750
case4,28,1600,2,0.138125
case4,28,1600,3,0.200000
case4,28,1600,4,0.263750
case4,28,1600,5,0.334375
case4,28,1700,1,0.063529
case4,28,1700,2,0.134706
case4,28,1700,3,0.201176
case4,28,1700,4,0.262941
case4,28,1700,5,0.337647
case4,28,1800,1,0.065000
case4,28,1800,2,0.131667
case4,28,1800,3,0.202778
case4,28,1800,4,0.263333
case4,28,1800,5,0.337222
case4,28,1900,1,0.062632
case4,28,1900,2,0.130526
case4,28,1900,3,0.205789
case4,28,1900,4,0.263684
case4,28,1900,5,0.337368
case4,28,2000,1,0.063000
case4,28,2000,2,0.129000
case4,28,2000,3,0.207000
case4,28,2000,4,0.262500
case4,28,2000,5,0.338500
case4,28,2100,1,0.063333
case4,28,2100,2,0.128095
case4,28,2100,3,0.205238
case4,28,2100,4,0.268095
case4,28,2100,5,0.335238
case4,28,2200,1,0.063182
case4,28,2200,2,0.129545
case4,28,2200,3,0.203636
case4,28,2200,4,0.264545
case4,28,2200,5,0.339091
case4,28,2300,1,0.063913
case4,28,2300,2,0.131304
case4,28,2300,3,0.207391
case4,28,2300,4,0.262174
case4,28,2300,5,0.335217
case4,28,2400,1,0.062917
case4,28,2400,2,0.130000
case4,28,2400,3,0.209167
case4,28,2400,4,0.262083
case4,28,2400,5,0.335833
case4,28,2500,1,0.064800
case4,28,2500,2,0.130400
case4,28,2500,3,0.207200
case4,28,2500,4,0.260800
case4,28,2500,5,0.336800
case4,28,2600,1,0.063462
case4,28,2600,2,0.129615
case4,28,2600,3,0.208077
case4,28,2600,4,0.259615
case4,28,2600,5,0.339231
case4,28,2700,1,0.062222
case4,28,2700,2,0.130000
case4,28,2700,3,0.206667
case4,28,2700,4,0.261111
case4,28,2700,5,0.340000
case4,28,2800,1,0.063571
case4,28,2800,2,0.130714
case4,28,2800,3,0.206071
case4,28,2800,4,0.259286
case4,28,2800,5,0.340357
case4,28,2900,1,0.062759
case4,28,2900,2,0.130690
case4,28,2900,3,0.207586
case4,28,2900,4,0.257241
case4,28,2900,5,0.341724
case4,28,3000,1,0.063000
case4,28,3000,2,0.130667
case4,28,3000,3,0.210000
case4,28,3000,4,0.256333
case4,28,3000,5,0.340000
case4,28,3100,1,0.063548
case4,28,3100,2,0.130645
case4,28,3100,3,0.207419
case4,28,3100,4,0.255806
case4,28,3100,5,0.342581
case4,28,3200,1,0.064687
case4,28,3200,2,0.130938
case4,28,3200,3,0.205313
case4,28,3200,4,0.256250
case4,28,3200,5,0.342813
case4,28,3300,1,0.064242
case4,28,3300,2,0.131515
case4,28,3300,3,0.204545
case4,28,3300,4,0.257273
case4,28,3300,5,0.342424
case4,28,3400,1,0.063529
case4,28,3400,2,0.132353
case4,28,3400,3,0.204412
case4,28,3400,4,0.255882
case4,28,3400,5,0.343824
case4,28,3500,1,0.064571
case4,28,3500,2,0.131143
case4,28,3500,3,0.203714
case4,28,3500,4,0.257143
case4,28,3500,5,0.343429
case4,28,3600,1,0.065000
case4,28,3600,2,0.130556
case4,28,3600,3,0.203333
case4,28,3600,4,0.257778
case4,28,3600,5,0.343333
case4,28,3700,1,0.065946
case4,28,3700,2,0.130541
case4,28,3700,3,0.203243
case4,28,3700,4,0.258378
case4,28,3700,5,0.341892
case4,28,3800,1,0.065526
case4,28,3800,2,0.130526
case4,28,3800,3,0.203947
case4,28,3800,4,0.258421
case4,28,3800,5,0.341579
case4,28,3900,1,0.066154
case4,28,3900,2,0.131282
case4,28,3900,3,0.203333
case4,28,3900,4,0.258974
case4,28,3900,5,0.340256
case4,28,4000,1,0.066750
case4,28,4000,2,0.131500
case4,28,4000,3,0.205000
case4,28,4000,4,0.257000
case4,28,4000,5,0.339750
case4,28,4100,1,0.067317
case4,28,4100,2,0.131463
case4,28,4100,3,0.204634
case4,28,4100,4,0.258293
case4,28,4100,5,0.338293
case4,28,4200,1,0.066667
case4,28,4200,2,0.132143
case4,28,4200,3,0.204048
case4,28,4200,4,0.258333
case4,28,4200,5,0.338810
case4,28,4300,1,0.066744
case4,28,4300,2,0.131628
case4,28,4300,3,0.203023
case4,28,4300,4,0.258140
case4,28,4300,5,0.340465
case4,28,4400,1,0.066364
case4,28,4400,2,0.131591
case4,28,4400,3,0.204091
case4,28,4400,4,0.257273
case4,28,4400,5,0.340682
case4,28,4500,1,0.066000
case4,28,4500,2,0.131111
case4,28,4500,3,0.203778
case4,28,4500,4,0.257333
case4,28,4500,5,0.341778
case4,28,4600,1,0.065870
case4,28,4600,2,0.130652
case4,28,4600,3,0.204565
case4,28,4600,4,0.258043
case4,28,4600,5,0.340870
case4,28,4700,1,0.066170
case4,28,4700,2,0.131277
case4,28,4700,3,0.204043
case4,28,4700,4,0.259787
case4,28,4700,5,0.338723
case4,28,4800,1,0.066667
case4,28,4800,2,0.130625
case4,28,4800,3,0.205417
case4,28,4800,4,0.258958
case4,28,4800,5,0.338333
case4,28,4900,1,0.067347
case4,28,4900,2,0.130204
case4,28,4900,3,0.205714
case4,28,4900,4,0.257551
case4,28,4900,5,0.339184
case4,28,5000,1,0.066600
case4,28,5000,2,0.129400
case4,28,5000,3,0.205200
case4,28,5000,4,0.259600
case4,28,5000,5,0.339200
case4,28,5100,1,0.067451
case4,28,5100,2,0.130588
case4,28,5100,3,0.204706
case4,28,5100,4,0.260000
case4,28,5100,5,0.337255
case4,28,5200,1,0.067500
case4,28,5200,2,0.131923
case4,28,5200,3,0.204231
case4,28,5200,4,0.258846
case4,28,5200,5,0.337500
case4,28,5300,1,0.068491
case4,28,5300,2,0.132453
case4,28,5300,3,0.203774
case4,28,5300,4,0.257170
case4,28,5300,5,0.338113
case4,28,5400,1,0.068519
case4,28,5400,2,0.132407
case4,28,5400,3,0.203148
case4,28,5400,4,0.256852
case4,28,5400,5,0.339074
case4,28,5500,1,0.068545
case4,28,5500,2,0.131818
case4,28,5500,3,0.202182
case4,28,5500,4,0.258545
case4,28,5500,5,0.338909
case4,28,5600,1,0.068214
case4,28,5600,2,0.131429
case4,28,5600,3,0.202679
case4,28,5600,4,0.260536
case4,28,5600,5,0.337143
case4,28,5700,1,0.068596
case4,28,5700,2,0.130702
case4,28,5700,3,0.202982
case4,28,5700,4,0.260877
case4,28,5700,5,0.336842
case4,28,5800,1,0.068276
case4,28,5800,2,0.131034
case4,28,5800,3,0.203621
case4,28,5800,4,0.260517
case4,28,5800,5,0.336552
case4,28,5900,1,0.068305
case4,28,5900,2,0.131864
case4,28,5900,3,0.203559
case4,28,5900,4,0.260847
case4,28,5900,5,0.335424
case4,28,6000,1,0.069000
case4,28,6000,2,0.132167
case4,28,6000,3,0.202500
case4,28,6000,4,0.259667
case4,28,6000,5,0.336667
case4,28,6100,1,0.068689
case4,28,6100,2,0.131803
case4,28,6100,3,0.202787
case4,28,6100,4,0.260164
case4,28,6100,5,0.336557
case4,28,6200,1,0.068548
case4,28,6200,2,0.131613
case4,28,6200,3,0.202258
case4,28,6200,4,0.261452
case4,28,6200,5,0.336129
case4,28,6300,1,0.068095
case4,28,6300,2,0.132381
case4,28,6300,3,0.202381
case4,28,6300,4,0.261429
case4,28,6300,5,0.335714
case4,28,6400,1,0.068281
case4,28,6400,2,0.132031
case4,28,6400,3,0.201719
case4,28,6400,4,0.261875
case4,28,6400,5,0.336094
case4,28,6500,1,0.068462
case4,28,6500,2,0.132462
case4,28,6500,3,0.201385
case4,28,6500,4,0.262154
case4,28,6500,5,0.335538
case4,28,6600,1,0.068939
case4,28,6600,2,0.132273
case4,28,6600,3,0.201970
case4,28,6600,4,0.262273
case4,28,6600,5,0.334545
case4,28,6700,1,0.069104
case4,28,6700,2,0.131194
case4,28,6700,3,0.201791
case4,28,6700,4,0.263582
case4,28,6700,5,0.334328
case4,28,6800,1,0.068971
case4,28,6800,2,0.131176
case4,28,6800,3,0.202059
case4,28,6800,4,0.263088
case4,28,6800,5,0.334706
case4,28,6900,1,0.068986
case4,28,6900,2,0.130580
case4,28,6900,3,0.202609
case4,28,6900,4,0.263623
case4,28,6900,5,0.334203
case4,28,7000,1,0.069714
case4,28,7000,2,0.130286
case4,28,7000,3,0.203143
case4,28,7000,4,0.263286
case4,28,7000,5,0.333571
case4,28,7100,1,0.069437
case4,28,7100,2,0.131690
case4,28,7100,3,0.203803
case4,28,7100,4,0.262535
case4,28,7100,5,0.332535
case4,28,7200,1,0.069306
case4,28,7200,2,0.131250
case4,28,7200,3,0.204167
case4,28,7200,4,0.262222
case4,28,7200,5,0.333056
case4,28,7300,1,0.068630
case4,28,7300,2,0.131918
case4,28,7300,3,0.203699
case4,28,7300,4,0.262877
case4,28,7300,5,0.332877
case4,28,7400,1,0.068108
case4,28,7400,2,0.131351
case4,28,7400,3,0.202973
case4,28,7400,4,0.264054
case4,28,7400,5,0.333514
case4,28,7500,1,0.068000
case4,28,7500,2,0.131600
case4,28,7500,3,0.202667
case4,28,7500,4,0.263867
case4,28,7500,5,0.333867
case4,28,7600,1,0.068026
case4,28,7600,2,0.131579
case4,28,7600,3,0.202632
case4,28,7600,4,0.263947
case4,28,7600,5,0.333816
case4,28,7700,1,0.067662
case4,28,7700,2,0.131039
case4,28,7700,3,0.203506
case4,28,7700,4,0.264545
case4,28,7700,5,0.333247
case4,28,7800,1,0.068333
case4,28,7800,2,0.130513
case4,28,7800,3,0.204103
case4,28,7800,4,0.263974
case4,28,7800,5,0.333077
case4,28,7900,1,0.068228
case4,28,7900,2,0.130253
case4,28,7900,3,0.204557
case4,28,7900,4,0.263291
case4,28,7900,5,0.333671
case4,28,8000,1,0.068750
case4,28,8000,2,0.130375
case4,28,8000,3,0.203875
case4,28,8000,4,0.263375
case4,28,8000,5,0.333625
case4,28,8100,1,0.068642
case4,28,8100,2,0.130247
case4,28,8100,3,0.203704
case4,28,8100,4,0.263704
case4,28,8100,5,0.333704
case4,28,8200,1,0.068293
case4,28,8200,2,0.130732
case4,28,8200,3,0.203902
case4,28,8200,4,0.263902
case4,28,8200,5,0.333171
case4,28,8300,1,0.068434
case4,28,8300,2,0.130602
case4,28,8300,3,0.204458
case4,28,8300,4,0.264096
case4,28,8300,5,0.332410
case4,28,8400,1,0.068095
case4,28,8400,2,0.129762
case4,28,8400,3,0.204286
case4,28,8400,4,0.265238
case4,28,8400,5,0.332619
case4,28,8500,1,0.067765
case4,28,8500,2,0.130353
case4,28,8500,3,0.203765
case4,28,8500,4,0.265765
case4,28,8500,5,0.332353
case4,28,8600,1,0.067558
case4,28,8600,2,0.130233
case4,28,8600,3,0.204186
case4,28,8600,4,0.265814
case4,28,8600,5,0.332209
case4,28,8700,1,0.067356
case4,28,8700,2,0.130460
case4,28,8700,3,0.204253
case4,28,8700,4,0.265747
case4,28,8700,5,0.332184
case4,28,8800,1,0.067614
case4,28,8800,2,0.131136
case4,28,8800,3,0.203864
case4,28,8800,4,0.266364
case4,28,8800,5,0.331023
case4,28,8900,1,0.067753
case4,28,8900,2,0.131461
case4,28,8900,3,0.203371
case4,28,8900,4,0.266067
case4,28,8900,5,0.331348
case4,28,9000,1,0.067889
case4,28,9000,2,0.131222
case4,28,9000,3,0.202778
case4,28,9000,4,0.266222
case4,28,9000,5,0.331889
case4,28,9100,1,0.067582
case4,28,9100,2,0.131538
case4,28,9100,3,0.202637
case4,28,9100,4,0.266044
case4,28,9100,5,0.332198
case4,28,9200,1,0.067391
case4,28,9200,2,0.132283
case4,28,9200,3,0.202391
case4,28,9200,4,0.265543
case4,28,9200,5,0.332391
case4,28,9300,1,0.067742
case4,28,9300,2,0.132366
case4,28,9300,3,0.201935
case4,28,9300,4,0.265806
case4,28,9300,5,0.332151
case4,28,9400,1,0.067766
case4,28,9400,2,0.132340
case4,28,9400,3,0.201809
case4,28,9400,4,0.266064
case4,28,9400,5,0.332021
case4,28,9500,1,0.068316
case4,28,9500,2,0.132000
case4,28,9500,3,0.202000
case4,28,9500,4,0.265368
case4,28,9500,5,0.332316
case4,28,9600,1,0.068542
case4,28,9600,2,0.131562
case4,28,9600,3,0.202396
case4,28,9600,4,0.264479
case4,28,9600,5,0.333021
case4,28,9700,1,0.069175
case4,28,9700,2,0.131959
case4,28,9700,3,0.202268
case4,28,9700,4,0.264227
case4,28,9700,5,0.332371
case4,28,9800,1,0.069490
case4,28,9800,2,0.131837
case4,28,9800,3,0.202143
case4,28,9800,4,0.263367
case4,28,9800,5,0.333163
case4,28,9900,1,0.068990
case4,28,9900,2,0.131717
case4,28,9900,3,0.202525
case4,28,9900,4,0.263131
case4,28,9900,5,0.333636
case4,28,10000,1,0.068600
case4,28,10000,2,0.132100
case4,28,10000,3,0.202800
case4,28,10000,4,0.262300
case4,28,10000,5,0.334200
case4,29,100,1,0.080000
case4,29,100,2,0.090000
case4,29,100,3,0.240000
case4,29,100,4,0.280000
case4,29,100,5,0.310000
case4,29,200,1,0.070000
case4,29,200,2,0.110000
case4,29,200,3,0.245000
case4,29,200,4,0.290000
case4,29,200,5,0.285000
case4,29,300,1,0.066667
case4,29,300,2,0.120000
case4,29,300,3,0.226667
case4,29,300,4,0.280000
case4,29,300,5,0.306667
case4,29,400,1,0.065000
case4,29,400,2,0.112500
case4,29,400,3,0.225000
case4,29,400,4,0.292500
case4,29,400,5,0.305000
case4,29,500,1,0.066000
case4,29,500,2,0.120000
case4,29,500,3,0.216000
case4,29,500,4,0.274000
case4,29,500,5,0.324000
case4,29,600,1,0.065000
case4,29,600,2,0.121667
case4,29,600,3,0.208333
case4,29,600,4,0.270000
case4,29,600,5,0.335000
case4,29,700,1,0.068571
case4,29,700,2,0.120000
case4,29,700,3,0.205714
case4,29,700,4,0.270000
case4,29,700,5,0.335714
case4,29,800,1,0.070000
case4,29,800,2,0.118750
case4,29,800,3,0.207500
case4,29,800,4,0.266250
case4,29,800,5,0.337500
case4,29,900,1,0.076667
case4,29,900,2,0.124444
case4,29,900,3,0.207778
case4,29,900,4,0.260000
case4,29,900,5,0.331111
case4,29,1000,1,0.077000
case4,29,1000,2,0.124000
case4,29,1000,3,0.212000
case4,29,1000,4,0.258000
case4,29,1000,5,0.329000
case4,29,1100,1,0.080909
case4,29,1100,2,0.120000
case4,29,1100,3,0.215455
case4,29,1100,4,0.254545
case4,29,1100,5,0.329091
case4,29,1200,1,0.080000
case4,29,1200,2,0.119167
case4,29,1200,3,0.214167
case4,29,1200,4,0.260833
case4,29,1200,5,0.325833
case4,29,1300,1,0.079231
case4,29,1300,2,0.120000
case4,29,1300,3,0.210000
case4,29,1300,4,0.268462
case4,29,1300,5,0.322308
case4,29,1400,1,0.080000
case4,29,1400,2,0.121429
case4,29,1400,3,0.207143
case4,29,1400,4,0.269286
case4,29,1400,5,0.322143
case4,29,1500,1,0.079333
case4,29,1500,2,0.120667
case4,29,1500,3,0.207333
case4,29,1500,4,0.271333
case4,29,1500,5,0.321333
case4,29,1600,1,0.078125
case4,29,1600,2,0.120625
case4,29,1600,3,0.207500
case4,29,1600,4,0.276250
case4,29,1600,5,0.317500
case4,29,1700,1,0.079412
case4,29,1700,2,0.121765
case4,29,1700,3,0.207647
case4,29,1700,4,0.275294
case4,29,1700,5,0.315882
case4,29,1800,1,0.077222
case4,29,1800,2,0.121667
case4,29,1800,3,0.205556
case4,29,1800,4,0.278889
case4,29,1800,5,0.316667
case4,29,1900,1,0.076316
case4,29,1900,2,0.124737
case4,29,1900,3,0.203684
case4,29,1900,4,0.277368
case4,29,1900,5,0.317895
case4,29,2000,1,0.075000
case4,29,2000,2,0.125500
case4,29,2000,3,0.205500
case4,29,2000,4,0.276000
case4,29,2000,5,0.318000
case4,29,2100,1,0.074286
case4,29,2100,2,0.125714
case4,29,2100,3,0.207143
case4,29,2100,4,0.273333
case4,29,2100,5,0.319524
case4,29,2200,1,0.072727
case4,29,2200,2,0.126364
case4,29,2200,3,0.205455
case4,29,2200,4,0.274545
case4,29,2200,5,0.320909
case4,29,2300,1,0.071304
case4,29,2300,2,0.126522
case4,29,2300,3,0.206087
case4,29,2300,4,0.275652
case4,29,2300,5,0.320435
case4,29,2400,1,0.070000
case4,29,2400,2,0.126667
case4,29,2400,3,0.207500
case4,29,2400,4,0.276250
case4,29,2400,5,0.319583
case4,29,2500,1,0.070400
case4,29,2500,2,0.126000
case4,29,2500,3,0.207200
case4,29,2500,4,0.275600
case4,29,2500,5,0.320800
case4,29,2600,1,0.071538
case4,29,2600,2,0.126538
case4,29,2600,3,0.208462
case4,29,2600,4,0.272308
case4,29,2600,5,0.321154
case4,29,2700,1,0.071852
case4,29,2700,2,0.128148
case4,29,2700,3,0.205185
case4,29,2700,4,0.271111
case4,29,2700,5,0.323704
case4,29,2800,1,0.071429
case4,29,2800,2,0.126786
case4,29,2800,3,0.203929
case4,29,2800,4,0.273214
case4,29,2800,5,0.324643
case4,29,2900,1,0.071379
case4,29,2900,2,0.127586
case4,29,2900,3,0.204828
case4,29,2900,4,0.274828
case4,29,2900,5,0.321379
case4,29,3000,1,0.070333
case4,29,3000,2,0.126333
case4,29,3000,3,0.204667
case4,29,3000,4,0.276333
case4,29,3000,5,0.322333
case4,29,3100,1,0.069355
case4,29,3100,2,0.126774
case4,29,3100,3,0.204839
case4,29,3100,4,0.276774
case4,29,3100,5,0.322258
case4,29,3200,1,0.068750
case4,29,3200,2,0.128125
case4,29,3200,3,0.204687
case4,29,3200,4,0.277813
case4,29,3200,5,0.320625
case4,29,3300,1,0.069091
case4,29,3300,2,0.127273
case4,29,3300,3,0.203939
case4,29,3300,4,0.281212
case4,29,3300,5,0.318485
case4,29,3400,1,0.068824
case4,29,3400,2,0.129118
case4,29,3400,3,0.206765
case4,29,3400,4,0.278529
case4,29,3400,5,0.316765
case4,29,3500,1,0.069714
case4,29,3500,2,0.129429
case4,29,3500,3,0.206000
case4,29,3500,4,0.276857
case4,29,3500,5,0.318000
case4,29,3600,1,0.070000
case4,29,3600,2,0.128889
case4,29,3600,3,0.205278
case4,29,3600,4,0.278056
case4,29,3600,5,0.317778
case4,29,3700,1,0.070270
case4,29,3700,2,0.128649
case4,29,3700,3,0.204865
case4,29,3700,4,0.277568
case4,29,3700,5,0.318649
case4,29,3800,1,0.071579
case4,29,3800,2,0.128421
case4,29,3800,3,0.204474
case4,29,3800,4,0.275263
case4,29,3800,5,0.320263
case4,29,3900,1,0.071795
case4,29,3900,2,0.128974
case4,29,3900,3,0.204872
case4,29,3900,4,0.273077
case4,29,3900,5,0.321282
case4,29,4000,1,0.071500
case4,29,4000,2,0.129500
case4,29,4000,3,0.206250
case4,29,4000,4,0.271750
case4,29,4000,5,0.321000
case4,29,4100,1,0.070976
case4,29,4100,2,0.128293
case4,29,4100,3,0.206585
case4,29,4100,4,0.271707
case4,29,4100,5,0.322439
case4,29,4200,1,0.070476
case4,29,4200,2,0.128571
case4,29,4200,3,0.207381
case4,29,4200,4,0.269762
case4,29,4200,5,0.323810
case4,29,4300,1,0.070930
case4,29,4300,2,0.128140
case4,29,4300,3,0.205349
case4,29,4300,4,0.269535
case4,29,4300,5,0.326047
case4,29,4400,1,0.070455
case4,29,4400,2,0.130000
case4,29,4400,3,0.205455
case4,29,4400,4,0.268864
case4,29,4400,5,0.325227
case4,29,4500,1,0.071778
case4,29,4500,2,0.129111
case4,29,4500,3,0.205333
case4,29,4500,4,0.268889
case4,29,4500,5,0.324889
case4,29,4600,1,0.071957
case4,29,4600,2,0.130000
case4,29,4600,3,0.205652
case4,29,4600,4,0.269130
case4,29,4600,5,0.323261
case4,29,4700,1,0.071489
case4,29,4700,2,0.131064
case4,29,4700,3,0.204681
case4,29,4700,4,0.268511
case4,29,4700,5,0.324255
case4,29,4800,1,0.071250
case4,29,4800,2,0.131458
case4,29,4800,3,0.204375
case4,29,4800,4,0.267083
case4,29,4800,5,0.325833
case4,29,4900,1,0.071224
case4,29,4900,2,0.132041
case4,29,4900,3,0.205102
case4,29,4900,4,0.266939
case4,29,4900,5,0.324694
case4,29,5000,1,0.070400
case4,29,5000,2,0.132800
case4,29,5000,3,0.204800
case4,29,5000,4,0.267000
case4,29,5000,5,0.325000
case4,29,5100,1,0.070196
case4,29,5100,2,0.133137
case4,29,5100,3,0.205882
case4,29,5100,4,0.266667
case4,29,5100,5,0.324118
case4,29,5200,1,0.069615
case4,29,5200,2,0.134423
case4,29,5200,3,0.205000
case4,29,5200,4,0.266538
case4,29,5200,5,0.324423
case4,29,5300,1,0.070189
case4,29,5300,2,0.134906
case4,29,5300,3,0.205472
case4,29,5300,4,0.265849
case4,29,5300,5,0.323585
case4,29,5400,1,0.070556
case4,29,5400,2,0.134444
case4,29,5400,3,0.205370
case4,29,5400,4,0.265926
case4,29,5400,5,0.323704
case4,29,5500,1,0.071273
case4,29,5500,2,0.134545
case4,29,5500,3,0.204727
case4,29,5500,4,0.264182
case4,29,5500,5,0.325273
case4,29,5600,1,0.071607
case4,29,5600,2,0.133750
case4,29,5600,3,0.204286
case4,29,5600,4,0.264286
case4,29,5600,5,0.326071
case4,29,5700,1,0.072456
case4,29,5700,2,0.133509
case4,29,5700,3,0.204912
case4,29,5700,4,0.263509
case4,29,5700,5,0.325614
case4,29,5800,1,0.072241
case4,29,5800,2,0.133793
case4,29,5800,3,0.203793
case4,29,5800,4,0.264310
case4,29,5800,5,0.325862
case4,29,5900,1,0.072373
case4,29,5900,2,0.133220
case4,29,5900,3,0.203898
case4,29,5900,4,0.263729
case4,29,5900,5,0.326780
case4,29,6000,1,0.072500
case4,29,6000,2,0.133667
case4,29,6000,3,0.203667
case4,29,6000,4,0.262500
case4,29,6000,5,0.327667
case4,29,6100,1,0.072295
case4,29,6100,2,0.132787
case4,29,6100,3,0.204590
case4,29,6100,4,0.262787
case4,29,6100,5,0.327541
case4,29,6200,1,0.071935
case4,29,6200,2,0.133387
case4,29,6200,3,0.204355
case4,29,6200,4,0.262742
case4,29,6200,5,0.327581
case4,29,6300,1,0.072063
case4,29,6300,2,0.134444
case4,29,6300,3,0.203333
case4,29,6300,4,0.262857
case4,29,6300,5,0.327302
case4,29,6400,1,0.071719
case4,29,6400,2,0.133906
case4,29,6400,3,0.204219
case4,29,6400,4,0.263750
case4,29,6400,5,0.326406
case4,29,6500,1,0.071231
case4,29,6500,2,0.133385
case4,29,6500,3,0.203231
case4,29,6500,4,0.263385
case4,29,6500,5,0.328769
case4,29,6600,1,0.070606
case4,29,6600,2,0.132879
case4,29,6600,3,0.202727
case4,29,6600,4,0.263939
case4,29,6600,5,0.329848
case4,29,6700,1,0.070746
case4,29,6700,2,0.132687
case4,29,6700,3,0.203134
case4,29,6700,4,0.264030
case4,29,6700,5,0.329403
case4,29,6800,1,0.070441
case4,29,6800,2,0.132206
case4,29,6800,3,0.203529
case4,29,6800,4,0.264706
case4,29,6800,5,0.329118
case4,29,6900,1,0.070290
case4,29,6900,2,0.132754
case4,29,6900,3,0.202899
case4,29,6900,4,0.264638
case4,29,6900,5,0.329420
case4,29,7000,1,0.069857
case4,29,7000,2,0.132714
case4,29,7000,3,0.203143
case4,29,7000,4,0.264857
case4,29,7000,5,0.329429
case4,29,7100,1,0.069859
case4,29,7100,2,0.132535
case4,29,7100,3,0.202113
case4,29,7100,4,0.266338
case4,29,7100,5,0.329155
case4,29,7200,1,0.069583
case4,29,7200,2,0.133333
case4,29,7200,3,0.201806
case4,29,7200,4,0.266250
case4,29,7200,5,0.329028
case4,29,7300,1,0.069726
case4,29,7300,2,0.133562
case4,29,7300,3,0.201370
case4,29,7300,4,0.265342
case4,29,7300,5,0.330000
case4,29,7400,1,0.070000
case4,29,7400,2,0.133784
case4,29,7400,3,0.201351
case4,29,7400,4,0.265000
case4,29,7400,5,0.329865
case4,29,7500,1,0.069467
case4,29,7500,2,0.132933
case4,29,7500,3,0.201867
case4,29,7500,4,0.265200
case4,29,7500,5,0.330533
case4,29,7600,1,0.069474
case4,29,7600,2,0.133158
case4,29,7600,3,0.202105
case4,29,7600,4,0.264342
case4,29,7600,5,0.330921
case4,29,7700,1,0.069610
case4,29,7700,2,0.133636
case4,29,7700,3,0.201039
case4,29,7700,4,0.264416
case4,29,7700,5,0.331299
case4,29,7800,1,0.069359
case4,29,7800,2,0.133462
case4,29,7800,3,0.202179
case4,29,7800,4,0.263462
case4,29,7800,5,0.331538
case4,29,7900,1,0.069620
case4,29,7900,2,0.134051
case4,29,7900,3,0.202278
case4,29,7900,4,0.263165
case4,29,7900,5,0.330886
case4,29,8000,1,0.069375
case4,29,8000,2,0.134750
case4,29,8000,3,0.202000
case4,29,8000,4,0.263250
case4,29,8000,5,0.330625
case4,29,8100,1,0.070123
case4,29,8100,2,0.135185
case4,29,8100,3,0.201235
case4,29,8100,4,0.262840
case4,29,8100,5,0.330617
case4,29,8200,1,0.070000
case4,29,8200,2,0.135000
case4,29,8200,3,0.200854
case4,29,8200,4,0.264024
case4,29,8200,5,0.330122
case4,29,8300,1,0.069518
case4,29,8300,2,0.134458
case4,29,8300,3,0.200723
case4,29,8300,4,0.263976
case4,29,8300,5,0.331325
case4,29,8400,1,0.069762
case4,29,8400,2,0.133810
case4,29,8400,3,0.200833
case4,29,8400,4,0.264643
case4,29,8400,5,0.330952
case4,29,8500,1,0.070235
case4,29,8500,2,0.134235
case4,29,8500,3,0.200235
case4,29,8500,4,0.265059
case4,29,8500,5,0.330235
case4,29,8600,1,0.070116
case4,29,8600,2,0.134419
case4,29,8600,3,0.199186
case4,29,8600,4,0.265465
case4,29,8600,5,0.330814
case4,29,8700,1,0.070575
case4,29,8700,2,0.135287
case4,29,8700,3,0.199080
case4,29,8700,4,0.264713
case4,29,8700,5,0.330345
case4,29,8800,1,0.070795
case4,29,8800,2,0.135341
case4,29,8800,3,0.199091
case4,29,8800,4,0.264659
case4,29,8800,5,0.330114
case4,29,8900,1,0.071011
case4,29,8900,2,0.135169
case4,29,8900,3,0.199551
case4,29,8900,4,0.265056
case4,29,8900,5,0.329213
case4,29,9000,1,0.070778
case4,29,9000,2,0.134222
case4,29,9000,3,0.200444
case4,29,9000,4,0.265222
case4,29,9000,5,0.329333
case4,29,9100,1,0.071209
case4,29,9100,2,0.134066
case4,29,9100,3,0.200440
case4,29,9100,4,0.264505
case4,29,9100,5,0.329780
case4,29,9200,1,0.071522
case4,29,9200,2,0.133804
case4,29,9200,3,0.200870
case4,29,9200,4,0.264783
case4,29,9200,5,0.329022
case4,29,9300,1,0.071398
case4,29,9300,2,0.133978
case4,29,9300,3,0.200538
case4,29,9300,4,0.264839
case4,29,9300,5,0.329247
case4,29,9400,1,0.071383
case4,29,9400,2,0.133830
case4,29,9400,3,0.200532
case4,29,9400,4,0.265426
case4,29,9400,5,0.328830
case4,29,9500,1,0.071474
case4,29,9500,2,0.134211
case4,29,9500,3,0.200000
case4,29,9500,4,0.265263
case4,29,9500,5,0.329053
case4,29,9600,1,0.071354
case4,29,9600,2,0.134583
case4,29,9600,3,0.200313
case4,29,9600,4,0.265104
case4,29,9600,5,0.328646
case4,29,9700,1,0.071443
case4,29,9700,2,0.133918
case4,29,9700,3,0.200103
case4,29,9700,4,0.266186
case4,29,9700,5,0.328351
case4,29,9800,1,0.071327
case4,29,9800,2,0.134082
case4,29,9800,3,0.200510
case4,29,9800,4,0.265816
case4,29,9800,5,0.328265
case4,29,9900,1,0.071313
case4,29,9900,2,0.133535
case4,29,9900,3,0.200909
case4,29,9900,4,0.265758
case4,29,9900,5,0.328485
case4,29,10000,1,0.071100
case4,29,10000,2,0.133500
case4,29,10000,3,0.200600
case4,29,10000,4,0.265700
case4,29,10000,5,0.329100
case4,30,100,1,0.050000
case4,30,100,2,0.150000
case4,30,100,3,0.180000
case4,30,100,4,0.290000
case4,30,100,5,0.330000
case4,30,200,1,0.040000
case4,30,200,2,0.155000
case4,30,200,3,0.210000
case4,30,200,4,0.305000
case4,30,200,5,0.290000
case4,30,300,1,0.056667
case4,30,300,2,0.160000
case4,30,300,3,0.196667
case4,30,300,4,0.286667
case4,30,300,5,0.300000
case4,30,400,1,0.060000
case4,30,400,2,0.147500
case4,30,400,3,0.197500
case4,30,400,4,0.265000
case4,30,400,5,0.330000
case4,30,500,1,0.066000
case4,30,500,2,0.134000
case4,30,500,3,0.206000
case4,30,500,4,0.260000
case4,30,500,5,0.334000
case4,30,600,1,0.065000
case4,30,600,2,0.130000
case4,30,600,3,0.215000
case4,30,600,4,0.250000
case4,30,600,5,0.340000
case4,30,700,1,0.071429
case4,30,700,2,0.128571
case4,30,700,3,0.212857
case4,30,700,4,0.250000
case4,30,700,5,0.337143
case4,30,800,1,0.075000
case4,30,800,2,0.125000
case4,30,800,3,0.217500
case4,30,800,4,0.246250
case4,30,800,5,0.336250
case4,30,900,1,0.067778
case4,30,900,2,0.124444
case4,30,900,3,0.221111
case4,30,900,4,0.243333
case4,30,900,5,0.343333
case4,30,1000,1,0.069000
case4,30,1000,2,0.126000
case4,30,1000,3,0.224000
case4,30,1000,4,0.246000
case4,30,1000,5,0.335000
case4,30,1100,1,0.073636
case4,30,1100,2,0.124545
case4,30,1100,3,0.217273
case4,30,1100,4,0.247273
case4,30,1100,5,0.337273
case4,30,1200,1,0.072500
case4,30,1200,2,0.121667
case4,30,1200,3,0.222500
case4,30,1200,4,0.248333
case4,30,1200,5,0.335000
case4,30,1300,1,0.070000
case4,30,1300,2,0.126923
case4,30,1300,3,0.223846
case4,30,1300,4,0.246923
case4,30,1300,5,0.332308
case4,30,1400,1,0.067857
case4,30,1400,2,0.127857
case4,30,1400,3,0.224286
case4,30,1400,4,0.247143
case4,30,1400,5,0.332857
case4,30,1500,1,0.068000
case4,30,1500,2,0.127333
case4,30,1500,3,0.223333
case4,30,1500,4,0.250000
case4,30,1500,5,0.331333
case4,30,1600,1,0.067500
case4,30,1600,2,0.126875
case4,30,1600,3,0.223125
case4,30,1600,4,0.253125
case4,30,1600,5,0.329375
case4,30,1700,1,0.066471
case4,30,1700,2,0.125882
case4,30,1700,3,0.223529
case4,30,1700,4,0.252353
case4,30,1700,5,0.331765
case4,30,1800,1,0.067222
case4,30,1800,2,0.127778
case4,30,1800,3,0.216111
case4,30,1800,4,0.253889
case4,30,1800,5,0.335000
case4,30,1900,1,0.068421
case4,30,1900,2,0.126842
case4,30,1900,3,0.214211
case4,30,1900,4,0.252632
case4,30,1900,5,0.337895
case4,30,2000,1,0.069000
case4,30,2000,2,0.127500
case4,30,2000,3,0.214000
case4,30,2000,4,0.253000
case4,30,2000,5,0.336500
case4,30,2100,1,0.070952
case4,30,2100,2,0.125714
case4,30,2100,3,0.217143
case4,30,2100,4,0.252381
case4,30,2100,5,0.333810
case4,30,2200,1,0.070909
case4,30,2200,2,0.124091
case4,30,2200,3,0.218182
case4,30,2200,4,0.253636
case4,30,2200,5,0.333182
case4,30,2300,1,0.071739
case4,30,2300,2,0.121304
case4,30,2300,3,0.220435
case4,30,2300,4,0.254783
case4,30,2300,5,0.331739
case4,30,2400,1,0.072083
case4,30,2400,2,0.122500
case4,30,2400,3,0.217083
case4,30,2400,4,0.259583
case4,30,2400,5,0.328750
case4,30,2500,1,0.071200
case4,30,2500,2,0.124000
case4,30,2500,3,0.216400
case4,30,2500,4,0.260000
case4,30,2500,5,0.328400
case4,30,2600,1,0.071154
case4,30,2600,2,0.125385
case4,30,2600,3,0.215385
case4,30,2600,4,0.259231
case4,30,2600,5,0.328846
case4,30,2700,1,0.071111
case4,30,2700,2,0.126296
case4,30,2700,3,0.212222
case4,30,2700,4,0.260000
case4,30,2700,5,0.330370
case4,30,2800,1,0.070714
case4,30,2800,2,0.125357
case4,30,2800,3,0.213214
case4,30,2800,4,0.261071
case4,30,2800,5,0.329643
case4,30,2900,1,0.070690
case4,30,2900,2,0.125517
case4,30,2900,3,0.212069
case4,30,2900,4,0.260345
case4,30,2900,5,0.331379
case4,30,3000,1,0.070333
case4,30,3000,2,0.126000
case4,30,3000,3,0.211000
case4,30,3000,4,0.261000
case4,30,3000,5,0.331667
case4,30,3100,1,0.070000
case4,30,3100,2,0.129677
case4,30,3100,3,0.209032
case4,30,3100,4,0.259677
case4,30,3100,5,0.331613
case4,30,3200,1,0.068750
case4,30,3200,2,0.128750
case4,30,3200,3,0.210938
case4,30,3200,4,0.260000
case4,30,3200,5,0.331562
case4,30,3300,1,0.068485
case4,30,3300,2,0.129091
case4,30,3300,3,0.209394
case4,30,3300,4,0.259091
case4,30,3300,5,0.333939
case4,30,3400,1,0.067941
case4,30,3400,2,0.129118
case4,30,3400,3,0.210294
case4,30,3400,4,0.256765
case4,30,3400,5,0.335882
case4,30,3500,1,0.068286
case4,30,3500,2,0.129714
case4,30,3500,3,0.208000
case4,30,3500,4,0.257429
case4,30,3500,5,0.336571
case4,30,3600,1,0.069167
case4,30,3600,2,0.128611
case4,30,3600,3,0.210556
case4,30,3600,4,0.257500
case4,30,3600,5,0.334167
case4,30,3700,1,0.068919
case4,30,3700,2,0.127027
case4,30,3700,3,0.209189
case4,30,3700,4,0.257568
case4,30,3700,5,0.337297
case4,30,3800,1,0.068421
case4,30,3800,2,0.126053
case4,30,3800,3,0.210263
case4,30,3800,4,0.256053
case4,30,3800,5,0.339211
case4,30,3900,1,0.067949
case4,30,3900,2,0.126154
case4,30,3900,3,0.209744
case4,30,3900,4,0.256667
case4,30,3900,5,0.339487
case4,30,4000,1,0.067750
case4,30,4000,2,0.126750
case4,30,4000,3,0.209750
case4,30,4000,4,0.256250
case4,30,4000,5,0.339500
case4,30,4100,1,0.068049
case4,30,4100,2,0.127561
case4,30,4100,3,0.208780
case4,30,4100,4,0.257317
case4,30,4100,5,0.338293
case4,30,4200,1,0.067619
case4,30,4200,2,0.127857
case4,30,4200,3,0.208571
case4,30,4200,4,0.257381
case4,30,4200,5,0.338571
case4,30,4300,1,0.068605
case4,30,4300,2,0.126977
case4,30,4300,3,0.206977
case4,30,4300,4,0.259302
case4,30,4300,5,0.338140
case4,30,4400,1,0.067955
case4,30,4400,2,0.127273
case4,30,4400,3,0.206136
case4,30,4400,4,0.259773
case4,30,4400,5,0.338864
case4,30,4500,1,0.067111
case4,30,4500,2,0.128000
case4,30,4500,3,0.206000
case4,30,4500,4,0.260667
case4,30,4500,5,0.338222
case4,30,4600,1,0.067174
case4,30,4600,2,0.128696
case4,30,4600,3,0.207174
case4,30,4600,4,0.259348
case4,30,4600,5,0.337609
case4,30,4700,1,0.066596
case4,30,4700,2,0.128936
case4,30,4700,3,0.207447
case4,30,4700,4,0.260426
case4,30,4700,5,0.336596
case4,30,4800,1,0.066667
case4,30,4800,2,0.129375
case4,30,4800,3,0.207292
case4,30,4800,4,0.261250
case4,30,4800,5,0.335417
case4,30,4900,1,0.066122
case4,30,4900,2,0.129388
case4,30,4900,3,0.207755
case4,30,4900,4,0.261224
case4,30,4900,5,0.335510
case4,30,5000,1,0.065600
case4,30,5000,2,0.130000
case4,30,5000,3,0.207200
case4,30,5000,4,0.261800
case4,30,5000,5,0.335400
case4,30,5100,1,0.066078
case4,30,5100,2,0.128627
case4,30,5100,3,0.207843
case4,30,5100,4,0.261569
case4,30,5100,5,0.335882
case4,30,5200,1,0.065769
case4,30,5200,2,0.128654
case4,30,5200,3,0.208846
case4,30,5200,4,0.260769
case4,30,5200,5,0.335962
case4,30,5300,1,0.065472
case4,30,5300,2,0.129434
case4,30,5300,3,0.208491
case4,30,5300,4,0.260189
case4,30,5300,5,0.336415
case4,30,5400,1,0.065000
case4,30,5400,2,0.131111
case4,30,5400,3,0.208519
case4,30,5400,4,0.259259
case4,30,5400,5,0.336111
case4,30,5500,1,0.064727
case4,30,5500,2,0.131273
case4,30,5500,3,0.209273
case4,30,5500,4,0.258909
case4,30,5500,5,0.335818
case4,30,5600,1,0.063929
case4,30,5600,2,0.131786
case4,30,5600,3,0.209821
case4,30,5600,4,0.258929
case4,30,5600,5,0.335536
case4,30,5700,1,0.063333
case4,30,5700,2,0.131754
case4,30,5700,3,0.209649
case4,30,5700,4,0.258947
case4,30,5700,5,0.336316
case4,30,5800,1,0.063966
case4,30,5800,2,0.130862
case4,30,5800,3,0.209655
case4,30,5800,4,0.260000
case4,30,5800,5,0.335517
case4,30,5900,1,0.063898
case4,30,5900,2,0.130169
case4,30,5900,3,0.209153
case4,30,5900,4,0.260339
case4,30,5900,5,0.336441
case4,30,6000,1,0.064167
case4,30,6000,2,0.130833
case4,30,6000,3,0.208500
case4,30,6000,4,0.260667
case4,30,6000,5,0.335833
case4,30,6100,1,0.064098
case4,30,6100,2,0.130656
case4,30,6100,3,0.208197
case4,30,6100,4,0.260820
case4,30,6100,5,0.336230
case4,30,6200,1,0.063871
case4,30,6200,2,0.131129
case4,30,6200,3,0.208871
case4,30,6200,4,0.260161
case4,30,6200,5,0.335968
case4,30,6300,1,0.063492
case4,30,6300,2,0.131905
case4,30,6300,3,0.209206
case4,30,6300,4,0.259365
case4,30,6300,5,0.336032
case4,30,6400,1,0.063125
case4,30,6400,2,0.131719
case4,30,6400,3,0.209063
case4,30,6400,4,0.260000
case4,30,6400,5,0.336094
case4,30,6500,1,0.062923
case4,30,6500,2,0.131077
case4,30,6500,3,0.210000
case4,30,6500,4,0.260308
case4,30,6500,5,0.335692
case4,30,6600,1,0.062727
case4,30,6600,2,0.130455
case4,30,6600,3,0.210000
case4,30,6600,4,0.259848
case4,30,6600,5,0.336970
case4,30,6700,1,0.062985
case4,30,6700,2,0.130000
case4,30,6700,3,0.210149
case4,30,6700,4,0.259701
case4,30,6700,5,0.337164
case4,30,6800,1,0.062941
case4,30,6800,2,0.129706
case4,30,6800,3,0.209412
case4,30,6800,4,0.259853
case4,30,6800,5,0.338088
case4,30,6900,1,0.063188
case4,30,6900,2,0.129565
case4,30,6900,3,0.208841
case4,30,6900,4,0.260435
case4,30,6900,5,0.337971
case4,30,7000,1,0.062857
case4,30,7000,2,0.129286
case4,30,7000,3,0.209714
case4,30,7000,4,0.261429
case4,30,7000,5,0.336714
case4,30,7100,1,0.062535
case4,30,7100,2,0.130423
case4,30,7100,3,0.209859
case4,30,7100,4,0.260563
case4,30,7100,5,0.336620
case4,30,7200,1,0.062639
case4,30,7200,2,0.130417
case4,30,7200,3,0.210278
case4,30,7200,4,0.260278
case4,30,7200,5,0.336389
case4,30,7300,1,0.062192
case4,30,7300,2,0.129863
case4,30,7300,3,0.210137
case4,30,7300,4,0.260548
case4,30,7300,5,0.337260
case4,30,7400,1,0.061892
case4,30,7400,2,0.129730
case4,30,7400,3,0.210270
case4,30,7400,4,0.259865
case4,30,7400,5,0.338243
case4,30,7500,1,0.061733
case4,30,7500,2,0.129867
case4,30,7500,3,0.209733
case4,30,7500,4,0.260533
case4,30,7500,5,0.338133
case4,30,7600,1,0.061711
case4,30,7600,2,0.129737
case4,30,7600,3,0.209342
case4,30,7600,4,0.261316
case4,30,7600,5,0.337895
case4,30,7700,1,0.061948
case4,30,7700,2,0.129740
case4,30,7700,3,0.208961
case4,30,7700,4,0.262078
case4,30,7700,5,0.337273
case4,30,7800,1,0.062051
case4,30,7800,2,0.129487
case4,30,7800,3,0.208846
case4,30,7800,4,0.261410
case4,30,7800,5,0.338205
case4,30,7900,1,0.061646
case4,30,7900,2,0.129747
case4,30,7900,3,0.208481
case4,30,7900,4,0.261899
case4,30,7900,5,0.338228
case4,30,8000,1,0.061875
case4,30,8000,2,0.129375
case4,30,8000,3,0.208625
case4,30,8000,4,0.262750
case4,30,8000,5,0.337375
case4,30,8100,1,0.061852
case4,30,8100,2,0.129136
case4,30,8100,3,0.208642
case4,30,8100,4,0.262716
case4,30,8100,5,0.337654
case4,30,8200,1,0.061585
case4,30,8200,2,0.129512
case4,30,8200,3,0.208171
case4,30,8200,4,0.263415
case4,30,8200,5,0.337317
case4,30,8300,1,0.062169
case4,30,8300,2,0.128675
case4,30,8300,3,0.208554
case4,30,8300,4,0.264578
case4,30,8300,5,0.336024
case4,30,8400,1,0.061905
case4,30,8400,2,0.128333
case4,30,8400,3,0.208452
case4,30,8400,4,0.264643
case4,30,8400,5,0.336667
case4,30,8500,1,0.062824
case4,30,8500,2,0.127647
case4,30,8500,3,0.208471
case4,30,8500,4,0.264706
case4,30,8500,5,0.336353
case4,30,8600,1,0.062907
case4,30,8600,2,0.127442
case4,30,8600,3,0.209302
case4,30,8600,4,0.264186
case4,30,8600,5,0.336163
case4,30,8700,1,0.063448
case4,30,8700,2,0.127126
case4,30,8700,3,0.208621
case4,30,8700,4,0.264828
case4,30,8700,5,0.335977
case4,30,8800,1,0.063068
case4,30,8800,2,0.127045
case4,30,8800,3,0.208409
case4,30,8800,4,0.265455
case4,30,8800,5,0.336023
case4,30,8900,1,0.063596
case4,30,8900,2,0.126742
case4,30,8900,3,0.207978
case4,30,8900,4,0.266292
case4,30,8900,5,0.335393
case4,30,9000,1,0.063778
case4,30,9000,2,0.127556
case4,30,9000,3,0.207333
case4,30,9000,4,0.265889
case4,30,9000,5,0.335444
case4,30,9100,1,0.063626
case4,30,9100,2,0.127363
case4,30,9100,3,0.207033
case4,30,9100,4,0.266923
case4,30,9100,5,0.335055
case4,30,9200,1,0.063587
case4,30,9200,2,0.126957
case4,30,9200,3,0.206957
case4,30,9200,4,0.268152
case4,30,9200,5,0.334348
case4,30,9300,1,0.063978
case4,30,9300,2,0.126667
case4,30,9300,3,0.206882
case4,30,9300,4,0.267634
case4,30,9300,5,0.334839
case4,30,9400,1,0.064043
case4,30,9400,2,0.126383
case4,30,9400,3,0.207553
case4,30,9400,4,0.267128
case4,30,9400,5,0.334894
case4,30,9500,1,0.065053
case4,30,9500,2,0.126105
case4,30,9500,3,0.207474
case4,30,9500,4,0.266947
case4,30,9500,5,0.334421
case4,30,9600,1,0.064896
case4,30,9600,2,0.126250
case4,30,9600,3,0.207292
case4,30,9600,4,0.266562
case4,30,9600,5,0.335000
case4,30,9700,1,0.064742
case4,30,9700,2,0.126907
case4,30,9700,3,0.207526
case4,30,9700,4,0.266186
case4,30,9700,5,0.334639
case4,30,9800,1,0.064898
case4,30,9800,2,0.126837
case4,30,9800,3,0.207041
case4,30,9800,4,0.266020
case4,30,9800,5,0.335204
case4,30,9900,1,0.064646
case4,30,9900,2,0.127475
case4,30,9900,3,0.206970
case4,30,9900,4,0.266162
case4,30,9900,5,0.334747
case4,30,10000,1,0.064300
case4,30,10000,2,0.127800
case4,30,10000,3,0.206700
case4,30,10000,4,0.265900
case4,30,10000,5,0.335300
